query_date,outbound_date,return_date,leg,airline,departure,arrival,duration,stops,price,price_type,in_time_window,is_best,current_price_level,booking_url
2026-09-05,2026-12-17,2026-12-23,outbound,STARLUX Airlines,"10:10 AM on Thu, Dec 17","2:20 PM on Thu, Dec 17",3 hr 10 min,0,NT$13834,round_trip,TRUE,FALSE,typical,https://www.google.com/travel/flights?tfs=GhwSCjIwMjYtMTItMTcoAGoFEgNUUEVyBRIDTlJUGhwSCjIwMjYtMTItMjMoAGoFEgNOUlRyBRIDVFBFQgEBSAGYAQE=
2026-09-05,2026-12-17,2026-12-23,outbound,China Airlines,"4:25 PM on Thu, Dec 17","8:30 PM on Thu, Dec 17",3 hr 5 min,0,NT$14168,round_trip,FALSE,FALSE,typical,https://www.google.com/travel/flights?tfs=GhwSCjIwMjYtMTItMTcoAGoFEgNUUEVyBRIDTlJUGhwSCjIwMjYtMTItMjMoAGoFEgNOUlRyBRIDVFBFQgEBSAGYAQE=
2026-09-05,2026-12-17,2026-12-23,outbound,STARLUX Airlines,"8:25 AM on Thu, Dec 17","12:35 PM on Thu, Dec 17",3 hr 10 min,0,NT$14380,round_trip,TRUE,FALSE,typical,https://www.google.com/travel/flights?tfs=GhwSCjIwMjYtMTItMTcoAGoFEgNUUEVyBRIDTlJUGhwSCjIwMjYtMTItMjMoAGoFEgNOUlRyBRIDVFBFQgEBSAGYAQE=
2026-09-05,2026-12-17,2026-12-23,outbound,Cathay Pacific,"12:50 PM on Thu, Dec 17","4:50 PM on Thu, Dec 17",3 hr,0,NT$14438,round_trip,TRUE,FALSE,typical,https://www.google.com/travel/flights?tfs=GhwSCjIwMjYtMTItMTcoAGoFEgNUUEVyBRIDTlJUGhwSCjIwMjYtMTItMjMoAGoFEgNOUlRyBRIDVFBFQgEBSAGYAQE=
2026-09-05,2026-12-17,2026-12-23,outbound,China Airlines,"2:25 PM on Thu, Dec 17","6:30 PM on Thu, Dec 17",3 hr 5 min,0,NT$15066,round_trip,FALSE,FALSE,typical,https://www.google.com/travel/flights?tfs=GhwSCjIwMjYtMTItMTcoAGoFEgNUUEVyBRIDTlJUGhwSCjIwMjYtMTItMjMoAGoFEgNOUlRyBRIDVFBFQgEBSAGYAQE=
2026-09-05,2026-12-17,2026-12-23,outbound,China Airlines,"9:30 AM on Thu, Dec 17","1:30 PM on Thu, Dec 17",3 hr,0,NT$16065,round_trip,TRUE,FALSE,typical,https://www.google.com/travel/flights?tfs=GhwSCjIwMjYtMTItMTcoAGoFEgNUUEVyBRIDTlJUGhwSCjIwMjYtMTItMjMoAGoFEgNOUlRyBRIDVFBFQgEBSAGYAQE=
2026-09-05,2026-12-17,2026-12-23,outbound,EVA Air,"8:50 AM on Thu, Dec 17","12:55 PM on Thu, Dec 17",3 hr 5 min,0,NT$16251,round_trip,TRUE,FALSE,typical,https://www.google.com/travel/flights?tfs=GhwSCjIwMjYtMTItMTcoAGoFEgNUUEVyBRIDTlJUGhwSCjIwMjYtMTItMjMoAGoFEgNOUlRyBRIDVFBFQgEBSAGYAQE=
2026-09-05,2026-12-17,2026-12-23,outbound,EVA Air,"3:20 PM on Thu, Dec 17","7:20 PM on Thu, Dec 17",3 hr,0,NT$16251,round_trip,FALSE,FALSE,typical,https://www.google.com/travel/flights?tfs=GhwSCjIwMjYtMTItMTcoAGoFEgNUUEVyBRIDTlJUGhwSCjIwMjYtMTItMjMoAGoFEgNOUlRyBRIDVFBFQgEBSAGYAQE=
2026-09-05,2026-12-17,2026-12-23,outbound,China Airlines,"12:35 PM on Thu, Dec 17","4:35 PM on Thu, Dec 17",3 hr,0,NT$16377,round_trip,TRUE,FALSE,typical,https://www.google.com/travel/flights?tfs=GhwSCjIwMjYtMTItMTcoAGoFEgNUUEVyBRIDTlJUGhwSCjIwMjYtMTItMjMoAGoFEgNOUlRyBRIDVFBFQgEBSAGYAQE=
2026-09-05,2026-12-17,2026-12-23,outbound,STARLUX Airlines,"3:00 PM on Thu, Dec 17","7:00 PM on Thu, Dec 17",3 hr,0,NT$16689,round_trip,FALSE,FALSE,typical,https://www.google.com/travel/flights?tfs=GhwSCjIwMjYtMTItMTcoAGoFEgNUUEVyBRIDTlJUGhwSCjIwMjYtMTItMjMoAGoFEgNOUlRyBRIDVFBFQgEBSAGYAQE=
2026-09-05,2026-12-17,2026-12-23,outbound,JAL,"10:55 AM on Thu, Dec 17","2:55 PM on Thu, Dec 17",3 hr,0,NT$16702,round_trip,TRUE,FALSE,typical,https://www.google.com/travel/flights?tfs=GhwSCjIwMjYtMTItMTcoAGoFEgNUUEVyBRIDTlJUGhwSCjIwMjYtMTItMjMoAGoFEgNOUlRyBRIDVFBFQgEBSAGYAQE=
2026-09-05,2026-12-17,2026-12-23,return,EVA Air,"1:00 PM on Wed, Dec 23","4:05 PM on Wed, Dec 23",4 hr 5 min,0,NT$7372,one_way,FALSE,TRUE,typical,https://www.google.com/travel/flights?tfs=GhwSCjIwMjYtMTItMjMoAGoFEgNOUlRyBRIDVFBFQgEBSAGYAQI=
2026-09-05,2026-12-17,2026-12-23,return,STARLUX Airlines,"1:45 PM on Wed, Dec 23","4:50 PM on Wed, Dec 23",4 hr 5 min,0,NT$7661,one_way,FALSE,TRUE,typical,https://www.google.com/travel/flights?tfs=GhwSCjIwMjYtMTItMjMoAGoFEgNOUlRyBRIDVFBFQgEBSAGYAQI=
2026-09-05,2026-12-17,2026-12-23,return,China Airlines,"9:20 AM on Wed, Dec 23","12:30 PM on Wed, Dec 23",4 hr 10 min,0,NT$7965,one_way,FALSE,FALSE,typical,https://www.google.com/travel/flights?tfs=GhwSCjIwMjYtMTItMjMoAGoFEgNOUlRyBRIDVFBFQgEBSAGYAQI=
2026-09-05,2026-12-17,2026-12-23,return,EVA Air,"2:00 PM on Wed, Dec 23","5:05 PM on Wed, Dec 23",4 hr 5 min,0,NT$9051,one_way,FALSE,FALSE,typical,https://www.google.com/travel/flights?tfs=GhwSCjIwMjYtMTItMjMoAGoFEgNOUlRyBRIDVFBFQgEBSAGYAQI=
2026-09-05,2026-12-17,2026-12-23,return,EVA Air,"8:20 PM on Wed, Dec 23","11:25 PM on Wed, Dec 23",4 hr 5 min,0,NT$9051,one_way,TRUE,FALSE,typical,https://www.google.com/travel/flights?tfs=GhwSCjIwMjYtMTItMjMoAGoFEgNOUlRyBRIDVFBFQgEBSAGYAQI=
2026-09-05,2026-12-17,2026-12-23,return,Cathay Pacific,"3:30 PM on Wed, Dec 23","6:35 PM on Wed, Dec 23",4 hr 5 min,0,NT$9703,one_way,FALSE,FALSE,typical,https://www.google.com/travel/flights?tfs=GhwSCjIwMjYtMTItMjMoAGoFEgNOUlRyBRIDVFBFQgEBSAGYAQI=
2026-09-05,2026-12-17,2026-12-23,return,STARLUX Airlines,"3:40 PM on Wed, Dec 23","6:45 PM on Wed, Dec 23",4 hr 5 min,0,NT$9948,one_way,FALSE,FALSE,typical,https://www.google.com/travel/flights?tfs=GhwSCjIwMjYtMTItMjMoAGoFEgNOUlRyBRIDVFBFQgEBSAGYAQI=
2026-09-05,2026-12-17,2026-12-23,return,STARLUX Airlines,"8:10 PM on Wed, Dec 23","11:20 PM on Wed, Dec 23",4 hr 10 min,0,NT$9948,one_way,TRUE,FALSE,typical,https://www.google.com/travel/flights?tfs=GhwSCjIwMjYtMTItMjMoAGoFEgNOUlRyBRIDVFBFQgEBSAGYAQI=
2026-09-05,2026-12-17,2026-12-23,return,China Airlines,"2:35 PM on Wed, Dec 23","5:45 PM on Wed, Dec 23",4 hr 10 min,0,NT$11445,one_way,FALSE,FALSE,typical,https://www.google.com/travel/flights?tfs=GhwSCjIwMjYtMTItMjMoAGoFEgNOUlRyBRIDVFBFQgEBSAGYAQI=
2026-09-05,2026-12-17,2026-12-23,return,China Airlines,"5:45 PM on Wed, Dec 23","8:55 PM on Wed, Dec 23",4 hr 10 min,0,NT$13934,one_way,FALSE,FALSE,typical,https://www.google.com/travel/flights?tfs=GhwSCjIwMjYtMTItMjMoAGoFEgNOUlRyBRIDVFBFQgEBSAGYAQI=
2026-09-05,2026-12-17,2026-12-23,return,China Airlines,"7:30 PM on Wed, Dec 23","10:45 PM on Wed, Dec 23",4 hr 15 min,0,NT$13934,one_way,FALSE,FALSE,typical,https://www.google.com/travel/flights?tfs=GhwSCjIwMjYtMTItMjMoAGoFEgNOUlRyBRIDVFBFQgEBSAGYAQI=
2026-09-05,2026-12-16,2026-12-22,outbound,STARLUX Airlines,"3:00 PM on Wed, Dec 16","7:00 PM on Wed, Dec 16",3 hr,0,NT$12954,round_trip,FALSE,FALSE,typical,https://www.google.com/travel/flights?tfs=GhwSCjIwMjYtMTItMTYoAGoFEgNUUEVyBRIDTlJUGhwSCjIwMjYtMTItMjIoAGoFEgNOUlRyBRIDVFBFQgEBSAGYAQE=
2026-09-05,2026-12-16,2026-12-22,outbound,EVA Air,"3:20 PM on Wed, Dec 16","7:20 PM on Wed, Dec 16",3 hr,0,NT$13292,round_trip,FALSE,FALSE,typical,https://www.google.com/travel/flights?tfs=GhwSCjIwMjYtMTItMTYoAGoFEgNUUEVyBRIDTlJUGhwSCjIwMjYtMTItMjIoAGoFEgNOUlRyBRIDVFBFQgEBSAGYAQE=
2026-09-05,2026-12-16,2026-12-22,outbound,China Airlines,"4:25 PM on Wed, Dec 16","8:30 PM on Wed, Dec 16",3 hr 5 min,0,NT$13835,round_trip,FALSE,FALSE,typical,https://www.google.com/travel/flights?tfs=GhwSCjIwMjYtMTItMTYoAGoFEgNUUEVyBRIDTlJUGhwSCjIwMjYtMTItMjIoAGoFEgNOUlRyBRIDVFBFQgEBSAGYAQE=
2026-09-05,2026-12-16,2026-12-22,outbound,China Airlines,"2:25 PM on Wed, Dec 16","6:30 PM on Wed, Dec 16",3 hr 5 min,0,NT$14147,round_trip,FALSE,FALSE,typical,https://www.google.com/travel/flights?tfs=GhwSCjIwMjYtMTItMTYoAGoFEgNUUEVyBRIDTlJUGhwSCjIwMjYtMTItMjIoAGoFEgNOUlRyBRIDVFBFQgEBSAGYAQE=
2026-09-05,2026-12-16,2026-12-22,outbound,STARLUX Airlines,"8:25 AM on Wed, Dec 16","12:35 PM on Wed, Dec 16",3 hr 10 min,0,NT$14373,round_trip,TRUE,FALSE,typical,https://www.google.com/travel/flights?tfs=GhwSCjIwMjYtMTItMTYoAGoFEgNUUEVyBRIDTlJUGhwSCjIwMjYtMTItMjIoAGoFEgNOUlRyBRIDVFBFQgEBSAGYAQE=
2026-09-05,2026-12-16,2026-12-22,outbound,STARLUX Airlines,"10:10 AM on Wed, Dec 16","2:20 PM on Wed, Dec 16",3 hr 10 min,0,NT$14373,round_trip,TRUE,FALSE,typical,https://www.google.com/travel/flights?tfs=GhwSCjIwMjYtMTItMTYoAGoFEgNUUEVyBRIDTlJUGhwSCjIwMjYtMTItMjIoAGoFEgNOUlRyBRIDVFBFQgEBSAGYAQE=
2026-09-05,2026-12-16,2026-12-22,outbound,Cathay Pacific,"12:50 PM on Wed, Dec 16","4:50 PM on Wed, Dec 16",3 hr,0,NT$14438,round_trip,TRUE,FALSE,typical,https://www.google.com/travel/flights?tfs=GhwSCjIwMjYtMTItMTYoAGoFEgNUUEVyBRIDTlJUGhwSCjIwMjYtMTItMjIoAGoFEgNOUlRyBRIDVFBFQgEBSAGYAQE=
2026-09-05,2026-12-16,2026-12-22,outbound,China Airlines,"12:35 PM on Wed, Dec 16","4:35 PM on Wed, Dec 16",3 hr,0,NT$14771,round_trip,TRUE,FALSE,typical,https://www.google.com/travel/flights?tfs=GhwSCjIwMjYtMTItMTYoAGoFEgNUUEVyBRIDTlJUGhwSCjIwMjYtMTItMjIoAGoFEgNOUlRyBRIDVFBFQgEBSAGYAQE=
2026-09-05,2026-12-16,2026-12-22,outbound,China Airlines,"9:30 AM on Wed, Dec 16","1:30 PM on Wed, Dec 16",3 hr,0,NT$15458,round_trip,TRUE,FALSE,typical,https://www.google.com/travel/flights?tfs=GhwSCjIwMjYtMTItMTYoAGoFEgNUUEVyBRIDTlJUGhwSCjIwMjYtMTItMjIoAGoFEgNOUlRyBRIDVFBFQgEBSAGYAQE=
2026-09-05,2026-12-16,2026-12-22,outbound,EVA Air,"8:50 AM on Wed, Dec 16","12:55 PM on Wed, Dec 16",3 hr 5 min,0,NT$15644,round_trip,TRUE,FALSE,typical,https://www.google.com/travel/flights?tfs=GhwSCjIwMjYtMTItMTYoAGoFEgNUUEVyBRIDTlJUGhwSCjIwMjYtMTItMjIoAGoFEgNOUlRyBRIDVFBFQgEBSAGYAQE=
2026-09-05,2026-12-16,2026-12-22,outbound,JAL,"10:55 AM on Wed, Dec 16","2:55 PM on Wed, Dec 16",3 hr,0,NT$16256,round_trip,TRUE,FALSE,typical,https://www.google.com/travel/flights?tfs=GhwSCjIwMjYtMTItMTYoAGoFEgNUUEVyBRIDTlJUGhwSCjIwMjYtMTItMjIoAGoFEgNOUlRyBRIDVFBFQgEBSAGYAQE=
2026-09-05,2026-12-16,2026-12-22,return,STARLUX Airlines,"1:45 PM on Tue, Dec 22","4:50 PM on Tue, Dec 22",4 hr 5 min,0,NT$7661,one_way,FALSE,TRUE,typical,https://www.google.com/travel/flights?tfs=GhwSCjIwMjYtMTItMjIoAGoFEgNOUlRyBRIDVFBFQgEBSAGYAQI=
2026-09-05,2026-12-16,2026-12-22,return,China Airlines,"9:20 AM on Tue, Dec 22","12:30 PM on Tue, Dec 22",4 hr 10 min,0,NT$7965,one_way,FALSE,FALSE,typical,https://www.google.com/travel/flights?tfs=GhwSCjIwMjYtMTItMjIoAGoFEgNOUlRyBRIDVFBFQgEBSAGYAQI=
2026-09-05,2026-12-16,2026-12-22,return,EVA Air,"1:00 PM on Tue, Dec 22","4:05 PM on Tue, Dec 22",4 hr 5 min,0,NT$9051,one_way,FALSE,FALSE,typical,https://www.google.com/travel/flights?tfs=GhwSCjIwMjYtMTItMjIoAGoFEgNOUlRyBRIDVFBFQgEBSAGYAQI=
2026-09-05,2026-12-16,2026-12-22,return,EVA Air,"2:00 PM on Tue, Dec 22","5:05 PM on Tue, Dec 22",4 hr 5 min,0,NT$9051,one_way,FALSE,FALSE,typical,https://www.google.com/travel/flights?tfs=GhwSCjIwMjYtMTItMjIoAGoFEgNOUlRyBRIDVFBFQgEBSAGYAQI=
2026-09-05,2026-12-16,2026-12-22,return,EVA Air,"8:20 PM on Tue, Dec 22","11:25 PM on Tue, Dec 22",4 hr 5 min,0,NT$9051,one_way,TRUE,FALSE,typical,https://www.google.com/travel/flights?tfs=GhwSCjIwMjYtMTItMjIoAGoFEgNOUlRyBRIDVFBFQgEBSAGYAQI=
2026-09-05,2026-12-16,2026-12-22,return,Cathay Pacific,"3:30 PM on Tue, Dec 22","6:35 PM on Tue, Dec 22",4 hr 5 min,0,NT$9703,one_way,FALSE,FALSE,typical,https://www.google.com/travel/flights?tfs=GhwSCjIwMjYtMTItMjIoAGoFEgNOUlRyBRIDVFBFQgEBSAGYAQI=
2026-09-05,2026-12-16,2026-12-22,return,STARLUX Airlines,"3:40 PM on Tue, Dec 22","6:45 PM on Tue, Dec 22",4 hr 5 min,0,NT$9948,one_way,FALSE,FALSE,typical,https://www.google.com/travel/flights?tfs=GhwSCjIwMjYtMTItMjIoAGoFEgNOUlRyBRIDVFBFQgEBSAGYAQI=
2026-09-05,2026-12-16,2026-12-22,return,STARLUX Airlines,"8:10 PM on Tue, Dec 22","11:20 PM on Tue, Dec 22",4 hr 10 min,0,NT$9948,one_way,TRUE,FALSE,typical,https://www.google.com/travel/flights?tfs=GhwSCjIwMjYtMTItMjIoAGoFEgNOUlRyBRIDVFBFQgEBSAGYAQI=
2026-09-05,2026-12-16,2026-12-22,return,China Airlines,"2:35 PM on Tue, Dec 22","5:45 PM on Tue, Dec 22",4 hr 10 min,0,NT$11445,one_way,FALSE,FALSE,typical,https://www.google.com/travel/flights?tfs=GhwSCjIwMjYtMTItMjIoAGoFEgNOUlRyBRIDVFBFQgEBSAGYAQI=
2026-09-05,2026-12-16,2026-12-22,return,China Airlines,"5:45 PM on Tue, Dec 22","8:55 PM on Tue, Dec 22",4 hr 10 min,0,NT$13934,one_way,FALSE,FALSE,typical,https://www.google.com/travel/flights?tfs=GhwSCjIwMjYtMTItMjIoAGoFEgNOUlRyBRIDVFBFQgEBSAGYAQI=
2026-09-05,2026-12-16,2026-12-22,return,China Airlines,"7:30 PM on Tue, Dec 22","10:45 PM on Tue, Dec 22",4 hr 15 min,0,NT$13934,one_way,FALSE,FALSE,typical,https://www.google.com/travel/flights?tfs=GhwSCjIwMjYtMTItMjIoAGoFEgNOUlRyBRIDVFBFQgEBSAGYAQI=
2026-09-06,2026-12-17,2026-12-23,outbound,STARLUX Airlines,"10:10 AM on Thu, Dec 17","2:20 PM on Thu, Dec 17",3 hr 10 min,0,NT$13834,round_trip,TRUE,FALSE,typical,https://www.google.com/travel/flights?tfs=GhwSCjIwMjYtMTItMTcoAGoFEgNUUEVyBRIDTlJUGhwSCjIwMjYtMTItMjMoAGoFEgNOUlRyBRIDVFBFQgEBSAGYAQE=
2026-09-06,2026-12-17,2026-12-23,outbound,China Airlines,"4:25 PM on Thu, Dec 17","8:30 PM on Thu, Dec 17",3 hr 5 min,0,NT$14168,round_trip,FALSE,FALSE,typical,https://www.google.com/travel/flights?tfs=GhwSCjIwMjYtMTItMTcoAGoFEgNUUEVyBRIDTlJUGhwSCjIwMjYtMTItMjMoAGoFEgNOUlRyBRIDVFBFQgEBSAGYAQE=
2026-09-06,2026-12-17,2026-12-23,outbound,STARLUX Airlines,"8:25 AM on Thu, Dec 17","12:35 PM on Thu, Dec 17",3 hr 10 min,0,NT$14380,round_trip,TRUE,FALSE,typical,https://www.google.com/travel/flights?tfs=GhwSCjIwMjYtMTItMTcoAGoFEgNUUEVyBRIDTlJUGhwSCjIwMjYtMTItMjMoAGoFEgNOUlRyBRIDVFBFQgEBSAGYAQE=
2026-09-06,2026-12-17,2026-12-23,outbound,Cathay Pacific,"12:50 PM on Thu, Dec 17","4:50 PM on Thu, Dec 17",3 hr,0,NT$14438,round_trip,TRUE,FALSE,typical,https://www.google.com/travel/flights?tfs=GhwSCjIwMjYtMTItMTcoAGoFEgNUUEVyBRIDTlJUGhwSCjIwMjYtMTItMjMoAGoFEgNOUlRyBRIDVFBFQgEBSAGYAQE=
2026-09-06,2026-12-17,2026-12-23,outbound,China Airlines,"2:25 PM on Thu, Dec 17","6:30 PM on Thu, Dec 17",3 hr 5 min,0,NT$15066,round_trip,FALSE,FALSE,typical,https://www.google.com/travel/flights?tfs=GhwSCjIwMjYtMTItMTcoAGoFEgNUUEVyBRIDTlJUGhwSCjIwMjYtMTItMjMoAGoFEgNOUlRyBRIDVFBFQgEBSAGYAQE=
2026-09-06,2026-12-17,2026-12-23,outbound,China Airlines,"9:30 AM on Thu, Dec 17","1:30 PM on Thu, Dec 17",3 hr,0,NT$16065,round_trip,TRUE,FALSE,typical,https://www.google.com/travel/flights?tfs=GhwSCjIwMjYtMTItMTcoAGoFEgNUUEVyBRIDTlJUGhwSCjIwMjYtMTItMjMoAGoFEgNOUlRyBRIDVFBFQgEBSAGYAQE=
2026-09-06,2026-12-17,2026-12-23,outbound,EVA Air,"8:50 AM on Thu, Dec 17","12:55 PM on Thu, Dec 17",3 hr 5 min,0,NT$16251,round_trip,TRUE,FALSE,typical,https://www.google.com/travel/flights?tfs=GhwSCjIwMjYtMTItMTcoAGoFEgNUUEVyBRIDTlJUGhwSCjIwMjYtMTItMjMoAGoFEgNOUlRyBRIDVFBFQgEBSAGYAQE=
2026-09-06,2026-12-17,2026-12-23,outbound,EVA Air,"3:20 PM on Thu, Dec 17","7:20 PM on Thu, Dec 17",3 hr,0,NT$16251,round_trip,FALSE,FALSE,typical,https://www.google.com/travel/flights?tfs=GhwSCjIwMjYtMTItMTcoAGoFEgNUUEVyBRIDTlJUGhwSCjIwMjYtMTItMjMoAGoFEgNOUlRyBRIDVFBFQgEBSAGYAQE=
2026-09-06,2026-12-17,2026-12-23,outbound,China Airlines,"12:35 PM on Thu, Dec 17","4:35 PM on Thu, Dec 17",3 hr,0,NT$16377,round_trip,TRUE,FALSE,typical,https://www.google.com/travel/flights?tfs=GhwSCjIwMjYtMTItMTcoAGoFEgNUUEVyBRIDTlJUGhwSCjIwMjYtMTItMjMoAGoFEgNOUlRyBRIDVFBFQgEBSAGYAQE=
2026-09-06,2026-12-17,2026-12-23,outbound,STARLUX Airlines,"3:00 PM on Thu, Dec 17","7:00 PM on Thu, Dec 17",3 hr,0,NT$16689,round_trip,FALSE,FALSE,typical,https://www.google.com/travel/flights?tfs=GhwSCjIwMjYtMTItMTcoAGoFEgNUUEVyBRIDTlJUGhwSCjIwMjYtMTItMjMoAGoFEgNOUlRyBRIDVFBFQgEBSAGYAQE=
2026-09-06,2026-12-17,2026-12-23,outbound,JAL,"10:55 AM on Thu, Dec 17","2:55 PM on Thu, Dec 17",3 hr,0,NT$16702,round_trip,TRUE,FALSE,typical,https://www.google.com/travel/flights?tfs=GhwSCjIwMjYtMTItMTcoAGoFEgNUUEVyBRIDTlJUGhwSCjIwMjYtMTItMjMoAGoFEgNOUlRyBRIDVFBFQgEBSAGYAQE=
2026-09-06,2026-12-17,2026-12-23,return,EVA Air,"1:00 PM on Wed, Dec 23","4:05 PM on Wed, Dec 23",4 hr 5 min,0,NT$7372,one_way,FALSE,TRUE,typical,https://www.google.com/travel/flights?tfs=GhwSCjIwMjYtMTItMjMoAGoFEgNOUlRyBRIDVFBFQgEBSAGYAQI=
2026-09-06,2026-12-17,2026-12-23,return,STARLUX Airlines,"1:45 PM on Wed, Dec 23","4:50 PM on Wed, Dec 23",4 hr 5 min,0,NT$7661,one_way,FALSE,TRUE,typical,https://www.google.com/travel/flights?tfs=GhwSCjIwMjYtMTItMjMoAGoFEgNOUlRyBRIDVFBFQgEBSAGYAQI=
2026-09-06,2026-12-17,2026-12-23,return,China Airlines,"9:20 AM on Wed, Dec 23","12:30 PM on Wed, Dec 23",4 hr 10 min,0,NT$7965,one_way,FALSE,FALSE,typical,https://www.google.com/travel/flights?tfs=GhwSCjIwMjYtMTItMjMoAGoFEgNOUlRyBRIDVFBFQgEBSAGYAQI=
2026-09-06,2026-12-17,2026-12-23,return,EVA Air,"2:00 PM on Wed, Dec 23","5:05 PM on Wed, Dec 23",4 hr 5 min,0,NT$9051,one_way,FALSE,FALSE,typical,https://www.google.com/travel/flights?tfs=GhwSCjIwMjYtMTItMjMoAGoFEgNOUlRyBRIDVFBFQgEBSAGYAQI=
2026-09-06,2026-12-17,2026-12-23,return,EVA Air,"8:20 PM on Wed, Dec 23","11:25 PM on Wed, Dec 23",4 hr 5 min,0,NT$9051,one_way,TRUE,FALSE,typical,https://www.google.com/travel/flights?tfs=GhwSCjIwMjYtMTItMjMoAGoFEgNOUlRyBRIDVFBFQgEBSAGYAQI=
2026-09-06,2026-12-17,2026-12-23,return,Cathay Pacific,"3:30 PM on Wed, Dec 23","6:35 PM on Wed, Dec 23",4 hr 5 min,0,NT$9703,one_way,FALSE,FALSE,typical,https://www.google.com/travel/flights?tfs=GhwSCjIwMjYtMTItMjMoAGoFEgNOUlRyBRIDVFBFQgEBSAGYAQI=
2026-09-06,2026-12-17,2026-12-23,return,STARLUX Airlines,"3:40 PM on Wed, Dec 23","6:45 PM on Wed, Dec 23",4 hr 5 min,0,NT$9948,one_way,FALSE,FALSE,typical,https://www.google.com/travel/flights?tfs=GhwSCjIwMjYtMTItMjMoAGoFEgNOUlRyBRIDVFBFQgEBSAGYAQI=
2026-09-06,2026-12-17,2026-12-23,return,STARLUX Airlines,"8:10 PM on Wed, Dec 23","11:20 PM on Wed, Dec 23",4 hr 10 min,0,NT$9948,one_way,TRUE,FALSE,typical,https://www.google.com/travel/flights?tfs=GhwSCjIwMjYtMTItMjMoAGoFEgNOUlRyBRIDVFBFQgEBSAGYAQI=
2026-09-06,2026-12-17,2026-12-23,return,China Airlines,"2:35 PM on Wed, Dec 23","5:45 PM on Wed, Dec 23",4 hr 10 min,0,NT$11445,one_way,FALSE,FALSE,typical,https://www.google.com/travel/flights?tfs=GhwSCjIwMjYtMTItMjMoAGoFEgNOUlRyBRIDVFBFQgEBSAGYAQI=
2026-09-06,2026-12-17,2026-12-23,return,China Airlines,"5:45 PM on Wed, Dec 23","8:55 PM on Wed, Dec 23",4 hr 10 min,0,NT$13934,one_way,FALSE,FALSE,typical,https://www.google.com/travel/flights?tfs=GhwSCjIwMjYtMTItMjMoAGoFEgNOUlRyBRIDVFBFQgEBSAGYAQI=
2026-09-06,2026-12-17,2026-12-23,return,China Airlines,"7:30 PM on Wed, Dec 23","10:45 PM on Wed, Dec 23",4 hr 15 min,0,NT$13934,one_way,FALSE,FALSE,typical,https://www.google.com/travel/flights?tfs=GhwSCjIwMjYtMTItMjMoAGoFEgNOUlRyBRIDVFBFQgEBSAGYAQI=
2026-09-06,2026-12-16,2026-12-22,outbound,STARLUX Airlines,"3:00 PM on Wed, Dec 16","7:00 PM on Wed, Dec 16",3 hr,0,NT$12954,round_trip,FALSE,FALSE,typical,https://www.google.com/travel/flights?tfs=GhwSCjIwMjYtMTItMTYoAGoFEgNUUEVyBRIDTlJUGhwSCjIwMjYtMTItMjIoAGoFEgNOUlRyBRIDVFBFQgEBSAGYAQE=
2026-09-06,2026-12-16,2026-12-22,outbound,EVA Air,"3:20 PM on Wed, Dec 16","7:20 PM on Wed, Dec 16",3 hr,0,NT$13292,round_trip,FALSE,FALSE,typical,https://www.google.com/travel/flights?tfs=GhwSCjIwMjYtMTItMTYoAGoFEgNUUEVyBRIDTlJUGhwSCjIwMjYtMTItMjIoAGoFEgNOUlRyBRIDVFBFQgEBSAGYAQE=
2026-09-06,2026-12-16,2026-12-22,outbound,China Airlines,"4:25 PM on Wed, Dec 16","8:30 PM on Wed, Dec 16",3 hr 5 min,0,NT$13835,round_trip,FALSE,FALSE,typical,https://www.google.com/travel/flights?tfs=GhwSCjIwMjYtMTItMTYoAGoFEgNUUEVyBRIDTlJUGhwSCjIwMjYtMTItMjIoAGoFEgNOUlRyBRIDVFBFQgEBSAGYAQE=
2026-09-06,2026-12-16,2026-12-22,outbound,STARLUX Airlines,"8:25 AM on Wed, Dec 16","12:35 PM on Wed, Dec 16",3 hr 10 min,0,NT$14373,round_trip,TRUE,FALSE,typical,https://www.google.com/travel/flights?tfs=GhwSCjIwMjYtMTItMTYoAGoFEgNUUEVyBRIDTlJUGhwSCjIwMjYtMTItMjIoAGoFEgNOUlRyBRIDVFBFQgEBSAGYAQE=
2026-09-06,2026-12-16,2026-12-22,outbound,STARLUX Airlines,"10:10 AM on Wed, Dec 16","2:20 PM on Wed, Dec 16",3 hr 10 min,0,NT$14373,round_trip,TRUE,FALSE,typical,https://www.google.com/travel/flights?tfs=GhwSCjIwMjYtMTItMTYoAGoFEgNUUEVyBRIDTlJUGhwSCjIwMjYtMTItMjIoAGoFEgNOUlRyBRIDVFBFQgEBSAGYAQE=
2026-09-06,2026-12-16,2026-12-22,outbound,China Airlines,"2:25 PM on Wed, Dec 16","6:30 PM on Wed, Dec 16",3 hr 5 min,0,NT$14459,round_trip,FALSE,FALSE,typical,https://www.google.com/travel/flights?tfs=GhwSCjIwMjYtMTItMTYoAGoFEgNUUEVyBRIDTlJUGhwSCjIwMjYtMTItMjIoAGoFEgNOUlRyBRIDVFBFQgEBSAGYAQE=
2026-09-06,2026-12-16,2026-12-22,outbound,Cathay Pacific,"12:50 PM on Wed, Dec 16","4:50 PM on Wed, Dec 16",3 hr,0,NT$14699,round_trip,TRUE,FALSE,typical,https://www.google.com/travel/flights?tfs=GhwSCjIwMjYtMTItMTYoAGoFEgNUUEVyBRIDTlJUGhwSCjIwMjYtMTItMjIoAGoFEgNOUlRyBRIDVFBFQgEBSAGYAQE=
2026-09-06,2026-12-16,2026-12-22,outbound,China Airlines,"12:35 PM on Wed, Dec 16","4:35 PM on Wed, Dec 16",3 hr,0,NT$14771,round_trip,TRUE,FALSE,typical,https://www.google.com/travel/flights?tfs=GhwSCjIwMjYtMTItMTYoAGoFEgNUUEVyBRIDTlJUGhwSCjIwMjYtMTItMjIoAGoFEgNOUlRyBRIDVFBFQgEBSAGYAQE=
2026-09-06,2026-12-16,2026-12-22,outbound,China Airlines,"9:30 AM on Wed, Dec 16","1:30 PM on Wed, Dec 16",3 hr,0,NT$15458,round_trip,TRUE,FALSE,typical,https://www.google.com/travel/flights?tfs=GhwSCjIwMjYtMTItMTYoAGoFEgNUUEVyBRIDTlJUGhwSCjIwMjYtMTItMjIoAGoFEgNOUlRyBRIDVFBFQgEBSAGYAQE=
2026-09-06,2026-12-16,2026-12-22,outbound,EVA Air,"8:50 AM on Wed, Dec 16","12:55 PM on Wed, Dec 16",3 hr 5 min,0,NT$15644,round_trip,TRUE,FALSE,typical,https://www.google.com/travel/flights?tfs=GhwSCjIwMjYtMTItMTYoAGoFEgNUUEVyBRIDTlJUGhwSCjIwMjYtMTItMjIoAGoFEgNOUlRyBRIDVFBFQgEBSAGYAQE=
2026-09-06,2026-12-16,2026-12-22,outbound,JAL,"10:55 AM on Wed, Dec 16","2:55 PM on Wed, Dec 16",3 hr,0,NT$16256,round_trip,TRUE,FALSE,typical,https://www.google.com/travel/flights?tfs=GhwSCjIwMjYtMTItMTYoAGoFEgNUUEVyBRIDTlJUGhwSCjIwMjYtMTItMjIoAGoFEgNOUlRyBRIDVFBFQgEBSAGYAQE=
2026-09-06,2026-12-16,2026-12-22,return,STARLUX Airlines,"1:45 PM on Tue, Dec 22","4:50 PM on Tue, Dec 22",4 hr 5 min,0,NT$7661,one_way,FALSE,TRUE,typical,https://www.google.com/travel/flights?tfs=GhwSCjIwMjYtMTItMjIoAGoFEgNOUlRyBRIDVFBFQgEBSAGYAQI=
2026-09-06,2026-12-16,2026-12-22,return,China Airlines,"9:20 AM on Tue, Dec 22","12:30 PM on Tue, Dec 22",4 hr 10 min,0,NT$7965,one_way,FALSE,FALSE,typical,https://www.google.com/travel/flights?tfs=GhwSCjIwMjYtMTItMjIoAGoFEgNOUlRyBRIDVFBFQgEBSAGYAQI=
2026-09-06,2026-12-16,2026-12-22,return,JAL,"6:05 PM on Tue, Dec 22","9:15 PM on Tue, Dec 22",4 hr 10 min,0,NT$8734,one_way,FALSE,FALSE,typical,https://www.google.com/travel/flights?tfs=GhwSCjIwMjYtMTItMjIoAGoFEgNOUlRyBRIDVFBFQgEBSAGYAQI=
2026-09-06,2026-12-16,2026-12-22,return,EVA Air,"1:00 PM on Tue, Dec 22","4:05 PM on Tue, Dec 22",4 hr 5 min,0,NT$9051,one_way,FALSE,FALSE,typical,https://www.google.com/travel/flights?tfs=GhwSCjIwMjYtMTItMjIoAGoFEgNOUlRyBRIDVFBFQgEBSAGYAQI=
2026-09-06,2026-12-16,2026-12-22,return,EVA Air,"2:00 PM on Tue, Dec 22","5:05 PM on Tue, Dec 22",4 hr 5 min,0,NT$9051,one_way,FALSE,FALSE,typical,https://www.google.com/travel/flights?tfs=GhwSCjIwMjYtMTItMjIoAGoFEgNOUlRyBRIDVFBFQgEBSAGYAQI=
2026-09-06,2026-12-16,2026-12-22,return,EVA Air,"8:20 PM on Tue, Dec 22","11:25 PM on Tue, Dec 22",4 hr 5 min,0,NT$9051,one_way,TRUE,FALSE,typical,https://www.google.com/travel/flights?tfs=GhwSCjIwMjYtMTItMjIoAGoFEgNOUlRyBRIDVFBFQgEBSAGYAQI=
2026-09-06,2026-12-16,2026-12-22,return,Cathay Pacific,"3:30 PM on Tue, Dec 22","6:35 PM on Tue, Dec 22",4 hr 5 min,0,NT$9703,one_way,FALSE,FALSE,typical,https://www.google.com/travel/flights?tfs=GhwSCjIwMjYtMTItMjIoAGoFEgNOUlRyBRIDVFBFQgEBSAGYAQI=
2026-09-06,2026-12-16,2026-12-22,return,STARLUX Airlines,"3:40 PM on Tue, Dec 22","6:45 PM on Tue, Dec 22",4 hr 5 min,0,NT$9948,one_way,FALSE,FALSE,typical,https://www.google.com/travel/flights?tfs=GhwSCjIwMjYtMTItMjIoAGoFEgNOUlRyBRIDVFBFQgEBSAGYAQI=
2026-09-06,2026-12-16,2026-12-22,return,STARLUX Airlines,"8:10 PM on Tue, Dec 22","11:20 PM on Tue, Dec 22",4 hr 10 min,0,NT$9948,one_way,TRUE,FALSE,typical,https://www.google.com/travel/flights?tfs=GhwSCjIwMjYtMTItMjIoAGoFEgNOUlRyBRIDVFBFQgEBSAGYAQI=
2026-09-06,2026-12-16,2026-12-22,return,China Airlines,"2:35 PM on Tue, Dec 22","5:45 PM on Tue, Dec 22",4 hr 10 min,0,NT$11445,one_way,FALSE,FALSE,typical,https://www.google.com/travel/flights?tfs=GhwSCjIwMjYtMTItMjIoAGoFEgNOUlRyBRIDVFBFQgEBSAGYAQI=
2026-09-06,2026-12-16,2026-12-22,return,China Airlines,"5:45 PM on Tue, Dec 22","8:55 PM on Tue, Dec 22",4 hr 10 min,0,NT$13934,one_way,FALSE,FALSE,typical,https://www.google.com/travel/flights?tfs=GhwSCjIwMjYtMTItMjIoAGoFEgNOUlRyBRIDVFBFQgEBSAGYAQI=
2026-09-07,2026-12-17,2026-12-23,outbound,STARLUX Airlines,"3:00 PM on Thu, Dec 17","7:00 PM on Thu, Dec 17",3 hr,0,NT$13660,round_trip,FALSE,FALSE,typical,https://www.google.com/travel/flights?tfs=GhwSCjIwMjYtMTItMTcoAGoFEgNUUEVyBRIDTlJUGhwSCjIwMjYtMTItMjMoAGoFEgNOUlRyBRIDVFBFQgEBSAGYAQE=
2026-09-07,2026-12-17,2026-12-23,outbound,China Airlines,"4:25 PM on Thu, Dec 17","8:30 PM on Thu, Dec 17",3 hr 5 min,0,NT$14328,round_trip,FALSE,FALSE,typical,https://www.google.com/travel/flights?tfs=GhwSCjIwMjYtMTItMTcoAGoFEgNUUEVyBRIDTlJUGhwSCjIwMjYtMTItMjMoAGoFEgNOUlRyBRIDVFBFQgEBSAGYAQE=
2026-09-07,2026-12-17,2026-12-23,outbound,Cathay Pacific,"12:50 PM on Thu, Dec 17","4:50 PM on Thu, Dec 17",3 hr,0,NT$14438,round_trip,TRUE,FALSE,typical,https://www.google.com/travel/flights?tfs=GhwSCjIwMjYtMTItMTcoAGoFEgNUUEVyBRIDTlJUGhwSCjIwMjYtMTItMjMoAGoFEgNOUlRyBRIDVFBFQgEBSAGYAQE=
2026-09-07,2026-12-17,2026-12-23,outbound,STARLUX Airlines,"8:25 AM on Thu, Dec 17","12:35 PM on Thu, Dec 17",3 hr 10 min,0,NT$14479,round_trip,TRUE,FALSE,typical,https://www.google.com/travel/flights?tfs=GhwSCjIwMjYtMTItMTcoAGoFEgNUUEVyBRIDTlJUGhwSCjIwMjYtMTItMjMoAGoFEgNOUlRyBRIDVFBFQgEBSAGYAQE=
2026-09-07,2026-12-17,2026-12-23,outbound,STARLUX Airlines,"10:10 AM on Thu, Dec 17","2:20 PM on Thu, Dec 17",3 hr 10 min,0,NT$15079,round_trip,TRUE,FALSE,typical,https://www.google.com/travel/flights?tfs=GhwSCjIwMjYtMTItMTcoAGoFEgNUUEVyBRIDTlJUGhwSCjIwMjYtMTItMjMoAGoFEgNOUlRyBRIDVFBFQgEBSAGYAQE=
2026-09-07,2026-12-17,2026-12-23,outbound,China Airlines,"2:25 PM on Thu, Dec 17","6:30 PM on Thu, Dec 17",3 hr 5 min,0,NT$15165,round_trip,FALSE,FALSE,typical,https://www.google.com/travel/flights?tfs=GhwSCjIwMjYtMTItMTcoAGoFEgNUUEVyBRIDTlJUGhwSCjIwMjYtMTItMjMoAGoFEgNOUlRyBRIDVFBFQgEBSAGYAQE=
2026-09-07,2026-12-17,2026-12-23,outbound,China Airlines,"9:30 AM on Thu, Dec 17","1:30 PM on Thu, Dec 17",3 hr,0,NT$16164,round_trip,TRUE,FALSE,typical,https://www.google.com/travel/flights?tfs=GhwSCjIwMjYtMTItMTcoAGoFEgNUUEVyBRIDTlJUGhwSCjIwMjYtMTItMjMoAGoFEgNOUlRyBRIDVFBFQgEBSAGYAQE=
2026-09-07,2026-12-17,2026-12-23,outbound,EVA Air,"8:50 AM on Thu, Dec 17","12:55 PM on Thu, Dec 17",3 hr 5 min,0,NT$16350,round_trip,TRUE,FALSE,typical,https://www.google.com/travel/flights?tfs=GhwSCjIwMjYtMTItMTcoAGoFEgNUUEVyBRIDTlJUGhwSCjIwMjYtMTItMjMoAGoFEgNOUlRyBRIDVFBFQgEBSAGYAQE=
2026-09-07,2026-12-17,2026-12-23,outbound,EVA Air,"3:20 PM on Thu, Dec 17","7:20 PM on Thu, Dec 17",3 hr,0,NT$16350,round_trip,FALSE,FALSE,typical,https://www.google.com/travel/flights?tfs=GhwSCjIwMjYtMTItMTcoAGoFEgNUUEVyBRIDTlJUGhwSCjIwMjYtMTItMjMoAGoFEgNOUlRyBRIDVFBFQgEBSAGYAQE=
2026-09-07,2026-12-17,2026-12-23,outbound,China Airlines,"12:35 PM on Thu, Dec 17","4:35 PM on Thu, Dec 17",3 hr,0,NT$16476,round_trip,TRUE,FALSE,typical,https://www.google.com/travel/flights?tfs=GhwSCjIwMjYtMTItMTcoAGoFEgNUUEVyBRIDTlJUGhwSCjIwMjYtMTItMjMoAGoFEgNOUlRyBRIDVFBFQgEBSAGYAQE=
2026-09-07,2026-12-17,2026-12-23,outbound,JAL,"10:55 AM on Thu, Dec 17","2:55 PM on Thu, Dec 17",3 hr,0,NT$16702,round_trip,TRUE,FALSE,typical,https://www.google.com/travel/flights?tfs=GhwSCjIwMjYtMTItMTcoAGoFEgNUUEVyBRIDTlJUGhwSCjIwMjYtMTItMjMoAGoFEgNOUlRyBRIDVFBFQgEBSAGYAQE=
2026-09-07,2026-12-17,2026-12-23,return,EVA Air,"1:00 PM on Wed, Dec 23","4:05 PM on Wed, Dec 23",4 hr 5 min,0,NT$7402,one_way,FALSE,TRUE,typical,https://www.google.com/travel/flights?tfs=GhwSCjIwMjYtMTItMjMoAGoFEgNOUlRyBRIDVFBFQgEBSAGYAQI=
2026-09-07,2026-12-17,2026-12-23,return,STARLUX Airlines,"1:45 PM on Wed, Dec 23","4:50 PM on Wed, Dec 23",4 hr 5 min,0,NT$7693,one_way,FALSE,TRUE,typical,https://www.google.com/travel/flights?tfs=GhwSCjIwMjYtMTItMjMoAGoFEgNOUlRyBRIDVFBFQgEBSAGYAQI=
2026-09-07,2026-12-17,2026-12-23,return,EVA Air,"8:20 PM on Wed, Dec 23","11:25 PM on Wed, Dec 23",4 hr 5 min,0,NT$7402,one_way,TRUE,FALSE,typical,https://www.google.com/travel/flights?tfs=GhwSCjIwMjYtMTItMjMoAGoFEgNOUlRyBRIDVFBFQgEBSAGYAQI=
2026-09-07,2026-12-17,2026-12-23,return,China Airlines,"9:20 AM on Wed, Dec 23","12:30 PM on Wed, Dec 23",4 hr 10 min,0,NT$7998,one_way,FALSE,FALSE,typical,https://www.google.com/travel/flights?tfs=GhwSCjIwMjYtMTItMjMoAGoFEgNOUlRyBRIDVFBFQgEBSAGYAQI=
2026-09-07,2026-12-17,2026-12-23,return,EVA Air,"2:00 PM on Wed, Dec 23","5:05 PM on Wed, Dec 23",4 hr 5 min,0,NT$9089,one_way,FALSE,FALSE,typical,https://www.google.com/travel/flights?tfs=GhwSCjIwMjYtMTItMjMoAGoFEgNOUlRyBRIDVFBFQgEBSAGYAQI=
2026-09-07,2026-12-17,2026-12-23,return,Cathay Pacific,"3:30 PM on Wed, Dec 23","6:35 PM on Wed, Dec 23",4 hr 5 min,0,NT$9743,one_way,FALSE,FALSE,typical,https://www.google.com/travel/flights?tfs=GhwSCjIwMjYtMTItMjMoAGoFEgNOUlRyBRIDVFBFQgEBSAGYAQI=
2026-09-07,2026-12-17,2026-12-23,return,STARLUX Airlines,"3:40 PM on Wed, Dec 23","6:45 PM on Wed, Dec 23",4 hr 5 min,0,NT$9989,one_way,FALSE,FALSE,typical,https://www.google.com/travel/flights?tfs=GhwSCjIwMjYtMTItMjMoAGoFEgNOUlRyBRIDVFBFQgEBSAGYAQI=
2026-09-07,2026-12-17,2026-12-23,return,STARLUX Airlines,"8:10 PM on Wed, Dec 23","11:20 PM on Wed, Dec 23",4 hr 10 min,0,NT$9989,one_way,TRUE,FALSE,typical,https://www.google.com/travel/flights?tfs=GhwSCjIwMjYtMTItMjMoAGoFEgNOUlRyBRIDVFBFQgEBSAGYAQI=
2026-09-07,2026-12-17,2026-12-23,return,China Airlines,"2:35 PM on Wed, Dec 23","5:45 PM on Wed, Dec 23",4 hr 10 min,0,NT$11492,one_way,FALSE,FALSE,typical,https://www.google.com/travel/flights?tfs=GhwSCjIwMjYtMTItMjMoAGoFEgNOUlRyBRIDVFBFQgEBSAGYAQI=
2026-09-07,2026-12-17,2026-12-23,return,China Airlines,"5:45 PM on Wed, Dec 23","8:55 PM on Wed, Dec 23",4 hr 10 min,0,NT$13991,one_way,FALSE,FALSE,typical,https://www.google.com/travel/flights?tfs=GhwSCjIwMjYtMTItMjMoAGoFEgNOUlRyBRIDVFBFQgEBSAGYAQI=
2026-09-07,2026-12-17,2026-12-23,return,China Airlines,"7:30 PM on Wed, Dec 23","10:45 PM on Wed, Dec 23",4 hr 15 min,0,NT$13991,one_way,FALSE,FALSE,typical,https://www.google.com/travel/flights?tfs=GhwSCjIwMjYtMTItMjMoAGoFEgNOUlRyBRIDVFBFQgEBSAGYAQI=
2026-09-07,2026-12-16,2026-12-22,outbound,STARLUX Airlines,"3:00 PM on Wed, Dec 16","7:00 PM on Wed, Dec 16",3 hr,0,NT$13051,round_trip,FALSE,FALSE,typical,https://www.google.com/travel/flights?tfs=GhwSCjIwMjYtMTItMTYoAGoFEgNUUEVyBRIDTlJUGhwSCjIwMjYtMTItMjIoAGoFEgNOUlRyBRIDVFBFQgEBSAGYAQE=
2026-09-07,2026-12-16,2026-12-22,outbound,EVA Air,"3:20 PM on Wed, Dec 16","7:20 PM on Wed, Dec 16",3 hr,0,NT$13389,round_trip,FALSE,FALSE,typical,https://www.google.com/travel/flights?tfs=GhwSCjIwMjYtMTItMTYoAGoFEgNUUEVyBRIDTlJUGhwSCjIwMjYtMTItMjIoAGoFEgNOUlRyBRIDVFBFQgEBSAGYAQE=
2026-09-07,2026-12-16,2026-12-22,outbound,China Airlines,"4:25 PM on Wed, Dec 16","8:30 PM on Wed, Dec 16",3 hr 5 min,0,NT$13932,round_trip,FALSE,FALSE,typical,https://www.google.com/travel/flights?tfs=GhwSCjIwMjYtMTItMTYoAGoFEgNUUEVyBRIDTlJUGhwSCjIwMjYtMTItMjIoAGoFEgNOUlRyBRIDVFBFQgEBSAGYAQE=
2026-09-07,2026-12-16,2026-12-22,outbound,EVA Air,"8:50 AM on Wed, Dec 16","12:55 PM on Wed, Dec 16",3 hr 5 min,0,NT$14240,round_trip,TRUE,FALSE,typical,https://www.google.com/travel/flights?tfs=GhwSCjIwMjYtMTItMTYoAGoFEgNUUEVyBRIDTlJUGhwSCjIwMjYtMTItMjIoAGoFEgNOUlRyBRIDVFBFQgEBSAGYAQE=
2026-09-07,2026-12-16,2026-12-22,outbound,Cathay Pacific,"12:50 PM on Wed, Dec 16","4:50 PM on Wed, Dec 16",3 hr,0,NT$14438,round_trip,TRUE,FALSE,typical,https://www.google.com/travel/flights?tfs=GhwSCjIwMjYtMTItMTYoAGoFEgNUUEVyBRIDTlJUGhwSCjIwMjYtMTItMjIoAGoFEgNOUlRyBRIDVFBFQgEBSAGYAQE=
2026-09-07,2026-12-16,2026-12-22,outbound,STARLUX Airlines,"8:25 AM on Wed, Dec 16","12:35 PM on Wed, Dec 16",3 hr 10 min,0,NT$14470,round_trip,TRUE,FALSE,typical,https://www.google.com/travel/flights?tfs=GhwSCjIwMjYtMTItMTYoAGoFEgNUUEVyBRIDTlJUGhwSCjIwMjYtMTItMjIoAGoFEgNOUlRyBRIDVFBFQgEBSAGYAQE=
2026-09-07,2026-12-16,2026-12-22,outbound,STARLUX Airlines,"10:10 AM on Wed, Dec 16","2:20 PM on Wed, Dec 16",3 hr 10 min,0,NT$14470,round_trip,TRUE,FALSE,typical,https://www.google.com/travel/flights?tfs=GhwSCjIwMjYtMTItMTYoAGoFEgNUUEVyBRIDTlJUGhwSCjIwMjYtMTItMjIoAGoFEgNOUlRyBRIDVFBFQgEBSAGYAQE=
2026-09-07,2026-12-16,2026-12-22,outbound,China Airlines,"2:25 PM on Wed, Dec 16","6:30 PM on Wed, Dec 16",3 hr 5 min,0,NT$14556,round_trip,FALSE,FALSE,typical,https://www.google.com/travel/flights?tfs=GhwSCjIwMjYtMTItMTYoAGoFEgNUUEVyBRIDTlJUGhwSCjIwMjYtMTItMjIoAGoFEgNOUlRyBRIDVFBFQgEBSAGYAQE=
2026-09-07,2026-12-16,2026-12-22,outbound,China Airlines,"12:35 PM on Wed, Dec 16","4:35 PM on Wed, Dec 16",3 hr,0,NT$14868,round_trip,TRUE,FALSE,typical,https://www.google.com/travel/flights?tfs=GhwSCjIwMjYtMTItMTYoAGoFEgNUUEVyBRIDTlJUGhwSCjIwMjYtMTItMjIoAGoFEgNOUlRyBRIDVFBFQgEBSAGYAQE=
2026-09-07,2026-12-16,2026-12-22,outbound,China Airlines,"9:30 AM on Wed, Dec 16","1:30 PM on Wed, Dec 16",3 hr,0,NT$16179,round_trip,TRUE,FALSE,typical,https://www.google.com/travel/flights?tfs=GhwSCjIwMjYtMTItMTYoAGoFEgNUUEVyBRIDTlJUGhwSCjIwMjYtMTItMjIoAGoFEgNOUlRyBRIDVFBFQgEBSAGYAQE=
2026-09-07,2026-12-16,2026-12-22,outbound,JAL,"10:55 AM on Wed, Dec 16","2:55 PM on Wed, Dec 16",3 hr,0,NT$16273,round_trip,TRUE,FALSE,typical,https://www.google.com/travel/flights?tfs=GhwSCjIwMjYtMTItMTYoAGoFEgNUUEVyBRIDTlJUGhwSCjIwMjYtMTItMjIoAGoFEgNOUlRyBRIDVFBFQgEBSAGYAQE=
2026-09-07,2026-12-16,2026-12-22,return,EVA Air,"2:00 PM on Tue, Dec 22","5:05 PM on Tue, Dec 22",4 hr 5 min,0,NT$7402,one_way,FALSE,TRUE,typical,https://www.google.com/travel/flights?tfs=GhwSCjIwMjYtMTItMjIoAGoFEgNOUlRyBRIDVFBFQgEBSAGYAQI=
2026-09-07,2026-12-16,2026-12-22,return,STARLUX Airlines,"1:45 PM on Tue, Dec 22","4:50 PM on Tue, Dec 22",4 hr 5 min,0,NT$7693,one_way,FALSE,TRUE,typical,https://www.google.com/travel/flights?tfs=GhwSCjIwMjYtMTItMjIoAGoFEgNOUlRyBRIDVFBFQgEBSAGYAQI=
2026-09-07,2026-12-16,2026-12-22,return,EVA Air,"8:20 PM on Tue, Dec 22","11:25 PM on Tue, Dec 22",4 hr 5 min,0,NT$7402,one_way,TRUE,FALSE,typical,https://www.google.com/travel/flights?tfs=GhwSCjIwMjYtMTItMjIoAGoFEgNOUlRyBRIDVFBFQgEBSAGYAQI=
2026-09-07,2026-12-16,2026-12-22,return,China Airlines,"9:20 AM on Tue, Dec 22","12:30 PM on Tue, Dec 22",4 hr 10 min,0,NT$7998,one_way,FALSE,FALSE,typical,https://www.google.com/travel/flights?tfs=GhwSCjIwMjYtMTItMjIoAGoFEgNOUlRyBRIDVFBFQgEBSAGYAQI=
2026-09-07,2026-12-16,2026-12-22,return,EVA Air,"1:00 PM on Tue, Dec 22","4:05 PM on Tue, Dec 22",4 hr 5 min,0,NT$9089,one_way,FALSE,FALSE,typical,https://www.google.com/travel/flights?tfs=GhwSCjIwMjYtMTItMjIoAGoFEgNOUlRyBRIDVFBFQgEBSAGYAQI=
2026-09-07,2026-12-16,2026-12-22,return,Cathay Pacific,"3:30 PM on Tue, Dec 22","6:35 PM on Tue, Dec 22",4 hr 5 min,0,NT$9743,one_way,FALSE,FALSE,typical,https://www.google.com/travel/flights?tfs=GhwSCjIwMjYtMTItMjIoAGoFEgNOUlRyBRIDVFBFQgEBSAGYAQI=
2026-09-07,2026-12-16,2026-12-22,return,STARLUX Airlines,"3:40 PM on Tue, Dec 22","6:45 PM on Tue, Dec 22",4 hr 5 min,0,NT$9989,one_way,FALSE,FALSE,typical,https://www.google.com/travel/flights?tfs=GhwSCjIwMjYtMTItMjIoAGoFEgNOUlRyBRIDVFBFQgEBSAGYAQI=
2026-09-07,2026-12-16,2026-12-22,return,STARLUX Airlines,"8:10 PM on Tue, Dec 22","11:20 PM on Tue, Dec 22",4 hr 10 min,0,NT$9989,one_way,TRUE,FALSE,typical,https://www.google.com/travel/flights?tfs=GhwSCjIwMjYtMTItMjIoAGoFEgNOUlRyBRIDVFBFQgEBSAGYAQI=
2026-09-07,2026-12-16,2026-12-22,return,China Airlines,"2:35 PM on Tue, Dec 22","5:45 PM on Tue, Dec 22",4 hr 10 min,0,NT$11492,one_way,FALSE,FALSE,typical,https://www.google.com/travel/flights?tfs=GhwSCjIwMjYtMTItMjIoAGoFEgNOUlRyBRIDVFBFQgEBSAGYAQI=
2026-09-07,2026-12-16,2026-12-22,return,China Airlines,"5:45 PM on Tue, Dec 22","8:55 PM on Tue, Dec 22",4 hr 10 min,0,NT$13991,one_way,FALSE,FALSE,typical,https://www.google.com/travel/flights?tfs=GhwSCjIwMjYtMTItMjIoAGoFEgNOUlRyBRIDVFBFQgEBSAGYAQI=
2026-09-07,2026-12-16,2026-12-22,return,China Airlines,"7:30 PM on Tue, Dec 22","10:45 PM on Tue, Dec 22",4 hr 15 min,0,NT$13991,one_way,FALSE,FALSE,typical,https://www.google.com/travel/flights?tfs=GhwSCjIwMjYtMTItMjIoAGoFEgNOUlRyBRIDVFBFQgEBSAGYAQI=
2026-09-08,2026-12-17,2026-12-23,outbound,STARLUX Airlines,"3:00 PM on Thu, Dec 17","7:00 PM on Thu, Dec 17",3 hr,0,NT$13655,round_trip,FALSE,FALSE,typical,https://www.google.com/travel/flights?tfs=GhwSCjIwMjYtMTItMTcoAGoFEgNUUEVyBRIDTlJUGhwSCjIwMjYtMTItMjMoAGoFEgNOUlRyBRIDVFBFQgEBSAGYAQE=
2026-09-08,2026-12-17,2026-12-23,outbound,China Airlines,"4:25 PM on Thu, Dec 17","8:30 PM on Thu, Dec 17",3 hr 5 min,0,NT$14319,round_trip,FALSE,FALSE,typical,https://www.google.com/travel/flights?tfs=GhwSCjIwMjYtMTItMTcoAGoFEgNUUEVyBRIDTlJUGhwSCjIwMjYtMTItMjMoAGoFEgNOUlRyBRIDVFBFQgEBSAGYAQE=
2026-09-08,2026-12-17,2026-12-23,outbound,Cathay Pacific,"12:50 PM on Thu, Dec 17","4:50 PM on Thu, Dec 17",3 hr,0,NT$14431,round_trip,TRUE,FALSE,typical,https://www.google.com/travel/flights?tfs=GhwSCjIwMjYtMTItMTcoAGoFEgNUUEVyBRIDTlJUGhwSCjIwMjYtMTItMjMoAGoFEgNOUlRyBRIDVFBFQgEBSAGYAQE=
2026-09-08,2026-12-17,2026-12-23,outbound,STARLUX Airlines,"8:25 AM on Thu, Dec 17","12:35 PM on Thu, Dec 17",3 hr 10 min,0,NT$15074,round_trip,TRUE,FALSE,typical,https://www.google.com/travel/flights?tfs=GhwSCjIwMjYtMTItMTcoAGoFEgNUUEVyBRIDTlJUGhwSCjIwMjYtMTItMjMoAGoFEgNOUlRyBRIDVFBFQgEBSAGYAQE=
2026-09-08,2026-12-17,2026-12-23,outbound,STARLUX Airlines,"10:10 AM on Thu, Dec 17","2:20 PM on Thu, Dec 17",3 hr 10 min,0,NT$15074,round_trip,TRUE,FALSE,typical,https://www.google.com/travel/flights?tfs=GhwSCjIwMjYtMTItMTcoAGoFEgNUUEVyBRIDTlJUGhwSCjIwMjYtMTItMjMoAGoFEgNOUlRyBRIDVFBFQgEBSAGYAQE=
2026-09-08,2026-12-17,2026-12-23,outbound,China Airlines,"2:25 PM on Thu, Dec 17","6:30 PM on Thu, Dec 17",3 hr 5 min,0,NT$15160,round_trip,FALSE,FALSE,typical,https://www.google.com/travel/flights?tfs=GhwSCjIwMjYtMTItMTcoAGoFEgNUUEVyBRIDTlJUGhwSCjIwMjYtMTItMjMoAGoFEgNOUlRyBRIDVFBFQgEBSAGYAQE=
2026-09-08,2026-12-17,2026-12-23,outbound,China Airlines,"9:30 AM on Thu, Dec 17","1:30 PM on Thu, Dec 17",3 hr,0,NT$15472,round_trip,TRUE,FALSE,typical,https://www.google.com/travel/flights?tfs=GhwSCjIwMjYtMTItMTcoAGoFEgNUUEVyBRIDTlJUGhwSCjIwMjYtMTItMjMoAGoFEgNOUlRyBRIDVFBFQgEBSAGYAQE=
2026-09-08,2026-12-17,2026-12-23,outbound,EVA Air,"8:50 AM on Thu, Dec 17","12:55 PM on Thu, Dec 17",3 hr 5 min,0,NT$16344,round_trip,TRUE,FALSE,typical,https://www.google.com/travel/flights?tfs=GhwSCjIwMjYtMTItMTcoAGoFEgNUUEVyBRIDTlJUGhwSCjIwMjYtMTItMjMoAGoFEgNOUlRyBRIDVFBFQgEBSAGYAQE=
2026-09-08,2026-12-17,2026-12-23,outbound,EVA Air,"3:20 PM on Thu, Dec 17","7:20 PM on Thu, Dec 17",3 hr,0,NT$16344,round_trip,FALSE,FALSE,typical,https://www.google.com/travel/flights?tfs=GhwSCjIwMjYtMTItMTcoAGoFEgNUUEVyBRIDTlJUGhwSCjIwMjYtMTItMjMoAGoFEgNOUlRyBRIDVFBFQgEBSAGYAQE=
2026-09-08,2026-12-17,2026-12-23,outbound,China Airlines,"12:35 PM on Thu, Dec 17","4:35 PM on Thu, Dec 17",3 hr,0,NT$16471,round_trip,TRUE,FALSE,typical,https://www.google.com/travel/flights?tfs=GhwSCjIwMjYtMTItMTcoAGoFEgNUUEVyBRIDTlJUGhwSCjIwMjYtMTItMjMoAGoFEgNOUlRyBRIDVFBFQgEBSAGYAQE=
2026-09-08,2026-12-17,2026-12-23,outbound,JAL,"10:55 AM on Thu, Dec 17","2:55 PM on Thu, Dec 17",3 hr,0,NT$16689,round_trip,TRUE,FALSE,typical,https://www.google.com/travel/flights?tfs=GhwSCjIwMjYtMTItMTcoAGoFEgNUUEVyBRIDTlJUGhwSCjIwMjYtMTItMjMoAGoFEgNOUlRyBRIDVFBFQgEBSAGYAQE=
2026-09-08,2026-12-17,2026-12-23,return,EVA Air,"1:00 PM on Wed, Dec 23","4:05 PM on Wed, Dec 23",4 hr 5 min,0,NT$7400,one_way,FALSE,TRUE,typical,https://www.google.com/travel/flights?tfs=GhwSCjIwMjYtMTItMjMoAGoFEgNOUlRyBRIDVFBFQgEBSAGYAQI=
2026-09-08,2026-12-17,2026-12-23,return,STARLUX Airlines,"1:45 PM on Wed, Dec 23","4:50 PM on Wed, Dec 23",4 hr 5 min,0,NT$8910,one_way,FALSE,TRUE,typical,https://www.google.com/travel/flights?tfs=GhwSCjIwMjYtMTItMjMoAGoFEgNOUlRyBRIDVFBFQgEBSAGYAQI=
2026-09-08,2026-12-17,2026-12-23,return,EVA Air,"8:20 PM on Wed, Dec 23","11:25 PM on Wed, Dec 23",4 hr 5 min,0,NT$7400,one_way,TRUE,FALSE,typical,https://www.google.com/travel/flights?tfs=GhwSCjIwMjYtMTItMjMoAGoFEgNOUlRyBRIDVFBFQgEBSAGYAQI=
2026-09-08,2026-12-17,2026-12-23,return,China Airlines,"9:20 AM on Wed, Dec 23","12:30 PM on Wed, Dec 23",4 hr 10 min,0,NT$7996,one_way,FALSE,FALSE,typical,https://www.google.com/travel/flights?tfs=GhwSCjIwMjYtMTItMjMoAGoFEgNOUlRyBRIDVFBFQgEBSAGYAQI=
2026-09-08,2026-12-17,2026-12-23,return,EVA Air,"2:00 PM on Wed, Dec 23","5:05 PM on Wed, Dec 23",4 hr 5 min,0,NT$9087,one_way,FALSE,FALSE,typical,https://www.google.com/travel/flights?tfs=GhwSCjIwMjYtMTItMjMoAGoFEgNOUlRyBRIDVFBFQgEBSAGYAQI=
2026-09-08,2026-12-17,2026-12-23,return,Cathay Pacific,"3:30 PM on Wed, Dec 23","6:35 PM on Wed, Dec 23",4 hr 5 min,0,NT$9133,one_way,FALSE,FALSE,typical,https://www.google.com/travel/flights?tfs=GhwSCjIwMjYtMTItMjMoAGoFEgNOUlRyBRIDVFBFQgEBSAGYAQI=
2026-09-08,2026-12-17,2026-12-23,return,STARLUX Airlines,"3:40 PM on Wed, Dec 23","6:45 PM on Wed, Dec 23",4 hr 5 min,0,NT$9987,one_way,FALSE,FALSE,typical,https://www.google.com/travel/flights?tfs=GhwSCjIwMjYtMTItMjMoAGoFEgNOUlRyBRIDVFBFQgEBSAGYAQI=
2026-09-08,2026-12-17,2026-12-23,return,STARLUX Airlines,"8:10 PM on Wed, Dec 23","11:20 PM on Wed, Dec 23",4 hr 10 min,0,NT$9987,one_way,TRUE,FALSE,typical,https://www.google.com/travel/flights?tfs=GhwSCjIwMjYtMTItMjMoAGoFEgNOUlRyBRIDVFBFQgEBSAGYAQI=
2026-09-08,2026-12-17,2026-12-23,return,China Airlines,"2:35 PM on Wed, Dec 23","5:45 PM on Wed, Dec 23",4 hr 10 min,0,NT$11490,one_way,FALSE,FALSE,typical,https://www.google.com/travel/flights?tfs=GhwSCjIwMjYtMTItMjMoAGoFEgNOUlRyBRIDVFBFQgEBSAGYAQI=
2026-09-08,2026-12-17,2026-12-23,return,China Airlines,"5:45 PM on Wed, Dec 23","8:55 PM on Wed, Dec 23",4 hr 10 min,0,NT$13989,one_way,FALSE,FALSE,typical,https://www.google.com/travel/flights?tfs=GhwSCjIwMjYtMTItMjMoAGoFEgNOUlRyBRIDVFBFQgEBSAGYAQI=
2026-09-08,2026-12-17,2026-12-23,return,China Airlines,"7:30 PM on Wed, Dec 23","10:45 PM on Wed, Dec 23",4 hr 15 min,0,NT$13989,one_way,FALSE,FALSE,typical,https://www.google.com/travel/flights?tfs=GhwSCjIwMjYtMTItMjMoAGoFEgNOUlRyBRIDVFBFQgEBSAGYAQI=
2026-09-08,2026-12-16,2026-12-22,outbound,STARLUX Airlines,"3:00 PM on Wed, Dec 16","7:00 PM on Wed, Dec 16",3 hr,0,NT$13046,round_trip,FALSE,FALSE,typical,https://www.google.com/travel/flights?tfs=GhwSCjIwMjYtMTItMTYoAGoFEgNUUEVyBRIDTlJUGhwSCjIwMjYtMTItMjIoAGoFEgNOUlRyBRIDVFBFQgEBSAGYAQE=
2026-09-08,2026-12-16,2026-12-22,outbound,EVA Air,"3:20 PM on Wed, Dec 16","7:20 PM on Wed, Dec 16",3 hr,0,NT$13383,round_trip,FALSE,FALSE,typical,https://www.google.com/travel/flights?tfs=GhwSCjIwMjYtMTItMTYoAGoFEgNUUEVyBRIDTlJUGhwSCjIwMjYtMTItMjIoAGoFEgNOUlRyBRIDVFBFQgEBSAGYAQE=
2026-09-08,2026-12-16,2026-12-22,outbound,China Airlines,"4:25 PM on Wed, Dec 16","8:30 PM on Wed, Dec 16",3 hr 5 min,0,NT$13927,round_trip,FALSE,FALSE,typical,https://www.google.com/travel/flights?tfs=GhwSCjIwMjYtMTItMTYoAGoFEgNUUEVyBRIDTlJUGhwSCjIwMjYtMTItMjIoAGoFEgNOUlRyBRIDVFBFQgEBSAGYAQE=
2026-09-08,2026-12-16,2026-12-22,outbound,EVA Air,"7:55 AM on Wed, Dec 16","12:00 PM on Wed, Dec 16",3 hr 5 min,0,NT$14234,round_trip,TRUE,FALSE,typical,https://www.google.com/travel/flights?tfs=GhwSCjIwMjYtMTItMTYoAGoFEgNUUEVyBRIDTlJUGhwSCjIwMjYtMTItMjIoAGoFEgNOUlRyBRIDVFBFQgEBSAGYAQE=
2026-09-08,2026-12-16,2026-12-22,outbound,EVA Air,"8:50 AM on Wed, Dec 16","12:55 PM on Wed, Dec 16",3 hr 5 min,0,NT$14234,round_trip,TRUE,FALSE,typical,https://www.google.com/travel/flights?tfs=GhwSCjIwMjYtMTItMTYoAGoFEgNUUEVyBRIDTlJUGhwSCjIwMjYtMTItMjIoAGoFEgNOUlRyBRIDVFBFQgEBSAGYAQE=
2026-09-08,2026-12-16,2026-12-22,outbound,STARLUX Airlines,"8:25 AM on Wed, Dec 16","12:35 PM on Wed, Dec 16",3 hr 10 min,0,NT$14465,round_trip,TRUE,FALSE,typical,https://www.google.com/travel/flights?tfs=GhwSCjIwMjYtMTItMTYoAGoFEgNUUEVyBRIDTlJUGhwSCjIwMjYtMTItMjIoAGoFEgNOUlRyBRIDVFBFQgEBSAGYAQE=
2026-09-08,2026-12-16,2026-12-22,outbound,STARLUX Airlines,"10:10 AM on Wed, Dec 16","2:20 PM on Wed, Dec 16",3 hr 10 min,0,NT$14465,round_trip,TRUE,FALSE,typical,https://www.google.com/travel/flights?tfs=GhwSCjIwMjYtMTItMTYoAGoFEgNUUEVyBRIDTlJUGhwSCjIwMjYtMTItMjIoAGoFEgNOUlRyBRIDVFBFQgEBSAGYAQE=
2026-09-08,2026-12-16,2026-12-22,outbound,Cathay Pacific,"12:50 PM on Wed, Dec 16","4:50 PM on Wed, Dec 16",3 hr,0,NT$14713,round_trip,TRUE,FALSE,typical,https://www.google.com/travel/flights?tfs=GhwSCjIwMjYtMTItMTYoAGoFEgNUUEVyBRIDTlJUGhwSCjIwMjYtMTItMjIoAGoFEgNOUlRyBRIDVFBFQgEBSAGYAQE=
2026-09-08,2026-12-16,2026-12-22,outbound,China Airlines,"12:35 PM on Wed, Dec 16","4:35 PM on Wed, Dec 16",3 hr,0,NT$14863,round_trip,TRUE,FALSE,typical,https://www.google.com/travel/flights?tfs=GhwSCjIwMjYtMTItMTYoAGoFEgNUUEVyBRIDTlJUGhwSCjIwMjYtMTItMjIoAGoFEgNOUlRyBRIDVFBFQgEBSAGYAQE=
2026-09-08,2026-12-16,2026-12-22,outbound,China Airlines,"2:25 PM on Wed, Dec 16","6:30 PM on Wed, Dec 16",3 hr 5 min,0,NT$15175,round_trip,FALSE,FALSE,typical,https://www.google.com/travel/flights?tfs=GhwSCjIwMjYtMTItMTYoAGoFEgNUUEVyBRIDTlJUGhwSCjIwMjYtMTItMjIoAGoFEgNOUlRyBRIDVFBFQgEBSAGYAQE=
2026-09-08,2026-12-16,2026-12-22,outbound,China Airlines,"9:30 AM on Wed, Dec 16","1:30 PM on Wed, Dec 16",3 hr,0,NT$16174,round_trip,TRUE,FALSE,typical,https://www.google.com/travel/flights?tfs=GhwSCjIwMjYtMTItMTYoAGoFEgNUUEVyBRIDTlJUGhwSCjIwMjYtMTItMjIoAGoFEgNOUlRyBRIDVFBFQgEBSAGYAQE=
2026-09-08,2026-12-16,2026-12-22,return,EVA Air,"2:00 PM on Tue, Dec 22","5:05 PM on Tue, Dec 22",4 hr 5 min,0,NT$7400,one_way,FALSE,TRUE,typical,https://www.google.com/travel/flights?tfs=GhwSCjIwMjYtMTItMjIoAGoFEgNOUlRyBRIDVFBFQgEBSAGYAQI=
2026-09-08,2026-12-16,2026-12-22,return,EVA Air,"1:00 PM on Tue, Dec 22","4:05 PM on Tue, Dec 22",4 hr 5 min,0,NT$7400,one_way,FALSE,FALSE,typical,https://www.google.com/travel/flights?tfs=GhwSCjIwMjYtMTItMjIoAGoFEgNOUlRyBRIDVFBFQgEBSAGYAQI=
2026-09-08,2026-12-16,2026-12-22,return,EVA Air,"8:20 PM on Tue, Dec 22","11:25 PM on Tue, Dec 22",4 hr 5 min,0,NT$7400,one_way,TRUE,FALSE,typical,https://www.google.com/travel/flights?tfs=GhwSCjIwMjYtMTItMjIoAGoFEgNOUlRyBRIDVFBFQgEBSAGYAQI=
2026-09-08,2026-12-16,2026-12-22,return,China Airlines,"9:20 AM on Tue, Dec 22","12:30 PM on Tue, Dec 22",4 hr 10 min,0,NT$7996,one_way,FALSE,FALSE,typical,https://www.google.com/travel/flights?tfs=GhwSCjIwMjYtMTItMjIoAGoFEgNOUlRyBRIDVFBFQgEBSAGYAQI=
2026-09-08,2026-12-16,2026-12-22,return,STARLUX Airlines,"1:45 PM on Tue, Dec 22","4:50 PM on Tue, Dec 22",4 hr 5 min,0,NT$8910,one_way,FALSE,FALSE,typical,https://www.google.com/travel/flights?tfs=GhwSCjIwMjYtMTItMjIoAGoFEgNOUlRyBRIDVFBFQgEBSAGYAQI=
2026-09-08,2026-12-16,2026-12-22,return,Cathay Pacific,"3:30 PM on Tue, Dec 22","6:35 PM on Tue, Dec 22",4 hr 5 min,0,NT$9133,one_way,FALSE,FALSE,typical,https://www.google.com/travel/flights?tfs=GhwSCjIwMjYtMTItMjIoAGoFEgNOUlRyBRIDVFBFQgEBSAGYAQI=
2026-09-08,2026-12-16,2026-12-22,return,STARLUX Airlines,"3:40 PM on Tue, Dec 22","6:45 PM on Tue, Dec 22",4 hr 5 min,0,NT$9987,one_way,FALSE,FALSE,typical,https://www.google.com/travel/flights?tfs=GhwSCjIwMjYtMTItMjIoAGoFEgNOUlRyBRIDVFBFQgEBSAGYAQI=
2026-09-08,2026-12-16,2026-12-22,return,STARLUX Airlines,"8:10 PM on Tue, Dec 22","11:20 PM on Tue, Dec 22",4 hr 10 min,0,NT$9987,one_way,TRUE,FALSE,typical,https://www.google.com/travel/flights?tfs=GhwSCjIwMjYtMTItMjIoAGoFEgNOUlRyBRIDVFBFQgEBSAGYAQI=
2026-09-08,2026-12-16,2026-12-22,return,China Airlines,"2:35 PM on Tue, Dec 22","5:45 PM on Tue, Dec 22",4 hr 10 min,0,NT$11490,one_way,FALSE,FALSE,typical,https://www.google.com/travel/flights?tfs=GhwSCjIwMjYtMTItMjIoAGoFEgNOUlRyBRIDVFBFQgEBSAGYAQI=
2026-09-08,2026-12-16,2026-12-22,return,China Airlines,"5:45 PM on Tue, Dec 22","8:55 PM on Tue, Dec 22",4 hr 10 min,0,NT$13989,one_way,FALSE,FALSE,typical,https://www.google.com/travel/flights?tfs=GhwSCjIwMjYtMTItMjIoAGoFEgNOUlRyBRIDVFBFQgEBSAGYAQI=
2026-09-08,2026-12-16,2026-12-22,return,China Airlines,"7:30 PM on Tue, Dec 22","10:45 PM on Tue, Dec 22",4 hr 15 min,0,NT$13989,one_way,FALSE,FALSE,typical,https://www.google.com/travel/flights?tfs=GhwSCjIwMjYtMTItMjIoAGoFEgNOUlRyBRIDVFBFQgEBSAGYAQI=
2026-09-09,2026-12-17,2026-12-23,outbound,Cathay Pacific,"12:50 PM on Thu, Dec 17","4:50 PM on Thu, Dec 17",3 hr,0,NT$15431,round_trip,TRUE,FALSE,typical,https://www.google.com/travel/flights?tfs=GhwSCjIwMjYtMTItMTcoAGoFEgNUUEVyBRIDTlJUGhwSCjIwMjYtMTItMjMoAGoFEgNOUlRyBRIDVFBFQgEBSAGYAQE=
2026-09-09,2026-12-17,2026-12-23,outbound,China Airlines,"4:25 PM on Thu, Dec 17","8:30 PM on Thu, Dec 17",3 hr 5 min,0,NT$16095,round_trip,FALSE,FALSE,typical,https://www.google.com/travel/flights?tfs=GhwSCjIwMjYtMTItMTcoAGoFEgNUUEVyBRIDTlJUGhwSCjIwMjYtMTItMjMoAGoFEgNOUlRyBRIDVFBFQgEBSAGYAQE=
2026-09-09,2026-12-17,2026-12-23,outbound,China Airlines,"2:25 PM on Thu, Dec 17","6:30 PM on Thu, Dec 17",3 hr 5 min,0,NT$16335,round_trip,FALSE,FALSE,typical,https://www.google.com/travel/flights?tfs=GhwSCjIwMjYtMTItMTcoAGoFEgNUUEVyBRIDTlJUGhwSCjIwMjYtMTItMjMoAGoFEgNOUlRyBRIDVFBFQgEBSAGYAQE=
2026-09-09,2026-12-17,2026-12-23,outbound,JAL,"10:55 AM on Thu, Dec 17","2:55 PM on Thu, Dec 17",3 hr,0,NT$16683,round_trip,TRUE,FALSE,typical,https://www.google.com/travel/flights?tfs=GhwSCjIwMjYtMTItMTcoAGoFEgNUUEVyBRIDTlJUGhwSCjIwMjYtMTItMjMoAGoFEgNOUlRyBRIDVFBFQgEBSAGYAQE=
2026-09-09,2026-12-17,2026-12-23,outbound,STARLUX Airlines,"3:00 PM on Thu, Dec 17","7:00 PM on Thu, Dec 17",3 hr,0,NT$16904,round_trip,FALSE,FALSE,typical,https://www.google.com/travel/flights?tfs=GhwSCjIwMjYtMTItMTcoAGoFEgNUUEVyBRIDTlJUGhwSCjIwMjYtMTItMjMoAGoFEgNOUlRyBRIDVFBFQgEBSAGYAQE=
2026-09-09,2026-12-17,2026-12-23,outbound,China Airlines,"9:30 AM on Thu, Dec 17","1:30 PM on Thu, Dec 17",3 hr,0,NT$17295,round_trip,TRUE,FALSE,typical,https://www.google.com/travel/flights?tfs=GhwSCjIwMjYtMTItMTcoAGoFEgNUUEVyBRIDTlJUGhwSCjIwMjYtMTItMjMoAGoFEgNOUlRyBRIDVFBFQgEBSAGYAQE=
2026-09-09,2026-12-17,2026-12-23,outbound,EVA Air,"7:55 AM on Thu, Dec 17","12:00 PM on Thu, Dec 17",3 hr 5 min,0,NT$17517,round_trip,TRUE,FALSE,typical,https://www.google.com/travel/flights?tfs=GhwSCjIwMjYtMTItMTcoAGoFEgNUUEVyBRIDTlJUGhwSCjIwMjYtMTItMjMoAGoFEgNOUlRyBRIDVFBFQgEBSAGYAQE=
2026-09-09,2026-12-17,2026-12-23,outbound,EVA Air,"8:50 AM on Thu, Dec 17","12:55 PM on Thu, Dec 17",3 hr 5 min,0,NT$17517,round_trip,TRUE,FALSE,typical,https://www.google.com/travel/flights?tfs=GhwSCjIwMjYtMTItMTcoAGoFEgNUUEVyBRIDTlJUGhwSCjIwMjYtMTItMjMoAGoFEgNOUlRyBRIDVFBFQgEBSAGYAQE=
2026-09-09,2026-12-17,2026-12-23,outbound,China Airlines,"12:35 PM on Thu, Dec 17","4:35 PM on Thu, Dec 17",3 hr,0,NT$17583,round_trip,TRUE,FALSE,typical,https://www.google.com/travel/flights?tfs=GhwSCjIwMjYtMTItMTcoAGoFEgNUUEVyBRIDTlJUGhwSCjIwMjYtMTItMjMoAGoFEgNOUlRyBRIDVFBFQgEBSAGYAQE=
2026-09-09,2026-12-17,2026-12-23,outbound,STARLUX Airlines,"8:25 AM on Thu, Dec 17","12:35 PM on Thu, Dec 17",3 hr 10 min,0,NT$17996,round_trip,TRUE,FALSE,typical,https://www.google.com/travel/flights?tfs=GhwSCjIwMjYtMTItMTcoAGoFEgNUUEVyBRIDTlJUGhwSCjIwMjYtMTItMjMoAGoFEgNOUlRyBRIDVFBFQgEBSAGYAQE=
2026-09-09,2026-12-17,2026-12-23,outbound,STARLUX Airlines,"10:10 AM on Thu, Dec 17","2:20 PM on Thu, Dec 17",3 hr 10 min,0,NT$17996,round_trip,TRUE,FALSE,typical,https://www.google.com/travel/flights?tfs=GhwSCjIwMjYtMTItMTcoAGoFEgNUUEVyBRIDTlJUGhwSCjIwMjYtMTItMjMoAGoFEgNOUlRyBRIDVFBFQgEBSAGYAQE=
2026-09-09,2026-12-17,2026-12-23,return,EVA Air,"1:00 PM on Wed, Dec 23","4:05 PM on Wed, Dec 23",4 hr 5 min,0,NT$7458,one_way,FALSE,TRUE,typical,https://www.google.com/travel/flights?tfs=GhwSCjIwMjYtMTItMjMoAGoFEgNOUlRyBRIDVFBFQgEBSAGYAQI=
2026-09-09,2026-12-17,2026-12-23,return,China Airlines,"9:20 AM on Wed, Dec 23","12:30 PM on Wed, Dec 23",4 hr 10 min,0,NT$8059,one_way,FALSE,FALSE,typical,https://www.google.com/travel/flights?tfs=GhwSCjIwMjYtMTItMjMoAGoFEgNOUlRyBRIDVFBFQgEBSAGYAQI=
2026-09-09,2026-12-17,2026-12-23,return,EVA Air,"8:20 PM on Wed, Dec 23","11:25 PM on Wed, Dec 23",4 hr 5 min,0,NT$9160,one_way,TRUE,FALSE,typical,https://www.google.com/travel/flights?tfs=GhwSCjIwMjYtMTItMjMoAGoFEgNOUlRyBRIDVFBFQgEBSAGYAQI=
2026-09-09,2026-12-17,2026-12-23,return,Cathay Pacific,"3:30 PM on Wed, Dec 23","6:35 PM on Wed, Dec 23",4 hr 5 min,0,NT$9215,one_way,FALSE,FALSE,typical,https://www.google.com/travel/flights?tfs=GhwSCjIwMjYtMTItMjMoAGoFEgNOUlRyBRIDVFBFQgEBSAGYAQI=
2026-09-09,2026-12-17,2026-12-23,return,STARLUX Airlines,"1:45 PM on Wed, Dec 23","4:50 PM on Wed, Dec 23",4 hr 5 min,0,NT$10068,one_way,FALSE,FALSE,typical,https://www.google.com/travel/flights?tfs=GhwSCjIwMjYtMTItMjMoAGoFEgNOUlRyBRIDVFBFQgEBSAGYAQI=
2026-09-09,2026-12-17,2026-12-23,return,STARLUX Airlines,"3:40 PM on Wed, Dec 23","6:45 PM on Wed, Dec 23",4 hr 5 min,0,NT$10068,one_way,FALSE,FALSE,typical,https://www.google.com/travel/flights?tfs=GhwSCjIwMjYtMTItMjMoAGoFEgNOUlRyBRIDVFBFQgEBSAGYAQI=
2026-09-09,2026-12-17,2026-12-23,return,STARLUX Airlines,"8:10 PM on Wed, Dec 23","11:20 PM on Wed, Dec 23",4 hr 10 min,0,NT$10068,one_way,TRUE,FALSE,typical,https://www.google.com/travel/flights?tfs=GhwSCjIwMjYtMTItMjMoAGoFEgNOUlRyBRIDVFBFQgEBSAGYAQI=
2026-09-09,2026-12-17,2026-12-23,return,EVA Air,"2:00 PM on Wed, Dec 23","5:05 PM on Wed, Dec 23",4 hr 5 min,0,NT$10554,one_way,FALSE,FALSE,typical,https://www.google.com/travel/flights?tfs=GhwSCjIwMjYtMTItMjMoAGoFEgNOUlRyBRIDVFBFQgEBSAGYAQI=
2026-09-09,2026-12-17,2026-12-23,return,China Airlines,"2:35 PM on Wed, Dec 23","5:45 PM on Wed, Dec 23",4 hr 10 min,0,NT$11585,one_way,FALSE,FALSE,typical,https://www.google.com/travel/flights?tfs=GhwSCjIwMjYtMTItMjMoAGoFEgNOUlRyBRIDVFBFQgEBSAGYAQI=
2026-09-09,2026-12-17,2026-12-23,return,China Airlines,"5:45 PM on Wed, Dec 23","8:55 PM on Wed, Dec 23",4 hr 10 min,0,NT$14106,one_way,FALSE,FALSE,typical,https://www.google.com/travel/flights?tfs=GhwSCjIwMjYtMTItMjMoAGoFEgNOUlRyBRIDVFBFQgEBSAGYAQI=
2026-09-09,2026-12-17,2026-12-23,return,China Airlines,"7:30 PM on Wed, Dec 23","10:45 PM on Wed, Dec 23",4 hr 15 min,0,NT$14106,one_way,FALSE,FALSE,typical,https://www.google.com/travel/flights?tfs=GhwSCjIwMjYtMTItMjMoAGoFEgNOUlRyBRIDVFBFQgEBSAGYAQI=
2026-09-09,2026-12-16,2026-12-22,outbound,STARLUX Airlines,"3:00 PM on Wed, Dec 16","7:00 PM on Wed, Dec 16",3 hr,0,NT$13077,round_trip,FALSE,FALSE,typical,https://www.google.com/travel/flights?tfs=GhwSCjIwMjYtMTItMTYoAGoFEgNUUEVyBRIDTlJUGhwSCjIwMjYtMTItMjIoAGoFEgNOUlRyBRIDVFBFQgEBSAGYAQE=
2026-09-09,2026-12-16,2026-12-22,outbound,JAL,"10:55 AM on Wed, Dec 16","2:55 PM on Wed, Dec 16",3 hr,0,NT$13397,round_trip,TRUE,FALSE,typical,https://www.google.com/travel/flights?tfs=GhwSCjIwMjYtMTItMTYoAGoFEgNUUEVyBRIDTlJUGhwSCjIwMjYtMTItMjIoAGoFEgNOUlRyBRIDVFBFQgEBSAGYAQE=
2026-09-09,2026-12-16,2026-12-22,outbound,China Airlines,"4:25 PM on Wed, Dec 16","8:30 PM on Wed, Dec 16",3 hr 5 min,0,NT$13958,round_trip,FALSE,FALSE,typical,https://www.google.com/travel/flights?tfs=GhwSCjIwMjYtMTItMTYoAGoFEgNUUEVyBRIDTlJUGhwSCjIwMjYtMTItMjIoAGoFEgNOUlRyBRIDVFBFQgEBSAGYAQE=
2026-09-09,2026-12-16,2026-12-22,outbound,EVA Air,"3:20 PM on Wed, Dec 16","7:20 PM on Wed, Dec 16",3 hr,0,NT$14127,round_trip,FALSE,FALSE,typical,https://www.google.com/travel/flights?tfs=GhwSCjIwMjYtMTItMTYoAGoFEgNUUEVyBRIDTlJUGhwSCjIwMjYtMTItMjIoAGoFEgNOUlRyBRIDVFBFQgEBSAGYAQE=
2026-09-09,2026-12-16,2026-12-22,outbound,STARLUX Airlines,"8:25 AM on Wed, Dec 16","12:35 PM on Wed, Dec 16",3 hr 10 min,0,NT$14496,round_trip,TRUE,FALSE,typical,https://www.google.com/travel/flights?tfs=GhwSCjIwMjYtMTItMTYoAGoFEgNUUEVyBRIDTlJUGhwSCjIwMjYtMTItMjIoAGoFEgNOUlRyBRIDVFBFQgEBSAGYAQE=
2026-09-09,2026-12-16,2026-12-22,outbound,STARLUX Airlines,"10:10 AM on Wed, Dec 16","2:20 PM on Wed, Dec 16",3 hr 10 min,0,NT$14496,round_trip,TRUE,FALSE,typical,https://www.google.com/travel/flights?tfs=GhwSCjIwMjYtMTItMTYoAGoFEgNUUEVyBRIDTlJUGhwSCjIwMjYtMTItMjIoAGoFEgNOUlRyBRIDVFBFQgEBSAGYAQE=
2026-09-09,2026-12-16,2026-12-22,outbound,Cathay Pacific,"12:50 PM on Wed, Dec 16","4:50 PM on Wed, Dec 16",3 hr,0,NT$14681,round_trip,TRUE,FALSE,typical,https://www.google.com/travel/flights?tfs=GhwSCjIwMjYtMTItMTYoAGoFEgNUUEVyBRIDTlJUGhwSCjIwMjYtMTItMjIoAGoFEgNOUlRyBRIDVFBFQgEBSAGYAQE=
2026-09-09,2026-12-16,2026-12-22,outbound,China Airlines,"12:35 PM on Wed, Dec 16","4:35 PM on Wed, Dec 16",3 hr,0,NT$14894,round_trip,TRUE,FALSE,typical,https://www.google.com/travel/flights?tfs=GhwSCjIwMjYtMTItMTYoAGoFEgNUUEVyBRIDTlJUGhwSCjIwMjYtMTItMjIoAGoFEgNOUlRyBRIDVFBFQgEBSAGYAQE=
2026-09-09,2026-12-16,2026-12-22,outbound,EVA Air,"7:55 AM on Wed, Dec 16","12:00 PM on Wed, Dec 16",3 hr 5 min,0,NT$15072,round_trip,TRUE,FALSE,typical,https://www.google.com/travel/flights?tfs=GhwSCjIwMjYtMTItMTYoAGoFEgNUUEVyBRIDTlJUGhwSCjIwMjYtMTItMjIoAGoFEgNOUlRyBRIDVFBFQgEBSAGYAQE=
2026-09-09,2026-12-16,2026-12-22,outbound,EVA Air,"8:50 AM on Wed, Dec 16","12:55 PM on Wed, Dec 16",3 hr 5 min,0,NT$15072,round_trip,TRUE,FALSE,typical,https://www.google.com/travel/flights?tfs=GhwSCjIwMjYtMTItMTYoAGoFEgNUUEVyBRIDTlJUGhwSCjIwMjYtMTItMjIoAGoFEgNOUlRyBRIDVFBFQgEBSAGYAQE=
2026-09-09,2026-12-16,2026-12-22,outbound,China Airlines,"2:25 PM on Wed, Dec 16","6:30 PM on Wed, Dec 16",3 hr 5 min,0,NT$15206,round_trip,FALSE,FALSE,typical,https://www.google.com/travel/flights?tfs=GhwSCjIwMjYtMTItMTYoAGoFEgNUUEVyBRIDTlJUGhwSCjIwMjYtMTItMjIoAGoFEgNOUlRyBRIDVFBFQgEBSAGYAQE=
2026-09-09,2026-12-16,2026-12-22,return,EVA Air,"1:00 PM on Tue, Dec 22","4:05 PM on Tue, Dec 22",4 hr 5 min,0,NT$7458,one_way,FALSE,TRUE,typical,https://www.google.com/travel/flights?tfs=GhwSCjIwMjYtMTItMjIoAGoFEgNOUlRyBRIDVFBFQgEBSAGYAQI=
2026-09-09,2026-12-16,2026-12-22,return,EVA Air,"2:00 PM on Tue, Dec 22","5:05 PM on Tue, Dec 22",4 hr 5 min,0,NT$7458,one_way,FALSE,FALSE,typical,https://www.google.com/travel/flights?tfs=GhwSCjIwMjYtMTItMjIoAGoFEgNOUlRyBRIDVFBFQgEBSAGYAQI=
2026-09-09,2026-12-16,2026-12-22,return,China Airlines,"9:20 AM on Tue, Dec 22","12:30 PM on Tue, Dec 22",4 hr 10 min,0,NT$8059,one_way,FALSE,FALSE,typical,https://www.google.com/travel/flights?tfs=GhwSCjIwMjYtMTItMjIoAGoFEgNOUlRyBRIDVFBFQgEBSAGYAQI=
2026-09-09,2026-12-16,2026-12-22,return,JAL,"6:05 PM on Tue, Dec 22","9:15 PM on Tue, Dec 22",4 hr 10 min,0,NT$8848,one_way,FALSE,FALSE,typical,https://www.google.com/travel/flights?tfs=GhwSCjIwMjYtMTItMjIoAGoFEgNOUlRyBRIDVFBFQgEBSAGYAQI=
2026-09-09,2026-12-16,2026-12-22,return,EVA Air,"8:20 PM on Tue, Dec 22","11:25 PM on Tue, Dec 22",4 hr 5 min,0,NT$9160,one_way,TRUE,FALSE,typical,https://www.google.com/travel/flights?tfs=GhwSCjIwMjYtMTItMjIoAGoFEgNOUlRyBRIDVFBFQgEBSAGYAQI=
2026-09-09,2026-12-16,2026-12-22,return,Cathay Pacific,"3:30 PM on Tue, Dec 22","6:35 PM on Tue, Dec 22",4 hr 5 min,0,NT$9215,one_way,FALSE,FALSE,typical,https://www.google.com/travel/flights?tfs=GhwSCjIwMjYtMTItMjIoAGoFEgNOUlRyBRIDVFBFQgEBSAGYAQI=
2026-09-09,2026-12-16,2026-12-22,return,STARLUX Airlines,"1:45 PM on Tue, Dec 22","4:50 PM on Tue, Dec 22",4 hr 5 min,0,NT$10068,one_way,FALSE,FALSE,typical,https://www.google.com/travel/flights?tfs=GhwSCjIwMjYtMTItMjIoAGoFEgNOUlRyBRIDVFBFQgEBSAGYAQI=
2026-09-09,2026-12-16,2026-12-22,return,STARLUX Airlines,"3:40 PM on Tue, Dec 22","6:45 PM on Tue, Dec 22",4 hr 5 min,0,NT$10068,one_way,FALSE,FALSE,typical,https://www.google.com/travel/flights?tfs=GhwSCjIwMjYtMTItMjIoAGoFEgNOUlRyBRIDVFBFQgEBSAGYAQI=
2026-09-09,2026-12-16,2026-12-22,return,STARLUX Airlines,"8:10 PM on Tue, Dec 22","11:20 PM on Tue, Dec 22",4 hr 10 min,0,NT$10068,one_way,TRUE,FALSE,typical,https://www.google.com/travel/flights?tfs=GhwSCjIwMjYtMTItMjIoAGoFEgNOUlRyBRIDVFBFQgEBSAGYAQI=
2026-09-09,2026-12-16,2026-12-22,return,China Airlines,"2:35 PM on Tue, Dec 22","5:45 PM on Tue, Dec 22",4 hr 10 min,0,NT$11585,one_way,FALSE,FALSE,typical,https://www.google.com/travel/flights?tfs=GhwSCjIwMjYtMTItMjIoAGoFEgNOUlRyBRIDVFBFQgEBSAGYAQI=
2026-09-09,2026-12-16,2026-12-22,return,China Airlines,"5:45 PM on Tue, Dec 22","8:55 PM on Tue, Dec 22",4 hr 10 min,0,NT$14106,one_way,FALSE,FALSE,typical,https://www.google.com/travel/flights?tfs=GhwSCjIwMjYtMTItMjIoAGoFEgNOUlRyBRIDVFBFQgEBSAGYAQI=
2026-09-10,2026-12-17,2026-12-23,outbound,STARLUX Airlines,"3:00 PM on Thu, Dec 17","7:00 PM on Thu, Dec 17",3 hr,0,NT$15215,round_trip,FALSE,TRUE,typical,https://www.google.com/travel/flights?tfs=GhwSCjIwMjYtMTItMTcoAGoFEgNUUEVyBRIDTlJUGhwSCjIwMjYtMTItMjMoAGoFEgNOUlRyBRIDVFBFQgEBSAGYAQE=
2026-09-10,2026-12-17,2026-12-23,outbound,Cathay Pacific,"12:50 PM on Thu, Dec 17","4:50 PM on Thu, Dec 17",3 hr,0,NT$15433,round_trip,TRUE,FALSE,typical,https://www.google.com/travel/flights?tfs=GhwSCjIwMjYtMTItMTcoAGoFEgNUUEVyBRIDTlJUGhwSCjIwMjYtMTItMjMoAGoFEgNOUlRyBRIDVFBFQgEBSAGYAQE=
2026-09-10,2026-12-17,2026-12-23,outbound,China Airlines,"4:25 PM on Thu, Dec 17","8:30 PM on Thu, Dec 17",3 hr 5 min,0,NT$15857,round_trip,FALSE,FALSE,typical,https://www.google.com/travel/flights?tfs=GhwSCjIwMjYtMTItMTcoAGoFEgNUUEVyBRIDTlJUGhwSCjIwMjYtMTItMjMoAGoFEgNOUlRyBRIDVFBFQgEBSAGYAQE=
2026-09-10,2026-12-17,2026-12-23,outbound,China Airlines,"2:25 PM on Thu, Dec 17","6:30 PM on Thu, Dec 17",3 hr 5 min,0,NT$16337,round_trip,FALSE,FALSE,typical,https://www.google.com/travel/flights?tfs=GhwSCjIwMjYtMTItMTcoAGoFEgNUUEVyBRIDTlJUGhwSCjIwMjYtMTItMjMoAGoFEgNOUlRyBRIDVFBFQgEBSAGYAQE=
2026-09-10,2026-12-17,2026-12-23,outbound,JAL,"10:55 AM on Thu, Dec 17","2:55 PM on Thu, Dec 17",3 hr,0,NT$16681,round_trip,TRUE,FALSE,typical,https://www.google.com/travel/flights?tfs=GhwSCjIwMjYtMTItMTcoAGoFEgNUUEVyBRIDTlJUGhwSCjIwMjYtMTItMjMoAGoFEgNOUlRyBRIDVFBFQgEBSAGYAQE=
2026-09-10,2026-12-17,2026-12-23,outbound,STARLUX Airlines,"8:25 AM on Thu, Dec 17","12:35 PM on Thu, Dec 17",3 hr 10 min,0,NT$16685,round_trip,TRUE,FALSE,typical,https://www.google.com/travel/flights?tfs=GhwSCjIwMjYtMTItMTcoAGoFEgNUUEVyBRIDTlJUGhwSCjIwMjYtMTItMjMoAGoFEgNOUlRyBRIDVFBFQgEBSAGYAQE=
2026-09-10,2026-12-17,2026-12-23,outbound,STARLUX Airlines,"10:10 AM on Thu, Dec 17","2:20 PM on Thu, Dec 17",3 hr 10 min,0,NT$16685,round_trip,TRUE,FALSE,typical,https://www.google.com/travel/flights?tfs=GhwSCjIwMjYtMTItMTcoAGoFEgNUUEVyBRIDTlJUGhwSCjIwMjYtMTItMjMoAGoFEgNOUlRyBRIDVFBFQgEBSAGYAQE=
2026-09-10,2026-12-17,2026-12-23,outbound,China Airlines,"9:30 AM on Thu, Dec 17","1:30 PM on Thu, Dec 17",3 hr,0,NT$17297,round_trip,TRUE,FALSE,typical,https://www.google.com/travel/flights?tfs=GhwSCjIwMjYtMTItMTcoAGoFEgNUUEVyBRIDTlJUGhwSCjIwMjYtMTItMjMoAGoFEgNOUlRyBRIDVFBFQgEBSAGYAQE=
2026-09-10,2026-12-17,2026-12-23,outbound,EVA Air,"7:55 AM on Thu, Dec 17","12:00 PM on Thu, Dec 17",3 hr 5 min,0,NT$17520,round_trip,TRUE,FALSE,typical,https://www.google.com/travel/flights?tfs=GhwSCjIwMjYtMTItMTcoAGoFEgNUUEVyBRIDTlJUGhwSCjIwMjYtMTItMjMoAGoFEgNOUlRyBRIDVFBFQgEBSAGYAQE=
2026-09-10,2026-12-17,2026-12-23,outbound,EVA Air,"8:50 AM on Thu, Dec 17","12:55 PM on Thu, Dec 17",3 hr 5 min,0,NT$17520,round_trip,TRUE,FALSE,typical,https://www.google.com/travel/flights?tfs=GhwSCjIwMjYtMTItMTcoAGoFEgNUUEVyBRIDTlJUGhwSCjIwMjYtMTItMjMoAGoFEgNOUlRyBRIDVFBFQgEBSAGYAQE=
2026-09-10,2026-12-17,2026-12-23,outbound,China Airlines,"12:35 PM on Thu, Dec 17","4:35 PM on Thu, Dec 17",3 hr,0,NT$17585,round_trip,TRUE,FALSE,typical,https://www.google.com/travel/flights?tfs=GhwSCjIwMjYtMTItMTcoAGoFEgNUUEVyBRIDTlJUGhwSCjIwMjYtMTItMjMoAGoFEgNOUlRyBRIDVFBFQgEBSAGYAQE=
2026-09-10,2026-12-17,2026-12-23,return,EVA Air,"1:00 PM on Wed, Dec 23","4:05 PM on Wed, Dec 23",4 hr 5 min,0,NT$7449,one_way,FALSE,TRUE,typical,https://www.google.com/travel/flights?tfs=GhwSCjIwMjYtMTItMjMoAGoFEgNOUlRyBRIDVFBFQgEBSAGYAQI=
2026-09-10,2026-12-17,2026-12-23,return,China Airlines,"9:20 AM on Wed, Dec 23","12:30 PM on Wed, Dec 23",4 hr 10 min,0,NT$8052,one_way,FALSE,FALSE,typical,https://www.google.com/travel/flights?tfs=GhwSCjIwMjYtMTItMjMoAGoFEgNOUlRyBRIDVFBFQgEBSAGYAQI=
2026-09-10,2026-12-17,2026-12-23,return,STARLUX Airlines,"1:45 PM on Wed, Dec 23","4:50 PM on Wed, Dec 23",4 hr 5 min,0,NT$8974,one_way,FALSE,FALSE,typical,https://www.google.com/travel/flights?tfs=GhwSCjIwMjYtMTItMjMoAGoFEgNOUlRyBRIDVFBFQgEBSAGYAQI=
2026-09-10,2026-12-17,2026-12-23,return,STARLUX Airlines,"8:10 PM on Wed, Dec 23","11:20 PM on Wed, Dec 23",4 hr 10 min,0,NT$8974,one_way,TRUE,FALSE,typical,https://www.google.com/travel/flights?tfs=GhwSCjIwMjYtMTItMjMoAGoFEgNOUlRyBRIDVFBFQgEBSAGYAQI=
2026-09-10,2026-12-17,2026-12-23,return,EVA Air,"8:20 PM on Wed, Dec 23","11:25 PM on Wed, Dec 23",4 hr 5 min,0,NT$9151,one_way,TRUE,FALSE,typical,https://www.google.com/travel/flights?tfs=GhwSCjIwMjYtMTItMjMoAGoFEgNOUlRyBRIDVFBFQgEBSAGYAQI=
2026-09-10,2026-12-17,2026-12-23,return,Cathay Pacific,"3:30 PM on Wed, Dec 23","6:35 PM on Wed, Dec 23",4 hr 5 min,0,NT$9214,one_way,FALSE,FALSE,typical,https://www.google.com/travel/flights?tfs=GhwSCjIwMjYtMTItMjMoAGoFEgNOUlRyBRIDVFBFQgEBSAGYAQI=
2026-09-10,2026-12-17,2026-12-23,return,STARLUX Airlines,"3:40 PM on Wed, Dec 23","6:45 PM on Wed, Dec 23",4 hr 5 min,0,NT$10061,one_way,FALSE,FALSE,typical,https://www.google.com/travel/flights?tfs=GhwSCjIwMjYtMTItMjMoAGoFEgNOUlRyBRIDVFBFQgEBSAGYAQI=
2026-09-10,2026-12-17,2026-12-23,return,EVA Air,"2:00 PM on Wed, Dec 23","5:05 PM on Wed, Dec 23",4 hr 5 min,0,NT$10544,one_way,FALSE,FALSE,typical,https://www.google.com/travel/flights?tfs=GhwSCjIwMjYtMTItMjMoAGoFEgNOUlRyBRIDVFBFQgEBSAGYAQI=
2026-09-10,2026-12-17,2026-12-23,return,China Airlines,"2:35 PM on Wed, Dec 23","5:45 PM on Wed, Dec 23",4 hr 10 min,0,NT$11577,one_way,FALSE,FALSE,typical,https://www.google.com/travel/flights?tfs=GhwSCjIwMjYtMTItMjMoAGoFEgNOUlRyBRIDVFBFQgEBSAGYAQI=
2026-09-10,2026-12-17,2026-12-23,return,China Airlines,"5:45 PM on Wed, Dec 23","8:55 PM on Wed, Dec 23",4 hr 10 min,0,NT$14099,one_way,FALSE,FALSE,typical,https://www.google.com/travel/flights?tfs=GhwSCjIwMjYtMTItMjMoAGoFEgNOUlRyBRIDVFBFQgEBSAGYAQI=
2026-09-10,2026-12-17,2026-12-23,return,China Airlines,"7:30 PM on Wed, Dec 23","10:45 PM on Wed, Dec 23",4 hr 15 min,0,NT$14099,one_way,FALSE,FALSE,typical,https://www.google.com/travel/flights?tfs=GhwSCjIwMjYtMTItMjMoAGoFEgNOUlRyBRIDVFBFQgEBSAGYAQI=
2026-09-10,2026-12-16,2026-12-22,outbound,STARLUX Airlines,"3:00 PM on Wed, Dec 16","7:00 PM on Wed, Dec 16",3 hr,0,NT$13075,round_trip,FALSE,FALSE,typical,https://www.google.com/travel/flights?tfs=GhwSCjIwMjYtMTItMTYoAGoFEgNUUEVyBRIDTlJUGhwSCjIwMjYtMTItMjIoAGoFEgNOUlRyBRIDVFBFQgEBSAGYAQE=
2026-09-10,2026-12-16,2026-12-22,outbound,JAL,"10:55 AM on Wed, Dec 16","2:55 PM on Wed, Dec 16",3 hr,0,NT$13393,round_trip,TRUE,FALSE,typical,https://www.google.com/travel/flights?tfs=GhwSCjIwMjYtMTItMTYoAGoFEgNUUEVyBRIDTlJUGhwSCjIwMjYtMTItMjIoAGoFEgNOUlRyBRIDVFBFQgEBSAGYAQE=
2026-09-10,2026-12-16,2026-12-22,outbound,China Airlines,"4:25 PM on Wed, Dec 16","8:30 PM on Wed, Dec 16",3 hr 5 min,0,NT$13956,round_trip,FALSE,FALSE,typical,https://www.google.com/travel/flights?tfs=GhwSCjIwMjYtMTItMTYoAGoFEgNUUEVyBRIDTlJUGhwSCjIwMjYtMTItMjIoAGoFEgNOUlRyBRIDVFBFQgEBSAGYAQE=
2026-09-10,2026-12-16,2026-12-22,outbound,EVA Air,"3:20 PM on Wed, Dec 16","7:20 PM on Wed, Dec 16",3 hr,0,NT$14125,round_trip,FALSE,FALSE,typical,https://www.google.com/travel/flights?tfs=GhwSCjIwMjYtMTItMTYoAGoFEgNUUEVyBRIDTlJUGhwSCjIwMjYtMTItMjIoAGoFEgNOUlRyBRIDVFBFQgEBSAGYAQE=
2026-09-10,2026-12-16,2026-12-22,outbound,STARLUX Airlines,"8:25 AM on Wed, Dec 16","12:35 PM on Wed, Dec 16",3 hr 10 min,0,NT$14494,round_trip,TRUE,FALSE,typical,https://www.google.com/travel/flights?tfs=GhwSCjIwMjYtMTItMTYoAGoFEgNUUEVyBRIDTlJUGhwSCjIwMjYtMTItMjIoAGoFEgNOUlRyBRIDVFBFQgEBSAGYAQE=
2026-09-10,2026-12-16,2026-12-22,outbound,STARLUX Airlines,"10:10 AM on Wed, Dec 16","2:20 PM on Wed, Dec 16",3 hr 10 min,0,NT$14494,round_trip,TRUE,FALSE,typical,https://www.google.com/travel/flights?tfs=GhwSCjIwMjYtMTItMTYoAGoFEgNUUEVyBRIDTlJUGhwSCjIwMjYtMTItMjIoAGoFEgNOUlRyBRIDVFBFQgEBSAGYAQE=
2026-09-10,2026-12-16,2026-12-22,outbound,China Airlines,"2:25 PM on Wed, Dec 16","6:30 PM on Wed, Dec 16",3 hr 5 min,0,NT$14580,round_trip,FALSE,FALSE,typical,https://www.google.com/travel/flights?tfs=GhwSCjIwMjYtMTItMTYoAGoFEgNUUEVyBRIDTlJUGhwSCjIwMjYtMTItMjIoAGoFEgNOUlRyBRIDVFBFQgEBSAGYAQE=
2026-09-10,2026-12-16,2026-12-22,outbound,Cathay Pacific,"12:50 PM on Wed, Dec 16","4:50 PM on Wed, Dec 16",3 hr,0,NT$14744,round_trip,TRUE,FALSE,typical,https://www.google.com/travel/flights?tfs=GhwSCjIwMjYtMTItMTYoAGoFEgNUUEVyBRIDTlJUGhwSCjIwMjYtMTItMjIoAGoFEgNOUlRyBRIDVFBFQgEBSAGYAQE=
2026-09-10,2026-12-16,2026-12-22,outbound,China Airlines,"12:35 PM on Wed, Dec 16","4:35 PM on Wed, Dec 16",3 hr,0,NT$14892,round_trip,TRUE,FALSE,typical,https://www.google.com/travel/flights?tfs=GhwSCjIwMjYtMTItMTYoAGoFEgNUUEVyBRIDTlJUGhwSCjIwMjYtMTItMjIoAGoFEgNOUlRyBRIDVFBFQgEBSAGYAQE=
2026-09-10,2026-12-16,2026-12-22,outbound,EVA Air,"7:55 AM on Wed, Dec 16","12:00 PM on Wed, Dec 16",3 hr 5 min,0,NT$15070,round_trip,TRUE,FALSE,typical,https://www.google.com/travel/flights?tfs=GhwSCjIwMjYtMTItMTYoAGoFEgNUUEVyBRIDTlJUGhwSCjIwMjYtMTItMjIoAGoFEgNOUlRyBRIDVFBFQgEBSAGYAQE=
2026-09-10,2026-12-16,2026-12-22,outbound,EVA Air,"8:50 AM on Wed, Dec 16","12:55 PM on Wed, Dec 16",3 hr 5 min,0,NT$15070,round_trip,TRUE,FALSE,typical,https://www.google.com/travel/flights?tfs=GhwSCjIwMjYtMTItMTYoAGoFEgNUUEVyBRIDTlJUGhwSCjIwMjYtMTItMjIoAGoFEgNOUlRyBRIDVFBFQgEBSAGYAQE=
2026-09-10,2026-12-16,2026-12-22,return,EVA Air,"2:00 PM on Tue, Dec 22","5:05 PM on Tue, Dec 22",4 hr 5 min,0,NT$7449,one_way,FALSE,TRUE,typical,https://www.google.com/travel/flights?tfs=GhwSCjIwMjYtMTItMjIoAGoFEgNOUlRyBRIDVFBFQgEBSAGYAQI=
2026-09-10,2026-12-16,2026-12-22,return,EVA Air,"1:00 PM on Tue, Dec 22","4:05 PM on Tue, Dec 22",4 hr 5 min,0,NT$7449,one_way,FALSE,FALSE,typical,https://www.google.com/travel/flights?tfs=GhwSCjIwMjYtMTItMjIoAGoFEgNOUlRyBRIDVFBFQgEBSAGYAQI=
2026-09-10,2026-12-16,2026-12-22,return,China Airlines,"9:20 AM on Tue, Dec 22","12:30 PM on Tue, Dec 22",4 hr 10 min,0,NT$8052,one_way,FALSE,FALSE,typical,https://www.google.com/travel/flights?tfs=GhwSCjIwMjYtMTItMjIoAGoFEgNOUlRyBRIDVFBFQgEBSAGYAQI=
2026-09-10,2026-12-16,2026-12-22,return,JAL,"6:05 PM on Tue, Dec 22","9:15 PM on Tue, Dec 22",4 hr 10 min,0,NT$8847,one_way,FALSE,FALSE,typical,https://www.google.com/travel/flights?tfs=GhwSCjIwMjYtMTItMjIoAGoFEgNOUlRyBRIDVFBFQgEBSAGYAQI=
2026-09-10,2026-12-16,2026-12-22,return,STARLUX Airlines,"1:45 PM on Tue, Dec 22","4:50 PM on Tue, Dec 22",4 hr 5 min,0,NT$8974,one_way,FALSE,FALSE,typical,https://www.google.com/travel/flights?tfs=GhwSCjIwMjYtMTItMjIoAGoFEgNOUlRyBRIDVFBFQgEBSAGYAQI=
2026-09-10,2026-12-16,2026-12-22,return,STARLUX Airlines,"8:10 PM on Tue, Dec 22","11:20 PM on Tue, Dec 22",4 hr 10 min,0,NT$8974,one_way,TRUE,FALSE,typical,https://www.google.com/travel/flights?tfs=GhwSCjIwMjYtMTItMjIoAGoFEgNOUlRyBRIDVFBFQgEBSAGYAQI=
2026-09-10,2026-12-16,2026-12-22,return,EVA Air,"8:20 PM on Tue, Dec 22","11:25 PM on Tue, Dec 22",4 hr 5 min,0,NT$9151,one_way,TRUE,FALSE,typical,https://www.google.com/travel/flights?tfs=GhwSCjIwMjYtMTItMjIoAGoFEgNOUlRyBRIDVFBFQgEBSAGYAQI=
2026-09-10,2026-12-16,2026-12-22,return,Cathay Pacific,"3:30 PM on Tue, Dec 22","6:35 PM on Tue, Dec 22",4 hr 5 min,0,NT$9214,one_way,FALSE,FALSE,typical,https://www.google.com/travel/flights?tfs=GhwSCjIwMjYtMTItMjIoAGoFEgNOUlRyBRIDVFBFQgEBSAGYAQI=
2026-09-10,2026-12-16,2026-12-22,return,STARLUX Airlines,"3:40 PM on Tue, Dec 22","6:45 PM on Tue, Dec 22",4 hr 5 min,0,NT$10061,one_way,FALSE,FALSE,typical,https://www.google.com/travel/flights?tfs=GhwSCjIwMjYtMTItMjIoAGoFEgNOUlRyBRIDVFBFQgEBSAGYAQI=
2026-09-10,2026-12-16,2026-12-22,return,China Airlines,"2:35 PM on Tue, Dec 22","5:45 PM on Tue, Dec 22",4 hr 10 min,0,NT$11577,one_way,FALSE,FALSE,typical,https://www.google.com/travel/flights?tfs=GhwSCjIwMjYtMTItMjIoAGoFEgNOUlRyBRIDVFBFQgEBSAGYAQI=
2026-09-10,2026-12-16,2026-12-22,return,China Airlines,"5:45 PM on Tue, Dec 22","8:55 PM on Tue, Dec 22",4 hr 10 min,0,NT$14099,one_way,FALSE,FALSE,typical,https://www.google.com/travel/flights?tfs=GhwSCjIwMjYtMTItMjIoAGoFEgNOUlRyBRIDVFBFQgEBSAGYAQI=
2026-09-11,2026-12-17,2026-12-23,outbound,Cathay Pacific,"12:50 PM on Thu, Dec 17","4:50 PM on Thu, Dec 17",3 hr,0,NT$14431,round_trip,TRUE,TRUE,typical,https://www.google.com/travel/flights?tfs=GhwSCjIwMjYtMTItMTcoAGoFEgNUUEVyBRIDTlJUGhwSCjIwMjYtMTItMjMoAGoFEgNOUlRyBRIDVFBFQgEBSAGYAQE=
2026-09-11,2026-12-17,2026-12-23,outbound,China Airlines,"4:25 PM on Thu, Dec 17","8:30 PM on Thu, Dec 17",3 hr 5 min,0,NT$15857,round_trip,FALSE,FALSE,typical,https://www.google.com/travel/flights?tfs=GhwSCjIwMjYtMTItMTcoAGoFEgNUUEVyBRIDTlJUGhwSCjIwMjYtMTItMjMoAGoFEgNOUlRyBRIDVFBFQgEBSAGYAQE=
2026-09-11,2026-12-17,2026-12-23,outbound,China Airlines,"2:25 PM on Thu, Dec 17","6:30 PM on Thu, Dec 17",3 hr 5 min,0,NT$16337,round_trip,FALSE,FALSE,typical,https://www.google.com/travel/flights?tfs=GhwSCjIwMjYtMTItMTcoAGoFEgNUUEVyBRIDTlJUGhwSCjIwMjYtMTItMjMoAGoFEgNOUlRyBRIDVFBFQgEBSAGYAQE=
2026-09-11,2026-12-17,2026-12-23,outbound,STARLUX Airlines,"3:00 PM on Thu, Dec 17","7:00 PM on Thu, Dec 17",3 hr,0,NT$16672,round_trip,FALSE,FALSE,typical,https://www.google.com/travel/flights?tfs=GhwSCjIwMjYtMTItMTcoAGoFEgNUUEVyBRIDTlJUGhwSCjIwMjYtMTItMjMoAGoFEgNOUlRyBRIDVFBFQgEBSAGYAQE=
2026-09-11,2026-12-17,2026-12-23,outbound,China Airlines,"9:30 AM on Thu, Dec 17","1:30 PM on Thu, Dec 17",3 hr,0,NT$17297,round_trip,TRUE,FALSE,typical,https://www.google.com/travel/flights?tfs=GhwSCjIwMjYtMTItMTcoAGoFEgNUUEVyBRIDTlJUGhwSCjIwMjYtMTItMjMoAGoFEgNOUlRyBRIDVFBFQgEBSAGYAQE=
2026-09-11,2026-12-17,2026-12-23,outbound,EVA Air,"7:55 AM on Thu, Dec 17","12:00 PM on Thu, Dec 17",3 hr 5 min,0,NT$17519,round_trip,TRUE,FALSE,typical,https://www.google.com/travel/flights?tfs=GhwSCjIwMjYtMTItMTcoAGoFEgNUUEVyBRIDTlJUGhwSCjIwMjYtMTItMjMoAGoFEgNOUlRyBRIDVFBFQgEBSAGYAQE=
2026-09-11,2026-12-17,2026-12-23,outbound,EVA Air,"8:50 AM on Thu, Dec 17","12:55 PM on Thu, Dec 17",3 hr 5 min,0,NT$17519,round_trip,TRUE,FALSE,typical,https://www.google.com/travel/flights?tfs=GhwSCjIwMjYtMTItMTcoAGoFEgNUUEVyBRIDTlJUGhwSCjIwMjYtMTItMjMoAGoFEgNOUlRyBRIDVFBFQgEBSAGYAQE=
2026-09-11,2026-12-17,2026-12-23,outbound,JAL,"10:55 AM on Thu, Dec 17","2:55 PM on Thu, Dec 17",3 hr,0,NT$17579,round_trip,TRUE,FALSE,typical,https://www.google.com/travel/flights?tfs=GhwSCjIwMjYtMTItMTcoAGoFEgNUUEVyBRIDTlJUGhwSCjIwMjYtMTItMjMoAGoFEgNOUlRyBRIDVFBFQgEBSAGYAQE=
2026-09-11,2026-12-17,2026-12-23,outbound,China Airlines,"12:35 PM on Thu, Dec 17","4:35 PM on Thu, Dec 17",3 hr,0,NT$17585,round_trip,TRUE,FALSE,typical,https://www.google.com/travel/flights?tfs=GhwSCjIwMjYtMTItMTcoAGoFEgNUUEVyBRIDTlJUGhwSCjIwMjYtMTItMjMoAGoFEgNOUlRyBRIDVFBFQgEBSAGYAQE=
2026-09-11,2026-12-17,2026-12-23,outbound,EVA Air,"3:20 PM on Thu, Dec 17","7:20 PM on Thu, Dec 17",3 hr,0,NT$18053,round_trip,FALSE,FALSE,typical,https://www.google.com/travel/flights?tfs=GhwSCjIwMjYtMTItMTcoAGoFEgNUUEVyBRIDTlJUGhwSCjIwMjYtMTItMjMoAGoFEgNOUlRyBRIDVFBFQgEBSAGYAQE=
2026-09-11,2026-12-17,2026-12-23,outbound,STARLUX Airlines,"8:25 AM on Thu, Dec 17","12:35 PM on Thu, Dec 17",3 hr 10 min,0,NT$18352,round_trip,TRUE,FALSE,typical,https://www.google.com/travel/flights?tfs=GhwSCjIwMjYtMTItMTcoAGoFEgNUUEVyBRIDTlJUGhwSCjIwMjYtMTItMjMoAGoFEgNOUlRyBRIDVFBFQgEBSAGYAQE=
2026-09-11,2026-12-17,2026-12-23,return,EVA Air,"1:00 PM on Wed, Dec 23","4:05 PM on Wed, Dec 23",4 hr 5 min,0,NT$7451,one_way,FALSE,TRUE,typical,https://www.google.com/travel/flights?tfs=GhwSCjIwMjYtMTItMjMoAGoFEgNOUlRyBRIDVFBFQgEBSAGYAQI=
2026-09-11,2026-12-17,2026-12-23,return,China Airlines,"9:20 AM on Wed, Dec 23","12:30 PM on Wed, Dec 23",4 hr 10 min,0,NT$8053,one_way,FALSE,FALSE,typical,https://www.google.com/travel/flights?tfs=GhwSCjIwMjYtMTItMjMoAGoFEgNOUlRyBRIDVFBFQgEBSAGYAQI=
2026-09-11,2026-12-17,2026-12-23,return,STARLUX Airlines,"1:45 PM on Wed, Dec 23","4:50 PM on Wed, Dec 23",4 hr 5 min,0,NT$8976,one_way,FALSE,FALSE,typical,https://www.google.com/travel/flights?tfs=GhwSCjIwMjYtMTItMjMoAGoFEgNOUlRyBRIDVFBFQgEBSAGYAQI=
2026-09-11,2026-12-17,2026-12-23,return,STARLUX Airlines,"8:10 PM on Wed, Dec 23","11:20 PM on Wed, Dec 23",4 hr 10 min,0,NT$8976,one_way,TRUE,FALSE,typical,https://www.google.com/travel/flights?tfs=GhwSCjIwMjYtMTItMjMoAGoFEgNOUlRyBRIDVFBFQgEBSAGYAQI=
2026-09-11,2026-12-17,2026-12-23,return,EVA Air,"8:20 PM on Wed, Dec 23","11:25 PM on Wed, Dec 23",4 hr 5 min,0,NT$9153,one_way,TRUE,FALSE,typical,https://www.google.com/travel/flights?tfs=GhwSCjIwMjYtMTItMjMoAGoFEgNOUlRyBRIDVFBFQgEBSAGYAQI=
2026-09-11,2026-12-17,2026-12-23,return,Cathay Pacific,"3:30 PM on Wed, Dec 23","6:35 PM on Wed, Dec 23",4 hr 5 min,0,NT$9218,one_way,FALSE,FALSE,typical,https://www.google.com/travel/flights?tfs=GhwSCjIwMjYtMTItMjMoAGoFEgNOUlRyBRIDVFBFQgEBSAGYAQI=
2026-09-11,2026-12-17,2026-12-23,return,STARLUX Airlines,"3:40 PM on Wed, Dec 23","6:45 PM on Wed, Dec 23",4 hr 5 min,0,NT$10063,one_way,FALSE,FALSE,typical,https://www.google.com/travel/flights?tfs=GhwSCjIwMjYtMTItMjMoAGoFEgNOUlRyBRIDVFBFQgEBSAGYAQI=
2026-09-11,2026-12-17,2026-12-23,return,EVA Air,"2:00 PM on Wed, Dec 23","5:05 PM on Wed, Dec 23",4 hr 5 min,0,NT$10547,one_way,FALSE,FALSE,typical,https://www.google.com/travel/flights?tfs=GhwSCjIwMjYtMTItMjMoAGoFEgNOUlRyBRIDVFBFQgEBSAGYAQI=
2026-09-11,2026-12-17,2026-12-23,return,China Airlines,"2:35 PM on Wed, Dec 23","5:45 PM on Wed, Dec 23",4 hr 10 min,0,NT$11581,one_way,FALSE,FALSE,typical,https://www.google.com/travel/flights?tfs=GhwSCjIwMjYtMTItMjMoAGoFEgNOUlRyBRIDVFBFQgEBSAGYAQI=
2026-09-11,2026-12-17,2026-12-23,return,China Airlines,"5:45 PM on Wed, Dec 23","8:55 PM on Wed, Dec 23",4 hr 10 min,0,NT$14103,one_way,FALSE,FALSE,typical,https://www.google.com/travel/flights?tfs=GhwSCjIwMjYtMTItMjMoAGoFEgNOUlRyBRIDVFBFQgEBSAGYAQI=
2026-09-11,2026-12-17,2026-12-23,return,China Airlines,"7:30 PM on Wed, Dec 23","10:45 PM on Wed, Dec 23",4 hr 15 min,0,NT$14103,one_way,FALSE,FALSE,typical,https://www.google.com/travel/flights?tfs=GhwSCjIwMjYtMTItMjMoAGoFEgNOUlRyBRIDVFBFQgEBSAGYAQI=
2026-09-11,2026-12-16,2026-12-22,outbound,STARLUX Airlines,"3:00 PM on Wed, Dec 16","7:00 PM on Wed, Dec 16",3 hr,0,NT$13955,round_trip,FALSE,FALSE,typical,https://www.google.com/travel/flights?tfs=GhwSCjIwMjYtMTItMTYoAGoFEgNUUEVyBRIDTlJUGhwSCjIwMjYtMTItMjIoAGoFEgNOUlRyBRIDVFBFQgEBSAGYAQE=
2026-09-11,2026-12-16,2026-12-22,outbound,China Airlines,"4:25 PM on Wed, Dec 16","8:30 PM on Wed, Dec 16",3 hr 5 min,0,NT$13955,round_trip,FALSE,FALSE,typical,https://www.google.com/travel/flights?tfs=GhwSCjIwMjYtMTItMTYoAGoFEgNUUEVyBRIDTlJUGhwSCjIwMjYtMTItMjIoAGoFEgNOUlRyBRIDVFBFQgEBSAGYAQE=
2026-09-11,2026-12-16,2026-12-22,outbound,EVA Air,"3:20 PM on Wed, Dec 16","7:20 PM on Wed, Dec 16",3 hr,0,NT$14124,round_trip,FALSE,FALSE,typical,https://www.google.com/travel/flights?tfs=GhwSCjIwMjYtMTItMTYoAGoFEgNUUEVyBRIDTlJUGhwSCjIwMjYtMTItMjIoAGoFEgNOUlRyBRIDVFBFQgEBSAGYAQE=
2026-09-11,2026-12-16,2026-12-22,outbound,Cathay Pacific,"12:50 PM on Wed, Dec 16","4:50 PM on Wed, Dec 16",3 hr,0,NT$14431,round_trip,TRUE,FALSE,typical,https://www.google.com/travel/flights?tfs=GhwSCjIwMjYtMTItMTYoAGoFEgNUUEVyBRIDTlJUGhwSCjIwMjYtMTItMjIoAGoFEgNOUlRyBRIDVFBFQgEBSAGYAQE=
2026-09-11,2026-12-16,2026-12-22,outbound,China Airlines,"2:25 PM on Wed, Dec 16","6:30 PM on Wed, Dec 16",3 hr 5 min,0,NT$14579,round_trip,FALSE,FALSE,typical,https://www.google.com/travel/flights?tfs=GhwSCjIwMjYtMTItMTYoAGoFEgNUUEVyBRIDTlJUGhwSCjIwMjYtMTItMjIoAGoFEgNOUlRyBRIDVFBFQgEBSAGYAQE=
2026-09-11,2026-12-16,2026-12-22,outbound,China Airlines,"12:35 PM on Wed, Dec 16","4:35 PM on Wed, Dec 16",3 hr,0,NT$14891,round_trip,TRUE,FALSE,typical,https://www.google.com/travel/flights?tfs=GhwSCjIwMjYtMTItMTYoAGoFEgNUUEVyBRIDTlJUGhwSCjIwMjYtMTItMjIoAGoFEgNOUlRyBRIDVFBFQgEBSAGYAQE=
2026-09-11,2026-12-16,2026-12-22,outbound,EVA Air,"7:55 AM on Wed, Dec 16","12:00 PM on Wed, Dec 16",3 hr 5 min,0,NT$15069,round_trip,TRUE,FALSE,typical,https://www.google.com/travel/flights?tfs=GhwSCjIwMjYtMTItMTYoAGoFEgNUUEVyBRIDTlJUGhwSCjIwMjYtMTItMjIoAGoFEgNOUlRyBRIDVFBFQgEBSAGYAQE=
2026-09-11,2026-12-16,2026-12-22,outbound,EVA Air,"8:50 AM on Wed, Dec 16","12:55 PM on Wed, Dec 16",3 hr 5 min,0,NT$15069,round_trip,TRUE,FALSE,typical,https://www.google.com/travel/flights?tfs=GhwSCjIwMjYtMTItMTYoAGoFEgNUUEVyBRIDTlJUGhwSCjIwMjYtMTItMjIoAGoFEgNOUlRyBRIDVFBFQgEBSAGYAQE=
2026-09-11,2026-12-16,2026-12-22,outbound,STARLUX Airlines,"8:25 AM on Wed, Dec 16","12:35 PM on Wed, Dec 16",3 hr 10 min,0,NT$15578,round_trip,TRUE,FALSE,typical,https://www.google.com/travel/flights?tfs=GhwSCjIwMjYtMTItMTYoAGoFEgNUUEVyBRIDTlJUGhwSCjIwMjYtMTItMjIoAGoFEgNOUlRyBRIDVFBFQgEBSAGYAQE=
2026-09-11,2026-12-16,2026-12-22,outbound,STARLUX Airlines,"10:10 AM on Wed, Dec 16","2:20 PM on Wed, Dec 16",3 hr 10 min,0,NT$15578,round_trip,TRUE,FALSE,typical,https://www.google.com/travel/flights?tfs=GhwSCjIwMjYtMTItMTYoAGoFEgNUUEVyBRIDTlJUGhwSCjIwMjYtMTItMjIoAGoFEgNOUlRyBRIDVFBFQgEBSAGYAQE=
2026-09-11,2026-12-16,2026-12-22,outbound,JAL,"10:55 AM on Wed, Dec 16","2:55 PM on Wed, Dec 16",3 hr,0,NT$15829,round_trip,TRUE,FALSE,typical,https://www.google.com/travel/flights?tfs=GhwSCjIwMjYtMTItMTYoAGoFEgNUUEVyBRIDTlJUGhwSCjIwMjYtMTItMjIoAGoFEgNOUlRyBRIDVFBFQgEBSAGYAQE=
2026-09-11,2026-12-16,2026-12-22,return,EVA Air,"2:00 PM on Tue, Dec 22","5:05 PM on Tue, Dec 22",4 hr 5 min,0,NT$7451,one_way,FALSE,TRUE,typical,https://www.google.com/travel/flights?tfs=GhwSCjIwMjYtMTItMjIoAGoFEgNOUlRyBRIDVFBFQgEBSAGYAQI=
2026-09-11,2026-12-16,2026-12-22,return,EVA Air,"1:00 PM on Tue, Dec 22","4:05 PM on Tue, Dec 22",4 hr 5 min,0,NT$7451,one_way,FALSE,FALSE,typical,https://www.google.com/travel/flights?tfs=GhwSCjIwMjYtMTItMjIoAGoFEgNOUlRyBRIDVFBFQgEBSAGYAQI=
2026-09-11,2026-12-16,2026-12-22,return,China Airlines,"9:20 AM on Tue, Dec 22","12:30 PM on Tue, Dec 22",4 hr 10 min,0,NT$8053,one_way,FALSE,FALSE,typical,https://www.google.com/travel/flights?tfs=GhwSCjIwMjYtMTItMjIoAGoFEgNOUlRyBRIDVFBFQgEBSAGYAQI=
2026-09-11,2026-12-16,2026-12-22,return,JAL,"6:05 PM on Tue, Dec 22","9:15 PM on Tue, Dec 22",4 hr 10 min,0,NT$8851,one_way,FALSE,FALSE,typical,https://www.google.com/travel/flights?tfs=GhwSCjIwMjYtMTItMjIoAGoFEgNOUlRyBRIDVFBFQgEBSAGYAQI=
2026-09-11,2026-12-16,2026-12-22,return,STARLUX Airlines,"1:45 PM on Tue, Dec 22","4:50 PM on Tue, Dec 22",4 hr 5 min,0,NT$8976,one_way,FALSE,FALSE,typical,https://www.google.com/travel/flights?tfs=GhwSCjIwMjYtMTItMjIoAGoFEgNOUlRyBRIDVFBFQgEBSAGYAQI=
2026-09-11,2026-12-16,2026-12-22,return,STARLUX Airlines,"8:10 PM on Tue, Dec 22","11:20 PM on Tue, Dec 22",4 hr 10 min,0,NT$8976,one_way,TRUE,FALSE,typical,https://www.google.com/travel/flights?tfs=GhwSCjIwMjYtMTItMjIoAGoFEgNOUlRyBRIDVFBFQgEBSAGYAQI=
2026-09-11,2026-12-16,2026-12-22,return,EVA Air,"8:20 PM on Tue, Dec 22","11:25 PM on Tue, Dec 22",4 hr 5 min,0,NT$9153,one_way,TRUE,FALSE,typical,https://www.google.com/travel/flights?tfs=GhwSCjIwMjYtMTItMjIoAGoFEgNOUlRyBRIDVFBFQgEBSAGYAQI=
2026-09-11,2026-12-16,2026-12-22,return,Cathay Pacific,"3:30 PM on Tue, Dec 22","6:35 PM on Tue, Dec 22",4 hr 5 min,0,NT$9218,one_way,FALSE,FALSE,typical,https://www.google.com/travel/flights?tfs=GhwSCjIwMjYtMTItMjIoAGoFEgNOUlRyBRIDVFBFQgEBSAGYAQI=
2026-09-11,2026-12-16,2026-12-22,return,STARLUX Airlines,"3:40 PM on Tue, Dec 22","6:45 PM on Tue, Dec 22",4 hr 5 min,0,NT$10063,one_way,FALSE,FALSE,typical,https://www.google.com/travel/flights?tfs=GhwSCjIwMjYtMTItMjIoAGoFEgNOUlRyBRIDVFBFQgEBSAGYAQI=
2026-09-11,2026-12-16,2026-12-22,return,China Airlines,"2:35 PM on Tue, Dec 22","5:45 PM on Tue, Dec 22",4 hr 10 min,0,NT$11581,one_way,FALSE,FALSE,typical,https://www.google.com/travel/flights?tfs=GhwSCjIwMjYtMTItMjIoAGoFEgNOUlRyBRIDVFBFQgEBSAGYAQI=
2026-09-11,2026-12-16,2026-12-22,return,China Airlines,"5:45 PM on Tue, Dec 22","8:55 PM on Tue, Dec 22",4 hr 10 min,0,NT$14103,one_way,FALSE,FALSE,typical,https://www.google.com/travel/flights?tfs=GhwSCjIwMjYtMTItMjIoAGoFEgNOUlRyBRIDVFBFQgEBSAGYAQI=
2026-09-12,2026-12-17,2026-12-23,outbound,Cathay Pacific,"12:50 PM on Thu, Dec 17","4:50 PM on Thu, Dec 17",3 hr,0,NT$14441,round_trip,TRUE,TRUE,typical,https://www.google.com/travel/flights?tfs=GhwSCjIwMjYtMTItMTcoAGoFEgNUUEVyBRIDTlJUGhwSCjIwMjYtMTItMjMoAGoFEgNOUlRyBRIDVFBFQgEBSAGYAQE=
2026-09-12,2026-12-17,2026-12-23,outbound,China Airlines,"4:25 PM on Thu, Dec 17","8:30 PM on Thu, Dec 17",3 hr 5 min,0,NT$15865,round_trip,FALSE,FALSE,typical,https://www.google.com/travel/flights?tfs=GhwSCjIwMjYtMTItMTcoAGoFEgNUUEVyBRIDTlJUGhwSCjIwMjYtMTItMjMoAGoFEgNOUlRyBRIDVFBFQgEBSAGYAQE=
2026-09-12,2026-12-17,2026-12-23,outbound,China Airlines,"2:25 PM on Thu, Dec 17","6:30 PM on Thu, Dec 17",3 hr 5 min,0,NT$16345,round_trip,FALSE,FALSE,typical,https://www.google.com/travel/flights?tfs=GhwSCjIwMjYtMTItMTcoAGoFEgNUUEVyBRIDTlJUGhwSCjIwMjYtMTItMjMoAGoFEgNOUlRyBRIDVFBFQgEBSAGYAQE=
2026-09-12,2026-12-17,2026-12-23,outbound,STARLUX Airlines,"3:00 PM on Thu, Dec 17","7:00 PM on Thu, Dec 17",3 hr,0,NT$16681,round_trip,FALSE,FALSE,typical,https://www.google.com/travel/flights?tfs=GhwSCjIwMjYtMTItMTcoAGoFEgNUUEVyBRIDTlJUGhwSCjIwMjYtMTItMjMoAGoFEgNOUlRyBRIDVFBFQgEBSAGYAQE=
2026-09-12,2026-12-17,2026-12-23,outbound,China Airlines,"9:30 AM on Thu, Dec 17","1:30 PM on Thu, Dec 17",3 hr,0,NT$17305,round_trip,TRUE,FALSE,typical,https://www.google.com/travel/flights?tfs=GhwSCjIwMjYtMTItMTcoAGoFEgNUUEVyBRIDTlJUGhwSCjIwMjYtMTItMjMoAGoFEgNOUlRyBRIDVFBFQgEBSAGYAQE=
2026-09-12,2026-12-17,2026-12-23,outbound,EVA Air,"7:55 AM on Thu, Dec 17","12:00 PM on Thu, Dec 17",3 hr 5 min,0,NT$17528,round_trip,TRUE,FALSE,typical,https://www.google.com/travel/flights?tfs=GhwSCjIwMjYtMTItMTcoAGoFEgNUUEVyBRIDTlJUGhwSCjIwMjYtMTItMjMoAGoFEgNOUlRyBRIDVFBFQgEBSAGYAQE=
2026-09-12,2026-12-17,2026-12-23,outbound,EVA Air,"8:50 AM on Thu, Dec 17","12:55 PM on Thu, Dec 17",3 hr 5 min,0,NT$17528,round_trip,TRUE,FALSE,typical,https://www.google.com/travel/flights?tfs=GhwSCjIwMjYtMTItMTcoAGoFEgNUUEVyBRIDTlJUGhwSCjIwMjYtMTItMjMoAGoFEgNOUlRyBRIDVFBFQgEBSAGYAQE=
2026-09-12,2026-12-17,2026-12-23,outbound,China Airlines,"12:35 PM on Thu, Dec 17","4:35 PM on Thu, Dec 17",3 hr,0,NT$17593,round_trip,TRUE,FALSE,typical,https://www.google.com/travel/flights?tfs=GhwSCjIwMjYtMTItMTcoAGoFEgNUUEVyBRIDTlJUGhwSCjIwMjYtMTItMjMoAGoFEgNOUlRyBRIDVFBFQgEBSAGYAQE=
2026-09-12,2026-12-17,2026-12-23,outbound,JAL,"10:40 AM on Thu, Dec 17","2:40 PM on Thu, Dec 17",3 hr,0,NT$17597,round_trip,TRUE,FALSE,typical,https://www.google.com/travel/flights?tfs=GhwSCjIwMjYtMTItMTcoAGoFEgNUUEVyBRIDTlJUGhwSCjIwMjYtMTItMjMoAGoFEgNOUlRyBRIDVFBFQgEBSAGYAQE=
2026-09-12,2026-12-17,2026-12-23,outbound,EVA Air,"3:20 PM on Thu, Dec 17","7:20 PM on Thu, Dec 17",3 hr,0,NT$18062,round_trip,FALSE,FALSE,typical,https://www.google.com/travel/flights?tfs=GhwSCjIwMjYtMTItMTcoAGoFEgNUUEVyBRIDTlJUGhwSCjIwMjYtMTItMjMoAGoFEgNOUlRyBRIDVFBFQgEBSAGYAQE=
2026-09-12,2026-12-17,2026-12-23,outbound,STARLUX Airlines,"8:25 AM on Thu, Dec 17","12:35 PM on Thu, Dec 17",3 hr 10 min,0,NT$18361,round_trip,TRUE,FALSE,typical,https://www.google.com/travel/flights?tfs=GhwSCjIwMjYtMTItMTcoAGoFEgNUUEVyBRIDTlJUGhwSCjIwMjYtMTItMjMoAGoFEgNOUlRyBRIDVFBFQgEBSAGYAQE=
2026-09-12,2026-12-17,2026-12-23,return,EVA Air,"1:00 PM on Wed, Dec 23","4:05 PM on Wed, Dec 23",4 hr 5 min,0,NT$7490,one_way,FALSE,TRUE,typical,https://www.google.com/travel/flights?tfs=GhwSCjIwMjYtMTItMjMoAGoFEgNOUlRyBRIDVFBFQgEBSAGYAQI=
2026-09-12,2026-12-17,2026-12-23,return,China Airlines,"9:20 AM on Wed, Dec 23","12:30 PM on Wed, Dec 23",4 hr 10 min,0,NT$8094,one_way,FALSE,FALSE,typical,https://www.google.com/travel/flights?tfs=GhwSCjIwMjYtMTItMjMoAGoFEgNOUlRyBRIDVFBFQgEBSAGYAQI=
2026-09-12,2026-12-17,2026-12-23,return,STARLUX Airlines,"1:45 PM on Wed, Dec 23","4:50 PM on Wed, Dec 23",4 hr 5 min,0,NT$9021,one_way,FALSE,FALSE,typical,https://www.google.com/travel/flights?tfs=GhwSCjIwMjYtMTItMjMoAGoFEgNOUlRyBRIDVFBFQgEBSAGYAQI=
2026-09-12,2026-12-17,2026-12-23,return,EVA Air,"8:20 PM on Wed, Dec 23","11:25 PM on Wed, Dec 23",4 hr 5 min,0,NT$9201,one_way,TRUE,FALSE,typical,https://www.google.com/travel/flights?tfs=GhwSCjIwMjYtMTItMjMoAGoFEgNOUlRyBRIDVFBFQgEBSAGYAQI=
2026-09-12,2026-12-17,2026-12-23,return,Cathay Pacific,"3:30 PM on Wed, Dec 23","6:35 PM on Wed, Dec 23",4 hr 5 min,0,NT$9262,one_way,FALSE,FALSE,typical,https://www.google.com/travel/flights?tfs=GhwSCjIwMjYtMTItMjMoAGoFEgNOUlRyBRIDVFBFQgEBSAGYAQI=
2026-09-12,2026-12-17,2026-12-23,return,STARLUX Airlines,"3:40 PM on Wed, Dec 23","6:45 PM on Wed, Dec 23",4 hr 5 min,0,NT$10113,one_way,FALSE,FALSE,typical,https://www.google.com/travel/flights?tfs=GhwSCjIwMjYtMTItMjMoAGoFEgNOUlRyBRIDVFBFQgEBSAGYAQI=
2026-09-12,2026-12-17,2026-12-23,return,STARLUX Airlines,"8:10 PM on Wed, Dec 23","11:20 PM on Wed, Dec 23",4 hr 10 min,0,NT$10113,one_way,TRUE,FALSE,typical,https://www.google.com/travel/flights?tfs=GhwSCjIwMjYtMTItMjMoAGoFEgNOUlRyBRIDVFBFQgEBSAGYAQI=
2026-09-12,2026-12-17,2026-12-23,return,EVA Air,"2:00 PM on Wed, Dec 23","5:05 PM on Wed, Dec 23",4 hr 5 min,0,NT$10602,one_way,FALSE,FALSE,typical,https://www.google.com/travel/flights?tfs=GhwSCjIwMjYtMTItMjMoAGoFEgNOUlRyBRIDVFBFQgEBSAGYAQI=
2026-09-12,2026-12-17,2026-12-23,return,China Airlines,"2:35 PM on Wed, Dec 23","5:45 PM on Wed, Dec 23",4 hr 10 min,0,NT$11638,one_way,FALSE,FALSE,typical,https://www.google.com/travel/flights?tfs=GhwSCjIwMjYtMTItMjMoAGoFEgNOUlRyBRIDVFBFQgEBSAGYAQI=
2026-09-12,2026-12-17,2026-12-23,return,China Airlines,"5:45 PM on Wed, Dec 23","8:55 PM on Wed, Dec 23",4 hr 10 min,0,NT$14173,one_way,FALSE,FALSE,typical,https://www.google.com/travel/flights?tfs=GhwSCjIwMjYtMTItMjMoAGoFEgNOUlRyBRIDVFBFQgEBSAGYAQI=
2026-09-12,2026-12-17,2026-12-23,return,China Airlines,"7:30 PM on Wed, Dec 23","10:45 PM on Wed, Dec 23",4 hr 15 min,0,NT$14173,one_way,FALSE,FALSE,typical,https://www.google.com/travel/flights?tfs=GhwSCjIwMjYtMTItMjMoAGoFEgNOUlRyBRIDVFBFQgEBSAGYAQI=
2026-09-12,2026-12-16,2026-12-22,outbound,STARLUX Airlines,"3:00 PM on Wed, Dec 16","7:00 PM on Wed, Dec 16",3 hr,0,NT$14291,round_trip,FALSE,FALSE,typical,https://www.google.com/travel/flights?tfs=GhwSCjIwMjYtMTItMTYoAGoFEgNUUEVyBRIDTlJUGhwSCjIwMjYtMTItMjIoAGoFEgNOUlRyBRIDVFBFQgEBSAGYAQE=
2026-09-12,2026-12-16,2026-12-22,outbound,China Airlines,"4:25 PM on Wed, Dec 16","8:30 PM on Wed, Dec 16",3 hr 5 min,0,NT$14291,round_trip,FALSE,FALSE,typical,https://www.google.com/travel/flights?tfs=GhwSCjIwMjYtMTItMTYoAGoFEgNUUEVyBRIDTlJUGhwSCjIwMjYtMTItMjIoAGoFEgNOUlRyBRIDVFBFQgEBSAGYAQE=
2026-09-12,2026-12-16,2026-12-22,outbound,EVA Air,"3:20 PM on Wed, Dec 16","7:20 PM on Wed, Dec 16",3 hr,0,NT$14460,round_trip,FALSE,FALSE,typical,https://www.google.com/travel/flights?tfs=GhwSCjIwMjYtMTItMTYoAGoFEgNUUEVyBRIDTlJUGhwSCjIwMjYtMTItMjIoAGoFEgNOUlRyBRIDVFBFQgEBSAGYAQE=
2026-09-12,2026-12-16,2026-12-22,outbound,Cathay Pacific,"12:50 PM on Wed, Dec 16","4:50 PM on Wed, Dec 16",3 hr,0,NT$15078,round_trip,TRUE,FALSE,typical,https://www.google.com/travel/flights?tfs=GhwSCjIwMjYtMTItMTYoAGoFEgNUUEVyBRIDTlJUGhwSCjIwMjYtMTItMjIoAGoFEgNOUlRyBRIDVFBFQgEBSAGYAQE=
2026-09-12,2026-12-16,2026-12-22,outbound,China Airlines,"12:35 PM on Wed, Dec 16","4:35 PM on Wed, Dec 16",3 hr,0,NT$15227,round_trip,TRUE,FALSE,typical,https://www.google.com/travel/flights?tfs=GhwSCjIwMjYtMTItMTYoAGoFEgNUUEVyBRIDTlJUGhwSCjIwMjYtMTItMjIoAGoFEgNOUlRyBRIDVFBFQgEBSAGYAQE=
2026-09-12,2026-12-16,2026-12-22,outbound,EVA Air,"7:55 AM on Wed, Dec 16","12:00 PM on Wed, Dec 16",3 hr 5 min,0,NT$15405,round_trip,TRUE,FALSE,typical,https://www.google.com/travel/flights?tfs=GhwSCjIwMjYtMTItMTYoAGoFEgNUUEVyBRIDTlJUGhwSCjIwMjYtMTItMjIoAGoFEgNOUlRyBRIDVFBFQgEBSAGYAQE=
2026-09-12,2026-12-16,2026-12-22,outbound,EVA Air,"8:50 AM on Wed, Dec 16","12:55 PM on Wed, Dec 16",3 hr 5 min,0,NT$15405,round_trip,TRUE,FALSE,typical,https://www.google.com/travel/flights?tfs=GhwSCjIwMjYtMTItMTYoAGoFEgNUUEVyBRIDTlJUGhwSCjIwMjYtMTItMjIoAGoFEgNOUlRyBRIDVFBFQgEBSAGYAQE=
2026-09-12,2026-12-16,2026-12-22,outbound,China Airlines,"2:25 PM on Wed, Dec 16","6:30 PM on Wed, Dec 16",3 hr 5 min,0,NT$15539,round_trip,FALSE,FALSE,typical,https://www.google.com/travel/flights?tfs=GhwSCjIwMjYtMTItMTYoAGoFEgNUUEVyBRIDTlJUGhwSCjIwMjYtMTItMjIoAGoFEgNOUlRyBRIDVFBFQgEBSAGYAQE=
2026-09-12,2026-12-16,2026-12-22,outbound,JAL,"10:55 AM on Wed, Dec 16","2:55 PM on Wed, Dec 16",3 hr,0,NT$15847,round_trip,TRUE,FALSE,typical,https://www.google.com/travel/flights?tfs=GhwSCjIwMjYtMTItMTYoAGoFEgNUUEVyBRIDTlJUGhwSCjIwMjYtMTItMjIoAGoFEgNOUlRyBRIDVFBFQgEBSAGYAQE=
2026-09-12,2026-12-16,2026-12-22,outbound,STARLUX Airlines,"8:25 AM on Wed, Dec 16","12:35 PM on Wed, Dec 16",3 hr 10 min,0,NT$15914,round_trip,TRUE,FALSE,typical,https://www.google.com/travel/flights?tfs=GhwSCjIwMjYtMTItMTYoAGoFEgNUUEVyBRIDTlJUGhwSCjIwMjYtMTItMjIoAGoFEgNOUlRyBRIDVFBFQgEBSAGYAQE=
2026-09-12,2026-12-16,2026-12-22,outbound,STARLUX Airlines,"10:10 AM on Wed, Dec 16","2:20 PM on Wed, Dec 16",3 hr 10 min,0,NT$15914,round_trip,TRUE,FALSE,typical,https://www.google.com/travel/flights?tfs=GhwSCjIwMjYtMTItMTYoAGoFEgNUUEVyBRIDTlJUGhwSCjIwMjYtMTItMjIoAGoFEgNOUlRyBRIDVFBFQgEBSAGYAQE=
2026-09-12,2026-12-16,2026-12-22,return,EVA Air,"2:00 PM on Tue, Dec 22","5:05 PM on Tue, Dec 22",4 hr 5 min,0,NT$7490,one_way,FALSE,TRUE,typical,https://www.google.com/travel/flights?tfs=GhwSCjIwMjYtMTItMjIoAGoFEgNOUlRyBRIDVFBFQgEBSAGYAQI=
2026-09-12,2026-12-16,2026-12-22,return,EVA Air,"1:00 PM on Tue, Dec 22","4:05 PM on Tue, Dec 22",4 hr 5 min,0,NT$7490,one_way,FALSE,FALSE,typical,https://www.google.com/travel/flights?tfs=GhwSCjIwMjYtMTItMjIoAGoFEgNOUlRyBRIDVFBFQgEBSAGYAQI=
2026-09-12,2026-12-16,2026-12-22,return,China Airlines,"9:20 AM on Tue, Dec 22","12:30 PM on Tue, Dec 22",4 hr 10 min,0,NT$8094,one_way,FALSE,FALSE,typical,https://www.google.com/travel/flights?tfs=GhwSCjIwMjYtMTItMjIoAGoFEgNOUlRyBRIDVFBFQgEBSAGYAQI=
2026-09-12,2026-12-16,2026-12-22,return,JAL,"6:05 PM on Tue, Dec 22","9:15 PM on Tue, Dec 22",4 hr 10 min,0,NT$8894,one_way,FALSE,FALSE,typical,https://www.google.com/travel/flights?tfs=GhwSCjIwMjYtMTItMjIoAGoFEgNOUlRyBRIDVFBFQgEBSAGYAQI=
2026-09-12,2026-12-16,2026-12-22,return,STARLUX Airlines,"1:45 PM on Tue, Dec 22","4:50 PM on Tue, Dec 22",4 hr 5 min,0,NT$9021,one_way,FALSE,FALSE,typical,https://www.google.com/travel/flights?tfs=GhwSCjIwMjYtMTItMjIoAGoFEgNOUlRyBRIDVFBFQgEBSAGYAQI=
2026-09-12,2026-12-16,2026-12-22,return,STARLUX Airlines,"8:10 PM on Tue, Dec 22","11:20 PM on Tue, Dec 22",4 hr 10 min,0,NT$9021,one_way,TRUE,FALSE,typical,https://www.google.com/travel/flights?tfs=GhwSCjIwMjYtMTItMjIoAGoFEgNOUlRyBRIDVFBFQgEBSAGYAQI=
2026-09-12,2026-12-16,2026-12-22,return,EVA Air,"8:20 PM on Tue, Dec 22","11:25 PM on Tue, Dec 22",4 hr 5 min,0,NT$9201,one_way,TRUE,FALSE,typical,https://www.google.com/travel/flights?tfs=GhwSCjIwMjYtMTItMjIoAGoFEgNOUlRyBRIDVFBFQgEBSAGYAQI=
2026-09-12,2026-12-16,2026-12-22,return,Cathay Pacific,"3:30 PM on Tue, Dec 22","6:35 PM on Tue, Dec 22",4 hr 5 min,0,NT$9262,one_way,FALSE,FALSE,typical,https://www.google.com/travel/flights?tfs=GhwSCjIwMjYtMTItMjIoAGoFEgNOUlRyBRIDVFBFQgEBSAGYAQI=
2026-09-12,2026-12-16,2026-12-22,return,STARLUX Airlines,"3:40 PM on Tue, Dec 22","6:45 PM on Tue, Dec 22",4 hr 5 min,0,NT$10113,one_way,FALSE,FALSE,typical,https://www.google.com/travel/flights?tfs=GhwSCjIwMjYtMTItMjIoAGoFEgNOUlRyBRIDVFBFQgEBSAGYAQI=
2026-09-12,2026-12-16,2026-12-22,return,China Airlines,"2:35 PM on Tue, Dec 22","5:45 PM on Tue, Dec 22",4 hr 10 min,0,NT$11638,one_way,FALSE,FALSE,typical,https://www.google.com/travel/flights?tfs=GhwSCjIwMjYtMTItMjIoAGoFEgNOUlRyBRIDVFBFQgEBSAGYAQI=
2026-09-12,2026-12-16,2026-12-22,return,China Airlines,"5:45 PM on Tue, Dec 22","8:55 PM on Tue, Dec 22",4 hr 10 min,0,NT$14173,one_way,FALSE,FALSE,typical,https://www.google.com/travel/flights?tfs=GhwSCjIwMjYtMTItMjIoAGoFEgNOUlRyBRIDVFBFQgEBSAGYAQI=
2026-09-13,2026-12-17,2026-12-23,outbound,Cathay Pacific,"12:50 PM on Thu, Dec 17","4:50 PM on Thu, Dec 17",3 hr,0,NT$15441,round_trip,TRUE,FALSE,typical,https://www.google.com/travel/flights?tfs=GhwSCjIwMjYtMTItMTcoAGoFEgNUUEVyBRIDTlJUGhwSCjIwMjYtMTItMjMoAGoFEgNOUlRyBRIDVFBFQgEBSAGYAQE=
2026-09-13,2026-12-17,2026-12-23,outbound,China Airlines,"4:25 PM on Thu, Dec 17","8:30 PM on Thu, Dec 17",3 hr 5 min,0,NT$15865,round_trip,FALSE,FALSE,typical,https://www.google.com/travel/flights?tfs=GhwSCjIwMjYtMTItMTcoAGoFEgNUUEVyBRIDTlJUGhwSCjIwMjYtMTItMjMoAGoFEgNOUlRyBRIDVFBFQgEBSAGYAQE=
2026-09-13,2026-12-17,2026-12-23,outbound,China Airlines,"2:25 PM on Thu, Dec 17","6:30 PM on Thu, Dec 17",3 hr 5 min,0,NT$16345,round_trip,FALSE,FALSE,typical,https://www.google.com/travel/flights?tfs=GhwSCjIwMjYtMTItMTcoAGoFEgNUUEVyBRIDTlJUGhwSCjIwMjYtMTItMjMoAGoFEgNOUlRyBRIDVFBFQgEBSAGYAQE=
2026-09-13,2026-12-17,2026-12-23,outbound,STARLUX Airlines,"3:00 PM on Thu, Dec 17","7:00 PM on Thu, Dec 17",3 hr,0,NT$16681,round_trip,FALSE,FALSE,typical,https://www.google.com/travel/flights?tfs=GhwSCjIwMjYtMTItMTcoAGoFEgNUUEVyBRIDTlJUGhwSCjIwMjYtMTItMjMoAGoFEgNOUlRyBRIDVFBFQgEBSAGYAQE=
2026-09-13,2026-12-17,2026-12-23,outbound,JAL,"10:40 AM on Thu, Dec 17","2:40 PM on Thu, Dec 17",3 hr,0,NT$16697,round_trip,TRUE,FALSE,typical,https://www.google.com/travel/flights?tfs=GhwSCjIwMjYtMTItMTcoAGoFEgNUUEVyBRIDTlJUGhwSCjIwMjYtMTItMjMoAGoFEgNOUlRyBRIDVFBFQgEBSAGYAQE=
2026-09-13,2026-12-17,2026-12-23,outbound,China Airlines,"9:30 AM on Thu, Dec 17","1:30 PM on Thu, Dec 17",3 hr,0,NT$17305,round_trip,TRUE,FALSE,typical,https://www.google.com/travel/flights?tfs=GhwSCjIwMjYtMTItMTcoAGoFEgNUUEVyBRIDTlJUGhwSCjIwMjYtMTItMjMoAGoFEgNOUlRyBRIDVFBFQgEBSAGYAQE=
2026-09-13,2026-12-17,2026-12-23,outbound,EVA Air,"7:55 AM on Thu, Dec 17","12:00 PM on Thu, Dec 17",3 hr 5 min,0,NT$17528,round_trip,TRUE,FALSE,typical,https://www.google.com/travel/flights?tfs=GhwSCjIwMjYtMTItMTcoAGoFEgNUUEVyBRIDTlJUGhwSCjIwMjYtMTItMjMoAGoFEgNOUlRyBRIDVFBFQgEBSAGYAQE=
2026-09-13,2026-12-17,2026-12-23,outbound,EVA Air,"8:50 AM on Thu, Dec 17","12:55 PM on Thu, Dec 17",3 hr 5 min,0,NT$17528,round_trip,TRUE,FALSE,typical,https://www.google.com/travel/flights?tfs=GhwSCjIwMjYtMTItMTcoAGoFEgNUUEVyBRIDTlJUGhwSCjIwMjYtMTItMjMoAGoFEgNOUlRyBRIDVFBFQgEBSAGYAQE=
2026-09-13,2026-12-17,2026-12-23,outbound,China Airlines,"12:35 PM on Thu, Dec 17","4:35 PM on Thu, Dec 17",3 hr,0,NT$17593,round_trip,TRUE,FALSE,typical,https://www.google.com/travel/flights?tfs=GhwSCjIwMjYtMTItMTcoAGoFEgNUUEVyBRIDTlJUGhwSCjIwMjYtMTItMjMoAGoFEgNOUlRyBRIDVFBFQgEBSAGYAQE=
2026-09-13,2026-12-17,2026-12-23,outbound,EVA Air,"3:20 PM on Thu, Dec 17","7:20 PM on Thu, Dec 17",3 hr,0,NT$18062,round_trip,FALSE,FALSE,typical,https://www.google.com/travel/flights?tfs=GhwSCjIwMjYtMTItMTcoAGoFEgNUUEVyBRIDTlJUGhwSCjIwMjYtMTItMjMoAGoFEgNOUlRyBRIDVFBFQgEBSAGYAQE=
2026-09-13,2026-12-17,2026-12-23,outbound,STARLUX Airlines,"8:25 AM on Thu, Dec 17","12:35 PM on Thu, Dec 17",3 hr 10 min,0,NT$18361,round_trip,TRUE,FALSE,typical,https://www.google.com/travel/flights?tfs=GhwSCjIwMjYtMTItMTcoAGoFEgNUUEVyBRIDTlJUGhwSCjIwMjYtMTItMjMoAGoFEgNOUlRyBRIDVFBFQgEBSAGYAQE=
2026-09-13,2026-12-17,2026-12-23,return,EVA Air,"1:00 PM on Wed, Dec 23","4:05 PM on Wed, Dec 23",4 hr 5 min,0,NT$7560,one_way,FALSE,TRUE,typical,https://www.google.com/travel/flights?tfs=GhwSCjIwMjYtMTItMjMoAGoFEgNOUlRyBRIDVFBFQgEBSAGYAQI=
2026-09-13,2026-12-17,2026-12-23,return,China Airlines,"9:20 AM on Wed, Dec 23","12:30 PM on Wed, Dec 23",4 hr 10 min,0,NT$8170,one_way,FALSE,FALSE,typical,https://www.google.com/travel/flights?tfs=GhwSCjIwMjYtMTItMjMoAGoFEgNOUlRyBRIDVFBFQgEBSAGYAQI=
2026-09-13,2026-12-17,2026-12-23,return,STARLUX Airlines,"1:45 PM on Wed, Dec 23","4:50 PM on Wed, Dec 23",4 hr 5 min,0,NT$9105,one_way,FALSE,FALSE,typical,https://www.google.com/travel/flights?tfs=GhwSCjIwMjYtMTItMjMoAGoFEgNOUlRyBRIDVFBFQgEBSAGYAQI=
2026-09-13,2026-12-17,2026-12-23,return,EVA Air,"8:20 PM on Wed, Dec 23","11:25 PM on Wed, Dec 23",4 hr 5 min,0,NT$9286,one_way,TRUE,FALSE,typical,https://www.google.com/travel/flights?tfs=GhwSCjIwMjYtMTItMjMoAGoFEgNOUlRyBRIDVFBFQgEBSAGYAQI=
2026-09-13,2026-12-17,2026-12-23,return,Cathay Pacific,"3:30 PM on Wed, Dec 23","6:35 PM on Wed, Dec 23",4 hr 5 min,0,NT$9349,one_way,FALSE,FALSE,typical,https://www.google.com/travel/flights?tfs=GhwSCjIwMjYtMTItMjMoAGoFEgNOUlRyBRIDVFBFQgEBSAGYAQI=
2026-09-13,2026-12-17,2026-12-23,return,STARLUX Airlines,"3:40 PM on Wed, Dec 23","6:45 PM on Wed, Dec 23",4 hr 5 min,0,NT$10208,one_way,FALSE,FALSE,typical,https://www.google.com/travel/flights?tfs=GhwSCjIwMjYtMTItMjMoAGoFEgNOUlRyBRIDVFBFQgEBSAGYAQI=
2026-09-13,2026-12-17,2026-12-23,return,STARLUX Airlines,"8:10 PM on Wed, Dec 23","11:20 PM on Wed, Dec 23",4 hr 10 min,0,NT$10208,one_way,TRUE,FALSE,typical,https://www.google.com/travel/flights?tfs=GhwSCjIwMjYtMTItMjMoAGoFEgNOUlRyBRIDVFBFQgEBSAGYAQI=
2026-09-13,2026-12-17,2026-12-23,return,EVA Air,"2:00 PM on Wed, Dec 23","5:05 PM on Wed, Dec 23",4 hr 5 min,0,NT$10701,one_way,FALSE,FALSE,typical,https://www.google.com/travel/flights?tfs=GhwSCjIwMjYtMTItMjMoAGoFEgNOUlRyBRIDVFBFQgEBSAGYAQI=
2026-09-13,2026-12-17,2026-12-23,return,China Airlines,"2:35 PM on Wed, Dec 23","5:45 PM on Wed, Dec 23",4 hr 10 min,0,NT$11747,one_way,FALSE,FALSE,typical,https://www.google.com/travel/flights?tfs=GhwSCjIwMjYtMTItMjMoAGoFEgNOUlRyBRIDVFBFQgEBSAGYAQI=
2026-09-13,2026-12-17,2026-12-23,return,China Airlines,"5:45 PM on Wed, Dec 23","8:55 PM on Wed, Dec 23",4 hr 10 min,0,NT$14305,one_way,FALSE,FALSE,typical,https://www.google.com/travel/flights?tfs=GhwSCjIwMjYtMTItMjMoAGoFEgNOUlRyBRIDVFBFQgEBSAGYAQI=
2026-09-13,2026-12-17,2026-12-23,return,China Airlines,"7:30 PM on Wed, Dec 23","10:45 PM on Wed, Dec 23",4 hr 15 min,0,NT$14305,one_way,FALSE,FALSE,typical,https://www.google.com/travel/flights?tfs=GhwSCjIwMjYtMTItMjMoAGoFEgNOUlRyBRIDVFBFQgEBSAGYAQI=
2026-09-13,2026-12-16,2026-12-22,outbound,JAL,"10:40 AM on Wed, Dec 16","2:40 PM on Wed, Dec 16",3 hr,0,NT$13773,round_trip,TRUE,FALSE,typical,https://www.google.com/travel/flights?tfs=GhwSCjIwMjYtMTItMTYoAGoFEgNUUEVyBRIDTlJUGhwSCjIwMjYtMTItMjIoAGoFEgNOUlRyBRIDVFBFQgEBSAGYAQE=
2026-09-13,2026-12-16,2026-12-22,outbound,STARLUX Airlines,"3:00 PM on Wed, Dec 16","7:00 PM on Wed, Dec 16",3 hr,0,NT$14333,round_trip,FALSE,FALSE,typical,https://www.google.com/travel/flights?tfs=GhwSCjIwMjYtMTItMTYoAGoFEgNUUEVyBRIDTlJUGhwSCjIwMjYtMTItMjIoAGoFEgNOUlRyBRIDVFBFQgEBSAGYAQE=
2026-09-13,2026-12-16,2026-12-22,outbound,China Airlines,"4:25 PM on Wed, Dec 16","8:30 PM on Wed, Dec 16",3 hr 5 min,0,NT$14333,round_trip,FALSE,FALSE,typical,https://www.google.com/travel/flights?tfs=GhwSCjIwMjYtMTItMTYoAGoFEgNUUEVyBRIDTlJUGhwSCjIwMjYtMTItMjIoAGoFEgNOUlRyBRIDVFBFQgEBSAGYAQE=
2026-09-13,2026-12-16,2026-12-22,outbound,EVA Air,"3:20 PM on Wed, Dec 16","7:20 PM on Wed, Dec 16",3 hr,0,NT$14502,round_trip,FALSE,FALSE,typical,https://www.google.com/travel/flights?tfs=GhwSCjIwMjYtMTItMTYoAGoFEgNUUEVyBRIDTlJUGhwSCjIwMjYtMTItMjIoAGoFEgNOUlRyBRIDVFBFQgEBSAGYAQE=
2026-09-13,2026-12-16,2026-12-22,outbound,China Airlines,"2:25 PM on Wed, Dec 16","6:30 PM on Wed, Dec 16",3 hr 5 min,0,NT$14957,round_trip,FALSE,FALSE,typical,https://www.google.com/travel/flights?tfs=GhwSCjIwMjYtMTItMTYoAGoFEgNUUEVyBRIDTlJUGhwSCjIwMjYtMTItMjIoAGoFEgNOUlRyBRIDVFBFQgEBSAGYAQE=
2026-09-13,2026-12-16,2026-12-22,outbound,Cathay Pacific,"12:50 PM on Wed, Dec 16","4:50 PM on Wed, Dec 16",3 hr,0,NT$15120,round_trip,TRUE,FALSE,typical,https://www.google.com/travel/flights?tfs=GhwSCjIwMjYtMTItMTYoAGoFEgNUUEVyBRIDTlJUGhwSCjIwMjYtMTItMjIoAGoFEgNOUlRyBRIDVFBFQgEBSAGYAQE=
2026-09-13,2026-12-16,2026-12-22,outbound,China Airlines,"12:35 PM on Wed, Dec 16","4:35 PM on Wed, Dec 16",3 hr,0,NT$15269,round_trip,TRUE,FALSE,typical,https://www.google.com/travel/flights?tfs=GhwSCjIwMjYtMTItMTYoAGoFEgNUUEVyBRIDTlJUGhwSCjIwMjYtMTItMjIoAGoFEgNOUlRyBRIDVFBFQgEBSAGYAQE=
2026-09-13,2026-12-16,2026-12-22,outbound,EVA Air,"7:55 AM on Wed, Dec 16","12:00 PM on Wed, Dec 16",3 hr 5 min,0,NT$15447,round_trip,TRUE,FALSE,typical,https://www.google.com/travel/flights?tfs=GhwSCjIwMjYtMTItMTYoAGoFEgNUUEVyBRIDTlJUGhwSCjIwMjYtMTItMjIoAGoFEgNOUlRyBRIDVFBFQgEBSAGYAQE=
2026-09-13,2026-12-16,2026-12-22,outbound,EVA Air,"8:50 AM on Wed, Dec 16","12:55 PM on Wed, Dec 16",3 hr 5 min,0,NT$15447,round_trip,TRUE,FALSE,typical,https://www.google.com/travel/flights?tfs=GhwSCjIwMjYtMTItMTYoAGoFEgNUUEVyBRIDTlJUGhwSCjIwMjYtMTItMjIoAGoFEgNOUlRyBRIDVFBFQgEBSAGYAQE=
2026-09-13,2026-12-16,2026-12-22,outbound,STARLUX Airlines,"8:25 AM on Wed, Dec 16","12:35 PM on Wed, Dec 16",3 hr 10 min,0,NT$15956,round_trip,TRUE,FALSE,typical,https://www.google.com/travel/flights?tfs=GhwSCjIwMjYtMTItMTYoAGoFEgNUUEVyBRIDTlJUGhwSCjIwMjYtMTItMjIoAGoFEgNOUlRyBRIDVFBFQgEBSAGYAQE=
2026-09-13,2026-12-16,2026-12-22,outbound,STARLUX Airlines,"10:10 AM on Wed, Dec 16","2:20 PM on Wed, Dec 16",3 hr 10 min,0,NT$15956,round_trip,TRUE,FALSE,typical,https://www.google.com/travel/flights?tfs=GhwSCjIwMjYtMTItMTYoAGoFEgNUUEVyBRIDTlJUGhwSCjIwMjYtMTItMjIoAGoFEgNOUlRyBRIDVFBFQgEBSAGYAQE=
2026-09-13,2026-12-16,2026-12-22,return,EVA Air,"1:00 PM on Tue, Dec 22","4:05 PM on Tue, Dec 22",4 hr 5 min,0,NT$7560,one_way,FALSE,TRUE,typical,https://www.google.com/travel/flights?tfs=GhwSCjIwMjYtMTItMjIoAGoFEgNOUlRyBRIDVFBFQgEBSAGYAQI=
2026-09-13,2026-12-16,2026-12-22,return,EVA Air,"2:00 PM on Tue, Dec 22","5:05 PM on Tue, Dec 22",4 hr 5 min,0,NT$7560,one_way,FALSE,FALSE,typical,https://www.google.com/travel/flights?tfs=GhwSCjIwMjYtMTItMjIoAGoFEgNOUlRyBRIDVFBFQgEBSAGYAQI=
2026-09-13,2026-12-16,2026-12-22,return,EVA Air,"8:20 PM on Tue, Dec 22","11:25 PM on Tue, Dec 22",4 hr 5 min,0,NT$7560,one_way,TRUE,FALSE,typical,https://www.google.com/travel/flights?tfs=GhwSCjIwMjYtMTItMjIoAGoFEgNOUlRyBRIDVFBFQgEBSAGYAQI=
2026-09-13,2026-12-16,2026-12-22,return,China Airlines,"9:20 AM on Tue, Dec 22","12:30 PM on Tue, Dec 22",4 hr 10 min,0,NT$8170,one_way,FALSE,FALSE,typical,https://www.google.com/travel/flights?tfs=GhwSCjIwMjYtMTItMjIoAGoFEgNOUlRyBRIDVFBFQgEBSAGYAQI=
2026-09-13,2026-12-16,2026-12-22,return,JAL,"6:05 PM on Tue, Dec 22","9:15 PM on Tue, Dec 22",4 hr 10 min,0,NT$8977,one_way,FALSE,FALSE,typical,https://www.google.com/travel/flights?tfs=GhwSCjIwMjYtMTItMjIoAGoFEgNOUlRyBRIDVFBFQgEBSAGYAQI=
2026-09-13,2026-12-16,2026-12-22,return,STARLUX Airlines,"1:45 PM on Tue, Dec 22","4:50 PM on Tue, Dec 22",4 hr 5 min,0,NT$9105,one_way,FALSE,FALSE,typical,https://www.google.com/travel/flights?tfs=GhwSCjIwMjYtMTItMjIoAGoFEgNOUlRyBRIDVFBFQgEBSAGYAQI=
2026-09-13,2026-12-16,2026-12-22,return,STARLUX Airlines,"8:10 PM on Tue, Dec 22","11:20 PM on Tue, Dec 22",4 hr 10 min,0,NT$9105,one_way,TRUE,FALSE,typical,https://www.google.com/travel/flights?tfs=GhwSCjIwMjYtMTItMjIoAGoFEgNOUlRyBRIDVFBFQgEBSAGYAQI=
2026-09-13,2026-12-16,2026-12-22,return,Cathay Pacific,"3:30 PM on Tue, Dec 22","6:35 PM on Tue, Dec 22",4 hr 5 min,0,NT$9349,one_way,FALSE,FALSE,typical,https://www.google.com/travel/flights?tfs=GhwSCjIwMjYtMTItMjIoAGoFEgNOUlRyBRIDVFBFQgEBSAGYAQI=
2026-09-13,2026-12-16,2026-12-22,return,STARLUX Airlines,"3:40 PM on Tue, Dec 22","6:45 PM on Tue, Dec 22",4 hr 5 min,0,NT$10208,one_way,FALSE,FALSE,typical,https://www.google.com/travel/flights?tfs=GhwSCjIwMjYtMTItMjIoAGoFEgNOUlRyBRIDVFBFQgEBSAGYAQI=
2026-09-13,2026-12-16,2026-12-22,return,China Airlines,"2:35 PM on Tue, Dec 22","5:45 PM on Tue, Dec 22",4 hr 10 min,0,NT$11747,one_way,FALSE,FALSE,typical,https://www.google.com/travel/flights?tfs=GhwSCjIwMjYtMTItMjIoAGoFEgNOUlRyBRIDVFBFQgEBSAGYAQI=
2026-09-13,2026-12-16,2026-12-22,return,China Airlines,"5:45 PM on Tue, Dec 22","8:55 PM on Tue, Dec 22",4 hr 10 min,0,NT$14305,one_way,FALSE,FALSE,typical,https://www.google.com/travel/flights?tfs=GhwSCjIwMjYtMTItMjIoAGoFEgNOUlRyBRIDVFBFQgEBSAGYAQI=
2026-09-14,2026-12-17,2026-12-23,outbound,China Airlines,"4:25 PM on Thu, Dec 17","8:30 PM on Thu, Dec 17",3 hr 5 min,0,NT$14719,round_trip,FALSE,FALSE,typical,https://www.google.com/travel/flights?tfs=GhwSCjIwMjYtMTItMTcoAGoFEgNUUEVyBRIDTlJUGhwSCjIwMjYtMTItMjMoAGoFEgNOUlRyBRIDVFBFQgEBSAGYAQE=
2026-09-14,2026-12-17,2026-12-23,outbound,Cathay Pacific,"12:50 PM on Thu, Dec 17","4:50 PM on Thu, Dec 17",3 hr,0,NT$15441,round_trip,TRUE,FALSE,typical,https://www.google.com/travel/flights?tfs=GhwSCjIwMjYtMTItMTcoAGoFEgNUUEVyBRIDTlJUGhwSCjIwMjYtMTItMjMoAGoFEgNOUlRyBRIDVFBFQgEBSAGYAQE=
2026-09-14,2026-12-17,2026-12-23,outbound,China Airlines,"2:25 PM on Thu, Dec 17","6:30 PM on Thu, Dec 17",3 hr 5 min,0,NT$15667,round_trip,FALSE,FALSE,typical,https://www.google.com/travel/flights?tfs=GhwSCjIwMjYtMTItMTcoAGoFEgNUUEVyBRIDTlJUGhwSCjIwMjYtMTItMjMoAGoFEgNOUlRyBRIDVFBFQgEBSAGYAQE=
2026-09-14,2026-12-17,2026-12-23,outbound,China Airlines,"9:30 AM on Thu, Dec 17","1:30 PM on Thu, Dec 17",3 hr,0,NT$16025,round_trip,TRUE,FALSE,typical,https://www.google.com/travel/flights?tfs=GhwSCjIwMjYtMTItMTcoAGoFEgNUUEVyBRIDTlJUGhwSCjIwMjYtMTItMjMoAGoFEgNOUlRyBRIDVFBFQgEBSAGYAQE=
2026-09-14,2026-12-17,2026-12-23,outbound,STARLUX Airlines,"3:00 PM on Thu, Dec 17","7:00 PM on Thu, Dec 17",3 hr,0,NT$16681,round_trip,FALSE,FALSE,typical,https://www.google.com/travel/flights?tfs=GhwSCjIwMjYtMTItMTcoAGoFEgNUUEVyBRIDTlJUGhwSCjIwMjYtMTItMjMoAGoFEgNOUlRyBRIDVFBFQgEBSAGYAQE=
2026-09-14,2026-12-17,2026-12-23,outbound,JAL,"10:40 AM on Thu, Dec 17","2:40 PM on Thu, Dec 17",3 hr,0,NT$16697,round_trip,TRUE,FALSE,typical,https://www.google.com/travel/flights?tfs=GhwSCjIwMjYtMTItMTcoAGoFEgNUUEVyBRIDTlJUGhwSCjIwMjYtMTItMjMoAGoFEgNOUlRyBRIDVFBFQgEBSAGYAQE=
2026-09-14,2026-12-17,2026-12-23,outbound,China Airlines,"12:35 PM on Thu, Dec 17","4:35 PM on Thu, Dec 17",3 hr,0,NT$16885,round_trip,TRUE,FALSE,typical,https://www.google.com/travel/flights?tfs=GhwSCjIwMjYtMTItMTcoAGoFEgNUUEVyBRIDTlJUGhwSCjIwMjYtMTItMjMoAGoFEgNOUlRyBRIDVFBFQgEBSAGYAQE=
2026-09-14,2026-12-17,2026-12-23,outbound,EVA Air,"7:55 AM on Thu, Dec 17","12:00 PM on Thu, Dec 17",3 hr 5 min,0,NT$17528,round_trip,TRUE,FALSE,typical,https://www.google.com/travel/flights?tfs=GhwSCjIwMjYtMTItMTcoAGoFEgNUUEVyBRIDTlJUGhwSCjIwMjYtMTItMjMoAGoFEgNOUlRyBRIDVFBFQgEBSAGYAQE=
2026-09-14,2026-12-17,2026-12-23,outbound,EVA Air,"8:50 AM on Thu, Dec 17","12:55 PM on Thu, Dec 17",3 hr 5 min,0,NT$17528,round_trip,TRUE,FALSE,typical,https://www.google.com/travel/flights?tfs=GhwSCjIwMjYtMTItMTcoAGoFEgNUUEVyBRIDTlJUGhwSCjIwMjYtMTItMjMoAGoFEgNOUlRyBRIDVFBFQgEBSAGYAQE=
2026-09-14,2026-12-17,2026-12-23,outbound,EVA Air,"3:20 PM on Thu, Dec 17","7:20 PM on Thu, Dec 17",3 hr,0,NT$18062,round_trip,FALSE,FALSE,typical,https://www.google.com/travel/flights?tfs=GhwSCjIwMjYtMTItMTcoAGoFEgNUUEVyBRIDTlJUGhwSCjIwMjYtMTItMjMoAGoFEgNOUlRyBRIDVFBFQgEBSAGYAQE=
2026-09-14,2026-12-17,2026-12-23,outbound,STARLUX Airlines,"8:25 AM on Thu, Dec 17","12:35 PM on Thu, Dec 17",3 hr 10 min,0,NT$18361,round_trip,TRUE,FALSE,typical,https://www.google.com/travel/flights?tfs=GhwSCjIwMjYtMTItMTcoAGoFEgNUUEVyBRIDTlJUGhwSCjIwMjYtMTItMjMoAGoFEgNOUlRyBRIDVFBFQgEBSAGYAQE=
2026-09-14,2026-12-17,2026-12-23,return,EVA Air,"1:00 PM on Wed, Dec 23","4:05 PM on Wed, Dec 23",4 hr 5 min,0,NT$7491,one_way,FALSE,TRUE,typical,https://www.google.com/travel/flights?tfs=GhwSCjIwMjYtMTItMjMoAGoFEgNOUlRyBRIDVFBFQgEBSAGYAQI=
2026-09-14,2026-12-17,2026-12-23,return,China Airlines,"9:20 AM on Wed, Dec 23","12:30 PM on Wed, Dec 23",4 hr 10 min,0,NT$8095,one_way,FALSE,FALSE,typical,https://www.google.com/travel/flights?tfs=GhwSCjIwMjYtMTItMjMoAGoFEgNOUlRyBRIDVFBFQgEBSAGYAQI=
2026-09-14,2026-12-17,2026-12-23,return,STARLUX Airlines,"1:45 PM on Wed, Dec 23","4:50 PM on Wed, Dec 23",4 hr 5 min,0,NT$9022,one_way,FALSE,FALSE,typical,https://www.google.com/travel/flights?tfs=GhwSCjIwMjYtMTItMjMoAGoFEgNOUlRyBRIDVFBFQgEBSAGYAQI=
2026-09-14,2026-12-17,2026-12-23,return,STARLUX Airlines,"8:10 PM on Wed, Dec 23","11:20 PM on Wed, Dec 23",4 hr 10 min,0,NT$9022,one_way,TRUE,FALSE,typical,https://www.google.com/travel/flights?tfs=GhwSCjIwMjYtMTItMjMoAGoFEgNOUlRyBRIDVFBFQgEBSAGYAQI=
2026-09-14,2026-12-17,2026-12-23,return,EVA Air,"8:20 PM on Wed, Dec 23","11:25 PM on Wed, Dec 23",4 hr 5 min,0,NT$9201,one_way,TRUE,FALSE,typical,https://www.google.com/travel/flights?tfs=GhwSCjIwMjYtMTItMjMoAGoFEgNOUlRyBRIDVFBFQgEBSAGYAQI=
2026-09-14,2026-12-17,2026-12-23,return,Cathay Pacific,"3:30 PM on Wed, Dec 23","6:35 PM on Wed, Dec 23",4 hr 5 min,0,NT$9263,one_way,FALSE,FALSE,typical,https://www.google.com/travel/flights?tfs=GhwSCjIwMjYtMTItMjMoAGoFEgNOUlRyBRIDVFBFQgEBSAGYAQI=
2026-09-14,2026-12-17,2026-12-23,return,STARLUX Airlines,"3:40 PM on Wed, Dec 23","6:45 PM on Wed, Dec 23",4 hr 5 min,0,NT$10114,one_way,FALSE,FALSE,typical,https://www.google.com/travel/flights?tfs=GhwSCjIwMjYtMTItMjMoAGoFEgNOUlRyBRIDVFBFQgEBSAGYAQI=
2026-09-14,2026-12-17,2026-12-23,return,EVA Air,"2:00 PM on Wed, Dec 23","5:05 PM on Wed, Dec 23",4 hr 5 min,0,NT$10602,one_way,FALSE,FALSE,typical,https://www.google.com/travel/flights?tfs=GhwSCjIwMjYtMTItMjMoAGoFEgNOUlRyBRIDVFBFQgEBSAGYAQI=
2026-09-14,2026-12-17,2026-12-23,return,China Airlines,"2:35 PM on Wed, Dec 23","5:45 PM on Wed, Dec 23",4 hr 10 min,0,NT$11639,one_way,FALSE,FALSE,typical,https://www.google.com/travel/flights?tfs=GhwSCjIwMjYtMTItMjMoAGoFEgNOUlRyBRIDVFBFQgEBSAGYAQI=
2026-09-14,2026-12-17,2026-12-23,return,China Airlines,"5:45 PM on Wed, Dec 23","8:55 PM on Wed, Dec 23",4 hr 10 min,0,NT$14173,one_way,FALSE,FALSE,typical,https://www.google.com/travel/flights?tfs=GhwSCjIwMjYtMTItMjMoAGoFEgNOUlRyBRIDVFBFQgEBSAGYAQI=
2026-09-14,2026-12-17,2026-12-23,return,China Airlines,"7:30 PM on Wed, Dec 23","10:45 PM on Wed, Dec 23",4 hr 15 min,0,NT$14173,one_way,FALSE,FALSE,typical,https://www.google.com/travel/flights?tfs=GhwSCjIwMjYtMTItMjMoAGoFEgNOUlRyBRIDVFBFQgEBSAGYAQI=
2026-09-14,2026-12-16,2026-12-22,outbound,China Airlines,"4:25 PM on Wed, Dec 16","8:30 PM on Wed, Dec 16",3 hr 5 min,0,NT$13410,round_trip,FALSE,FALSE,typical,https://www.google.com/travel/flights?tfs=GhwSCjIwMjYtMTItMTYoAGoFEgNUUEVyBRIDTlJUGhwSCjIwMjYtMTItMjIoAGoFEgNOUlRyBRIDVFBFQgEBSAGYAQE=
2026-09-14,2026-12-16,2026-12-22,outbound,China Airlines,"12:35 PM on Wed, Dec 16","4:35 PM on Wed, Dec 16",3 hr,0,NT$14229,round_trip,TRUE,FALSE,typical,https://www.google.com/travel/flights?tfs=GhwSCjIwMjYtMTItMTYoAGoFEgNUUEVyBRIDTlJUGhwSCjIwMjYtMTItMjIoAGoFEgNOUlRyBRIDVFBFQgEBSAGYAQE=
2026-09-14,2026-12-16,2026-12-22,outbound,STARLUX Airlines,"3:00 PM on Wed, Dec 16","7:00 PM on Wed, Dec 16",3 hr,0,NT$14291,round_trip,FALSE,FALSE,typical,https://www.google.com/travel/flights?tfs=GhwSCjIwMjYtMTItMTYoAGoFEgNUUEVyBRIDTlJUGhwSCjIwMjYtMTItMjIoAGoFEgNOUlRyBRIDVFBFQgEBSAGYAQE=
2026-09-14,2026-12-16,2026-12-22,outbound,EVA Air,"3:20 PM on Wed, Dec 16","7:20 PM on Wed, Dec 16",3 hr,0,NT$14460,round_trip,FALSE,FALSE,typical,https://www.google.com/travel/flights?tfs=GhwSCjIwMjYtMTItMTYoAGoFEgNUUEVyBRIDTlJUGhwSCjIwMjYtMTItMjIoAGoFEgNOUlRyBRIDVFBFQgEBSAGYAQE=
2026-09-14,2026-12-16,2026-12-22,outbound,Cathay Pacific,"12:50 PM on Wed, Dec 16","4:50 PM on Wed, Dec 16",3 hr,0,NT$15078,round_trip,TRUE,FALSE,typical,https://www.google.com/travel/flights?tfs=GhwSCjIwMjYtMTItMTYoAGoFEgNUUEVyBRIDTlJUGhwSCjIwMjYtMTItMjIoAGoFEgNOUlRyBRIDVFBFQgEBSAGYAQE=
2026-09-14,2026-12-16,2026-12-22,outbound,EVA Air,"7:55 AM on Wed, Dec 16","12:00 PM on Wed, Dec 16",3 hr 5 min,0,NT$15405,round_trip,TRUE,FALSE,typical,https://www.google.com/travel/flights?tfs=GhwSCjIwMjYtMTItMTYoAGoFEgNUUEVyBRIDTlJUGhwSCjIwMjYtMTItMjIoAGoFEgNOUlRyBRIDVFBFQgEBSAGYAQE=
2026-09-14,2026-12-16,2026-12-22,outbound,EVA Air,"8:50 AM on Wed, Dec 16","12:55 PM on Wed, Dec 16",3 hr 5 min,0,NT$15405,round_trip,TRUE,FALSE,typical,https://www.google.com/travel/flights?tfs=GhwSCjIwMjYtMTItMTYoAGoFEgNUUEVyBRIDTlJUGhwSCjIwMjYtMTItMjIoAGoFEgNOUlRyBRIDVFBFQgEBSAGYAQE=
2026-09-14,2026-12-16,2026-12-22,outbound,China Airlines,"2:25 PM on Wed, Dec 16","6:30 PM on Wed, Dec 16",3 hr 5 min,0,NT$15539,round_trip,FALSE,FALSE,typical,https://www.google.com/travel/flights?tfs=GhwSCjIwMjYtMTItMTYoAGoFEgNUUEVyBRIDTlJUGhwSCjIwMjYtMTItMjIoAGoFEgNOUlRyBRIDVFBFQgEBSAGYAQE=
2026-09-14,2026-12-16,2026-12-22,outbound,JAL,"10:40 AM on Wed, Dec 16","2:40 PM on Wed, Dec 16",3 hr,0,NT$15847,round_trip,TRUE,FALSE,typical,https://www.google.com/travel/flights?tfs=GhwSCjIwMjYtMTItMTYoAGoFEgNUUEVyBRIDTlJUGhwSCjIwMjYtMTItMjIoAGoFEgNOUlRyBRIDVFBFQgEBSAGYAQE=
2026-09-14,2026-12-16,2026-12-22,outbound,STARLUX Airlines,"8:25 AM on Wed, Dec 16","12:35 PM on Wed, Dec 16",3 hr 10 min,0,NT$15914,round_trip,TRUE,FALSE,typical,https://www.google.com/travel/flights?tfs=GhwSCjIwMjYtMTItMTYoAGoFEgNUUEVyBRIDTlJUGhwSCjIwMjYtMTItMjIoAGoFEgNOUlRyBRIDVFBFQgEBSAGYAQE=
2026-09-14,2026-12-16,2026-12-22,outbound,STARLUX Airlines,"10:10 AM on Wed, Dec 16","2:20 PM on Wed, Dec 16",3 hr 10 min,0,NT$15914,round_trip,TRUE,FALSE,typical,https://www.google.com/travel/flights?tfs=GhwSCjIwMjYtMTItMTYoAGoFEgNUUEVyBRIDTlJUGhwSCjIwMjYtMTItMjIoAGoFEgNOUlRyBRIDVFBFQgEBSAGYAQE=
2026-09-14,2026-12-16,2026-12-22,return,EVA Air,"1:00 PM on Tue, Dec 22","4:05 PM on Tue, Dec 22",4 hr 5 min,0,NT$7491,one_way,FALSE,TRUE,typical,https://www.google.com/travel/flights?tfs=GhwSCjIwMjYtMTItMjIoAGoFEgNOUlRyBRIDVFBFQgEBSAGYAQI=
2026-09-14,2026-12-16,2026-12-22,return,EVA Air,"2:00 PM on Tue, Dec 22","5:05 PM on Tue, Dec 22",4 hr 5 min,0,NT$7491,one_way,FALSE,FALSE,typical,https://www.google.com/travel/flights?tfs=GhwSCjIwMjYtMTItMjIoAGoFEgNOUlRyBRIDVFBFQgEBSAGYAQI=
2026-09-14,2026-12-16,2026-12-22,return,China Airlines,"9:20 AM on Tue, Dec 22","12:30 PM on Tue, Dec 22",4 hr 10 min,0,NT$8095,one_way,FALSE,FALSE,typical,https://www.google.com/travel/flights?tfs=GhwSCjIwMjYtMTItMjIoAGoFEgNOUlRyBRIDVFBFQgEBSAGYAQI=
2026-09-14,2026-12-16,2026-12-22,return,JAL,"6:05 PM on Tue, Dec 22","9:15 PM on Tue, Dec 22",4 hr 10 min,0,NT$8894,one_way,FALSE,FALSE,typical,https://www.google.com/travel/flights?tfs=GhwSCjIwMjYtMTItMjIoAGoFEgNOUlRyBRIDVFBFQgEBSAGYAQI=
2026-09-14,2026-12-16,2026-12-22,return,STARLUX Airlines,"1:45 PM on Tue, Dec 22","4:50 PM on Tue, Dec 22",4 hr 5 min,0,NT$9022,one_way,FALSE,FALSE,typical,https://www.google.com/travel/flights?tfs=GhwSCjIwMjYtMTItMjIoAGoFEgNOUlRyBRIDVFBFQgEBSAGYAQI=
2026-09-14,2026-12-16,2026-12-22,return,STARLUX Airlines,"8:10 PM on Tue, Dec 22","11:20 PM on Tue, Dec 22",4 hr 10 min,0,NT$9022,one_way,TRUE,FALSE,typical,https://www.google.com/travel/flights?tfs=GhwSCjIwMjYtMTItMjIoAGoFEgNOUlRyBRIDVFBFQgEBSAGYAQI=
2026-09-14,2026-12-16,2026-12-22,return,EVA Air,"8:20 PM on Tue, Dec 22","11:25 PM on Tue, Dec 22",4 hr 5 min,0,NT$9201,one_way,TRUE,FALSE,typical,https://www.google.com/travel/flights?tfs=GhwSCjIwMjYtMTItMjIoAGoFEgNOUlRyBRIDVFBFQgEBSAGYAQI=
2026-09-14,2026-12-16,2026-12-22,return,Cathay Pacific,"3:30 PM on Tue, Dec 22","6:35 PM on Tue, Dec 22",4 hr 5 min,0,NT$9263,one_way,FALSE,FALSE,typical,https://www.google.com/travel/flights?tfs=GhwSCjIwMjYtMTItMjIoAGoFEgNOUlRyBRIDVFBFQgEBSAGYAQI=
2026-09-14,2026-12-16,2026-12-22,return,STARLUX Airlines,"3:40 PM on Tue, Dec 22","6:45 PM on Tue, Dec 22",4 hr 5 min,0,NT$10114,one_way,FALSE,FALSE,typical,https://www.google.com/travel/flights?tfs=GhwSCjIwMjYtMTItMjIoAGoFEgNOUlRyBRIDVFBFQgEBSAGYAQI=
2026-09-14,2026-12-16,2026-12-22,return,China Airlines,"2:35 PM on Tue, Dec 22","5:45 PM on Tue, Dec 22",4 hr 10 min,0,NT$11639,one_way,FALSE,FALSE,typical,https://www.google.com/travel/flights?tfs=GhwSCjIwMjYtMTItMjIoAGoFEgNOUlRyBRIDVFBFQgEBSAGYAQI=
2026-09-14,2026-12-16,2026-12-22,return,China Airlines,"5:45 PM on Tue, Dec 22","8:55 PM on Tue, Dec 22",4 hr 10 min,0,NT$14173,one_way,FALSE,FALSE,typical,https://www.google.com/travel/flights?tfs=GhwSCjIwMjYtMTItMjIoAGoFEgNOUlRyBRIDVFBFQgEBSAGYAQI=
2026-09-15,2026-12-17,2026-12-23,outbound,Cathay Pacific,"12:50 PM on Thu, Dec 17","4:50 PM on Thu, Dec 17",3 hr,0,NT$14454,round_trip,TRUE,TRUE,typical,https://www.google.com/travel/flights?tfs=GhwSCjIwMjYtMTItMTcoAGoFEgNUUEVyBRIDTlJUGhwSCjIwMjYtMTItMjMoAGoFEgNOUlRyBRIDVFBFQgEBSAGYAQE=
2026-09-15,2026-12-17,2026-12-23,outbound,China Airlines,"4:25 PM on Thu, Dec 17","8:30 PM on Thu, Dec 17",3 hr 5 min,0,NT$14732,round_trip,FALSE,FALSE,typical,https://www.google.com/travel/flights?tfs=GhwSCjIwMjYtMTItMTcoAGoFEgNUUEVyBRIDTlJUGhwSCjIwMjYtMTItMjMoAGoFEgNOUlRyBRIDVFBFQgEBSAGYAQE=
2026-09-15,2026-12-17,2026-12-23,outbound,China Airlines,"2:25 PM on Thu, Dec 17","6:30 PM on Thu, Dec 17",3 hr 5 min,0,NT$15680,round_trip,FALSE,FALSE,typical,https://www.google.com/travel/flights?tfs=GhwSCjIwMjYtMTItMTcoAGoFEgNUUEVyBRIDTlJUGhwSCjIwMjYtMTItMjMoAGoFEgNOUlRyBRIDVFBFQgEBSAGYAQE=
2026-09-15,2026-12-17,2026-12-23,outbound,China Airlines,"9:30 AM on Thu, Dec 17","1:30 PM on Thu, Dec 17",3 hr,0,NT$16038,round_trip,TRUE,FALSE,typical,https://www.google.com/travel/flights?tfs=GhwSCjIwMjYtMTItMTcoAGoFEgNUUEVyBRIDTlJUGhwSCjIwMjYtMTItMjMoAGoFEgNOUlRyBRIDVFBFQgEBSAGYAQE=
2026-09-15,2026-12-17,2026-12-23,outbound,JAL,"10:40 AM on Thu, Dec 17","2:40 PM on Thu, Dec 17",3 hr,0,NT$16714,round_trip,TRUE,FALSE,typical,https://www.google.com/travel/flights?tfs=GhwSCjIwMjYtMTItMTcoAGoFEgNUUEVyBRIDTlJUGhwSCjIwMjYtMTItMjMoAGoFEgNOUlRyBRIDVFBFQgEBSAGYAQE=
2026-09-15,2026-12-17,2026-12-23,outbound,China Airlines,"12:35 PM on Thu, Dec 17","4:35 PM on Thu, Dec 17",3 hr,0,NT$16898,round_trip,TRUE,FALSE,typical,https://www.google.com/travel/flights?tfs=GhwSCjIwMjYtMTItMTcoAGoFEgNUUEVyBRIDTlJUGhwSCjIwMjYtMTItMjMoAGoFEgNOUlRyBRIDVFBFQgEBSAGYAQE=
2026-09-15,2026-12-17,2026-12-23,outbound,STARLUX Airlines,"3:00 PM on Thu, Dec 17","7:00 PM on Thu, Dec 17",3 hr,0,NT$17509,round_trip,FALSE,FALSE,typical,https://www.google.com/travel/flights?tfs=GhwSCjIwMjYtMTItMTcoAGoFEgNUUEVyBRIDTlJUGhwSCjIwMjYtMTItMjMoAGoFEgNOUlRyBRIDVFBFQgEBSAGYAQE=
2026-09-15,2026-12-17,2026-12-23,outbound,EVA Air,"7:55 AM on Thu, Dec 17","12:00 PM on Thu, Dec 17",3 hr 5 min,0,NT$17541,round_trip,TRUE,FALSE,typical,https://www.google.com/travel/flights?tfs=GhwSCjIwMjYtMTItMTcoAGoFEgNUUEVyBRIDTlJUGhwSCjIwMjYtMTItMjMoAGoFEgNOUlRyBRIDVFBFQgEBSAGYAQE=
2026-09-15,2026-12-17,2026-12-23,outbound,EVA Air,"8:50 AM on Thu, Dec 17","12:55 PM on Thu, Dec 17",3 hr 5 min,0,NT$17541,round_trip,TRUE,FALSE,typical,https://www.google.com/travel/flights?tfs=GhwSCjIwMjYtMTItMTcoAGoFEgNUUEVyBRIDTlJUGhwSCjIwMjYtMTItMjMoAGoFEgNOUlRyBRIDVFBFQgEBSAGYAQE=
2026-09-15,2026-12-17,2026-12-23,outbound,EVA Air,"3:20 PM on Thu, Dec 17","7:20 PM on Thu, Dec 17",3 hr,0,NT$18075,round_trip,FALSE,FALSE,typical,https://www.google.com/travel/flights?tfs=GhwSCjIwMjYtMTItMTcoAGoFEgNUUEVyBRIDTlJUGhwSCjIwMjYtMTItMjMoAGoFEgNOUlRyBRIDVFBFQgEBSAGYAQE=
2026-09-15,2026-12-17,2026-12-23,outbound,STARLUX Airlines,"8:25 AM on Thu, Dec 17","12:35 PM on Thu, Dec 17",3 hr 10 min,0,NT$18374,round_trip,TRUE,FALSE,typical,https://www.google.com/travel/flights?tfs=GhwSCjIwMjYtMTItMTcoAGoFEgNUUEVyBRIDTlJUGhwSCjIwMjYtMTItMjMoAGoFEgNOUlRyBRIDVFBFQgEBSAGYAQE=
2026-09-15,2026-12-17,2026-12-23,return,EVA Air,"1:00 PM on Wed, Dec 23","4:05 PM on Wed, Dec 23",4 hr 5 min,0,NT$7473,one_way,FALSE,TRUE,typical,https://www.google.com/travel/flights?tfs=GhwSCjIwMjYtMTItMjMoAGoFEgNOUlRyBRIDVFBFQgEBSAGYAQI=
2026-09-15,2026-12-17,2026-12-23,return,China Airlines,"9:20 AM on Wed, Dec 23","12:30 PM on Wed, Dec 23",4 hr 10 min,0,NT$8078,one_way,FALSE,FALSE,typical,https://www.google.com/travel/flights?tfs=GhwSCjIwMjYtMTItMjMoAGoFEgNOUlRyBRIDVFBFQgEBSAGYAQI=
2026-09-15,2026-12-17,2026-12-23,return,STARLUX Airlines,"1:45 PM on Wed, Dec 23","4:50 PM on Wed, Dec 23",4 hr 5 min,0,NT$9003,one_way,FALSE,FALSE,typical,https://www.google.com/travel/flights?tfs=GhwSCjIwMjYtMTItMjMoAGoFEgNOUlRyBRIDVFBFQgEBSAGYAQI=
2026-09-15,2026-12-17,2026-12-23,return,STARLUX Airlines,"3:40 PM on Wed, Dec 23","6:45 PM on Wed, Dec 23",4 hr 5 min,0,NT$9003,one_way,FALSE,FALSE,typical,https://www.google.com/travel/flights?tfs=GhwSCjIwMjYtMTItMjMoAGoFEgNOUlRyBRIDVFBFQgEBSAGYAQI=
2026-09-15,2026-12-17,2026-12-23,return,EVA Air,"8:20 PM on Wed, Dec 23","11:25 PM on Wed, Dec 23",4 hr 5 min,0,NT$9180,one_way,TRUE,FALSE,typical,https://www.google.com/travel/flights?tfs=GhwSCjIwMjYtMTItMjMoAGoFEgNOUlRyBRIDVFBFQgEBSAGYAQI=
2026-09-15,2026-12-17,2026-12-23,return,Cathay Pacific,"3:30 PM on Wed, Dec 23","6:35 PM on Wed, Dec 23",4 hr 5 min,0,NT$9246,one_way,FALSE,FALSE,typical,https://www.google.com/travel/flights?tfs=GhwSCjIwMjYtMTItMjMoAGoFEgNOUlRyBRIDVFBFQgEBSAGYAQI=
2026-09-15,2026-12-17,2026-12-23,return,STARLUX Airlines,"8:10 PM on Wed, Dec 23","11:20 PM on Wed, Dec 23",4 hr 10 min,0,NT$10093,one_way,TRUE,FALSE,typical,https://www.google.com/travel/flights?tfs=GhwSCjIwMjYtMTItMjMoAGoFEgNOUlRyBRIDVFBFQgEBSAGYAQI=
2026-09-15,2026-12-17,2026-12-23,return,EVA Air,"2:00 PM on Wed, Dec 23","5:05 PM on Wed, Dec 23",4 hr 5 min,0,NT$10579,one_way,FALSE,FALSE,typical,https://www.google.com/travel/flights?tfs=GhwSCjIwMjYtMTItMjMoAGoFEgNOUlRyBRIDVFBFQgEBSAGYAQI=
2026-09-15,2026-12-17,2026-12-23,return,China Airlines,"2:35 PM on Wed, Dec 23","5:45 PM on Wed, Dec 23",4 hr 10 min,0,NT$11616,one_way,FALSE,FALSE,typical,https://www.google.com/travel/flights?tfs=GhwSCjIwMjYtMTItMjMoAGoFEgNOUlRyBRIDVFBFQgEBSAGYAQI=
2026-09-15,2026-12-17,2026-12-23,return,China Airlines,"5:45 PM on Wed, Dec 23","8:55 PM on Wed, Dec 23",4 hr 10 min,0,NT$14145,one_way,FALSE,FALSE,typical,https://www.google.com/travel/flights?tfs=GhwSCjIwMjYtMTItMjMoAGoFEgNOUlRyBRIDVFBFQgEBSAGYAQI=
2026-09-15,2026-12-17,2026-12-23,return,China Airlines,"7:30 PM on Wed, Dec 23","10:45 PM on Wed, Dec 23",4 hr 15 min,0,NT$14145,one_way,FALSE,FALSE,typical,https://www.google.com/travel/flights?tfs=GhwSCjIwMjYtMTItMjMoAGoFEgNOUlRyBRIDVFBFQgEBSAGYAQI=
2026-09-15,2026-12-16,2026-12-22,outbound,China Airlines,"4:25 PM on Wed, Dec 16","8:30 PM on Wed, Dec 16",3 hr 5 min,0,NT$13714,round_trip,FALSE,FALSE,typical,https://www.google.com/travel/flights?tfs=GhwSCjIwMjYtMTItMTYoAGoFEgNUUEVyBRIDTlJUGhwSCjIwMjYtMTItMjIoAGoFEgNOUlRyBRIDVFBFQgEBSAGYAQE=
2026-09-15,2026-12-16,2026-12-22,outbound,Cathay Pacific,"12:50 PM on Wed, Dec 16","4:50 PM on Wed, Dec 16",3 hr,0,NT$14454,round_trip,TRUE,FALSE,typical,https://www.google.com/travel/flights?tfs=GhwSCjIwMjYtMTItMTYoAGoFEgNUUEVyBRIDTlJUGhwSCjIwMjYtMTItMjIoAGoFEgNOUlRyBRIDVFBFQgEBSAGYAQE=
2026-09-15,2026-12-16,2026-12-22,outbound,China Airlines,"12:35 PM on Wed, Dec 16","4:35 PM on Wed, Dec 16",3 hr,0,NT$14533,round_trip,TRUE,FALSE,typical,https://www.google.com/travel/flights?tfs=GhwSCjIwMjYtMTItMTYoAGoFEgNUUEVyBRIDTlJUGhwSCjIwMjYtMTItMjIoAGoFEgNOUlRyBRIDVFBFQgEBSAGYAQE=
2026-09-15,2026-12-16,2026-12-22,outbound,STARLUX Airlines,"3:00 PM on Wed, Dec 16","7:00 PM on Wed, Dec 16",3 hr,0,NT$14595,round_trip,FALSE,FALSE,typical,https://www.google.com/travel/flights?tfs=GhwSCjIwMjYtMTItMTYoAGoFEgNUUEVyBRIDTlJUGhwSCjIwMjYtMTItMjIoAGoFEgNOUlRyBRIDVFBFQgEBSAGYAQE=
2026-09-15,2026-12-16,2026-12-22,outbound,EVA Air,"3:20 PM on Wed, Dec 16","7:20 PM on Wed, Dec 16",3 hr,0,NT$14764,round_trip,FALSE,FALSE,typical,https://www.google.com/travel/flights?tfs=GhwSCjIwMjYtMTItMTYoAGoFEgNUUEVyBRIDTlJUGhwSCjIwMjYtMTItMjIoAGoFEgNOUlRyBRIDVFBFQgEBSAGYAQE=
2026-09-15,2026-12-16,2026-12-22,outbound,China Airlines,"2:25 PM on Wed, Dec 16","6:30 PM on Wed, Dec 16",3 hr 5 min,0,NT$15219,round_trip,FALSE,FALSE,typical,https://www.google.com/travel/flights?tfs=GhwSCjIwMjYtMTItMTYoAGoFEgNUUEVyBRIDTlJUGhwSCjIwMjYtMTItMjIoAGoFEgNOUlRyBRIDVFBFQgEBSAGYAQE=
2026-09-15,2026-12-16,2026-12-22,outbound,EVA Air,"7:55 AM on Wed, Dec 16","12:00 PM on Wed, Dec 16",3 hr 5 min,0,NT$15709,round_trip,TRUE,FALSE,typical,https://www.google.com/travel/flights?tfs=GhwSCjIwMjYtMTItMTYoAGoFEgNUUEVyBRIDTlJUGhwSCjIwMjYtMTItMjIoAGoFEgNOUlRyBRIDVFBFQgEBSAGYAQE=
2026-09-15,2026-12-16,2026-12-22,outbound,EVA Air,"8:50 AM on Wed, Dec 16","12:55 PM on Wed, Dec 16",3 hr 5 min,0,NT$15709,round_trip,TRUE,FALSE,typical,https://www.google.com/travel/flights?tfs=GhwSCjIwMjYtMTItMTYoAGoFEgNUUEVyBRIDTlJUGhwSCjIwMjYtMTItMjIoAGoFEgNOUlRyBRIDVFBFQgEBSAGYAQE=
2026-09-15,2026-12-16,2026-12-22,outbound,STARLUX Airlines,"8:25 AM on Wed, Dec 16","12:35 PM on Wed, Dec 16",3 hr 10 min,0,NT$16218,round_trip,TRUE,FALSE,typical,https://www.google.com/travel/flights?tfs=GhwSCjIwMjYtMTItMTYoAGoFEgNUUEVyBRIDTlJUGhwSCjIwMjYtMTItMjIoAGoFEgNOUlRyBRIDVFBFQgEBSAGYAQE=
2026-09-15,2026-12-16,2026-12-22,outbound,STARLUX Airlines,"10:10 AM on Wed, Dec 16","2:20 PM on Wed, Dec 16",3 hr 10 min,0,NT$16218,round_trip,TRUE,FALSE,typical,https://www.google.com/travel/flights?tfs=GhwSCjIwMjYtMTItMTYoAGoFEgNUUEVyBRIDTlJUGhwSCjIwMjYtMTItMjIoAGoFEgNOUlRyBRIDVFBFQgEBSAGYAQE=
2026-09-15,2026-12-16,2026-12-22,outbound,JAL,"10:40 AM on Wed, Dec 16","2:40 PM on Wed, Dec 16",3 hr,0,NT$16764,round_trip,TRUE,FALSE,typical,https://www.google.com/travel/flights?tfs=GhwSCjIwMjYtMTItMTYoAGoFEgNUUEVyBRIDTlJUGhwSCjIwMjYtMTItMjIoAGoFEgNOUlRyBRIDVFBFQgEBSAGYAQE=
2026-09-15,2026-12-16,2026-12-22,return,EVA Air,"1:00 PM on Tue, Dec 22","4:05 PM on Tue, Dec 22",4 hr 5 min,0,NT$7473,one_way,FALSE,TRUE,typical,https://www.google.com/travel/flights?tfs=GhwSCjIwMjYtMTItMjIoAGoFEgNOUlRyBRIDVFBFQgEBSAGYAQI=
2026-09-15,2026-12-16,2026-12-22,return,EVA Air,"2:00 PM on Tue, Dec 22","5:05 PM on Tue, Dec 22",4 hr 5 min,0,NT$7473,one_way,FALSE,FALSE,typical,https://www.google.com/travel/flights?tfs=GhwSCjIwMjYtMTItMjIoAGoFEgNOUlRyBRIDVFBFQgEBSAGYAQI=
2026-09-15,2026-12-16,2026-12-22,return,China Airlines,"9:20 AM on Tue, Dec 22","12:30 PM on Tue, Dec 22",4 hr 10 min,0,NT$8078,one_way,FALSE,FALSE,typical,https://www.google.com/travel/flights?tfs=GhwSCjIwMjYtMTItMjIoAGoFEgNOUlRyBRIDVFBFQgEBSAGYAQI=
2026-09-15,2026-12-16,2026-12-22,return,JAL,"6:05 PM on Tue, Dec 22","9:15 PM on Tue, Dec 22",4 hr 10 min,0,NT$8878,one_way,FALSE,FALSE,typical,https://www.google.com/travel/flights?tfs=GhwSCjIwMjYtMTItMjIoAGoFEgNOUlRyBRIDVFBFQgEBSAGYAQI=
2026-09-15,2026-12-16,2026-12-22,return,STARLUX Airlines,"1:45 PM on Tue, Dec 22","4:50 PM on Tue, Dec 22",4 hr 5 min,0,NT$9003,one_way,FALSE,FALSE,typical,https://www.google.com/travel/flights?tfs=GhwSCjIwMjYtMTItMjIoAGoFEgNOUlRyBRIDVFBFQgEBSAGYAQI=
2026-09-15,2026-12-16,2026-12-22,return,EVA Air,"8:20 PM on Tue, Dec 22","11:25 PM on Tue, Dec 22",4 hr 5 min,0,NT$9180,one_way,TRUE,FALSE,typical,https://www.google.com/travel/flights?tfs=GhwSCjIwMjYtMTItMjIoAGoFEgNOUlRyBRIDVFBFQgEBSAGYAQI=
2026-09-15,2026-12-16,2026-12-22,return,Cathay Pacific,"3:30 PM on Tue, Dec 22","6:35 PM on Tue, Dec 22",4 hr 5 min,0,NT$9246,one_way,FALSE,FALSE,typical,https://www.google.com/travel/flights?tfs=GhwSCjIwMjYtMTItMjIoAGoFEgNOUlRyBRIDVFBFQgEBSAGYAQI=
2026-09-15,2026-12-16,2026-12-22,return,STARLUX Airlines,"3:40 PM on Tue, Dec 22","6:45 PM on Tue, Dec 22",4 hr 5 min,0,NT$10093,one_way,FALSE,FALSE,typical,https://www.google.com/travel/flights?tfs=GhwSCjIwMjYtMTItMjIoAGoFEgNOUlRyBRIDVFBFQgEBSAGYAQI=
2026-09-15,2026-12-16,2026-12-22,return,STARLUX Airlines,"8:10 PM on Tue, Dec 22","11:20 PM on Tue, Dec 22",4 hr 10 min,0,NT$10093,one_way,TRUE,FALSE,typical,https://www.google.com/travel/flights?tfs=GhwSCjIwMjYtMTItMjIoAGoFEgNOUlRyBRIDVFBFQgEBSAGYAQI=
2026-09-15,2026-12-16,2026-12-22,return,China Airlines,"2:35 PM on Tue, Dec 22","5:45 PM on Tue, Dec 22",4 hr 10 min,0,NT$11616,one_way,FALSE,FALSE,typical,https://www.google.com/travel/flights?tfs=GhwSCjIwMjYtMTItMjIoAGoFEgNOUlRyBRIDVFBFQgEBSAGYAQI=
2026-09-15,2026-12-16,2026-12-22,return,China Airlines,"5:45 PM on Tue, Dec 22","8:55 PM on Tue, Dec 22",4 hr 10 min,0,NT$14145,one_way,FALSE,FALSE,typical,https://www.google.com/travel/flights?tfs=GhwSCjIwMjYtMTItMjIoAGoFEgNOUlRyBRIDVFBFQgEBSAGYAQI=
2026-09-16,2026-12-17,2026-12-23,outbound,Cathay Pacific,"12:50 PM on Thu, Dec 17","4:50 PM on Thu, Dec 17",3 hr,0,NT$13495,round_trip,TRUE,TRUE,typical,https://www.google.com/travel/flights?tfs=GhwSCjIwMjYtMTItMTcoAGoFEgNUUEVyBRIDTlJUGhwSCjIwMjYtMTItMjMoAGoFEgNOUlRyBRIDVFBFQgEBSAGYAQE=
2026-09-16,2026-12-17,2026-12-23,outbound,China Airlines,"4:25 PM on Thu, Dec 17","8:30 PM on Thu, Dec 17",3 hr 5 min,0,NT$14525,round_trip,FALSE,FALSE,typical,https://www.google.com/travel/flights?tfs=GhwSCjIwMjYtMTItMTcoAGoFEgNUUEVyBRIDTlJUGhwSCjIwMjYtMTItMjMoAGoFEgNOUlRyBRIDVFBFQgEBSAGYAQE=
2026-09-16,2026-12-17,2026-12-23,outbound,China Airlines,"2:25 PM on Thu, Dec 17","6:30 PM on Thu, Dec 17",3 hr 5 min,0,NT$15683,round_trip,FALSE,FALSE,typical,https://www.google.com/travel/flights?tfs=GhwSCjIwMjYtMTItMTcoAGoFEgNUUEVyBRIDTlJUGhwSCjIwMjYtMTItMjMoAGoFEgNOUlRyBRIDVFBFQgEBSAGYAQE=
2026-09-16,2026-12-17,2026-12-23,outbound,China Airlines,"9:30 AM on Thu, Dec 17","1:30 PM on Thu, Dec 17",3 hr,0,NT$16041,round_trip,TRUE,FALSE,typical,https://www.google.com/travel/flights?tfs=GhwSCjIwMjYtMTItMTcoAGoFEgNUUEVyBRIDTlJUGhwSCjIwMjYtMTItMjMoAGoFEgNOUlRyBRIDVFBFQgEBSAGYAQE=
2026-09-16,2026-12-17,2026-12-23,outbound,EVA Air,"3:20 PM on Thu, Dec 17","7:20 PM on Thu, Dec 17",3 hr,0,NT$16090,round_trip,FALSE,FALSE,typical,https://www.google.com/travel/flights?tfs=GhwSCjIwMjYtMTItMTcoAGoFEgNUUEVyBRIDTlJUGhwSCjIwMjYtMTItMjMoAGoFEgNOUlRyBRIDVFBFQgEBSAGYAQE=
2026-09-16,2026-12-17,2026-12-23,outbound,China Airlines,"12:35 PM on Thu, Dec 17","4:35 PM on Thu, Dec 17",3 hr,0,NT$16901,round_trip,TRUE,FALSE,typical,https://www.google.com/travel/flights?tfs=GhwSCjIwMjYtMTItMTcoAGoFEgNUUEVyBRIDTlJUGhwSCjIwMjYtMTItMjMoAGoFEgNOUlRyBRIDVFBFQgEBSAGYAQE=
2026-09-16,2026-12-17,2026-12-23,outbound,STARLUX Airlines,"3:00 PM on Thu, Dec 17","7:00 PM on Thu, Dec 17",3 hr,0,NT$17513,round_trip,FALSE,FALSE,typical,https://www.google.com/travel/flights?tfs=GhwSCjIwMjYtMTItMTcoAGoFEgNUUEVyBRIDTlJUGhwSCjIwMjYtMTItMjMoAGoFEgNOUlRyBRIDVFBFQgEBSAGYAQE=
2026-09-16,2026-12-17,2026-12-23,outbound,EVA Air,"7:55 AM on Thu, Dec 17","12:00 PM on Thu, Dec 17",3 hr 5 min,0,NT$17545,round_trip,TRUE,FALSE,typical,https://www.google.com/travel/flights?tfs=GhwSCjIwMjYtMTItMTcoAGoFEgNUUEVyBRIDTlJUGhwSCjIwMjYtMTItMjMoAGoFEgNOUlRyBRIDVFBFQgEBSAGYAQE=
2026-09-16,2026-12-17,2026-12-23,outbound,EVA Air,"8:50 AM on Thu, Dec 17","12:55 PM on Thu, Dec 17",3 hr 5 min,0,NT$17545,round_trip,TRUE,FALSE,typical,https://www.google.com/travel/flights?tfs=GhwSCjIwMjYtMTItMTcoAGoFEgNUUEVyBRIDTlJUGhwSCjIwMjYtMTItMjMoAGoFEgNOUlRyBRIDVFBFQgEBSAGYAQE=
2026-09-16,2026-12-17,2026-12-23,outbound,JAL,"10:40 AM on Thu, Dec 17","2:40 PM on Thu, Dec 17",3 hr,0,NT$17619,round_trip,TRUE,FALSE,typical,https://www.google.com/travel/flights?tfs=GhwSCjIwMjYtMTItMTcoAGoFEgNUUEVyBRIDTlJUGhwSCjIwMjYtMTItMjMoAGoFEgNOUlRyBRIDVFBFQgEBSAGYAQE=
2026-09-16,2026-12-17,2026-12-23,outbound,STARLUX Airlines,"10:10 AM on Thu, Dec 17","2:20 PM on Thu, Dec 17",3 hr 10 min,0,NT$18378,round_trip,TRUE,FALSE,typical,https://www.google.com/travel/flights?tfs=GhwSCjIwMjYtMTItMTcoAGoFEgNUUEVyBRIDTlJUGhwSCjIwMjYtMTItMjMoAGoFEgNOUlRyBRIDVFBFQgEBSAGYAQE=
2026-09-16,2026-12-17,2026-12-23,return,EVA Air,"1:00 PM on Wed, Dec 23","4:05 PM on Wed, Dec 23",4 hr 5 min,0,NT$7435,one_way,FALSE,TRUE,typical,https://www.google.com/travel/flights?tfs=GhwSCjIwMjYtMTItMjMoAGoFEgNOUlRyBRIDVFBFQgEBSAGYAQI=
2026-09-16,2026-12-17,2026-12-23,return,China Airlines,"9:20 AM on Wed, Dec 23","12:30 PM on Wed, Dec 23",4 hr 10 min,0,NT$7768,one_way,FALSE,FALSE,typical,https://www.google.com/travel/flights?tfs=GhwSCjIwMjYtMTItMjMoAGoFEgNOUlRyBRIDVFBFQgEBSAGYAQI=
2026-09-16,2026-12-17,2026-12-23,return,STARLUX Airlines,"3:40 PM on Wed, Dec 23","6:45 PM on Wed, Dec 23",4 hr 5 min,0,NT$8954,one_way,FALSE,FALSE,typical,https://www.google.com/travel/flights?tfs=GhwSCjIwMjYtMTItMjMoAGoFEgNOUlRyBRIDVFBFQgEBSAGYAQI=
2026-09-16,2026-12-17,2026-12-23,return,EVA Air,"8:20 PM on Wed, Dec 23","11:25 PM on Wed, Dec 23",4 hr 5 min,0,NT$9132,one_way,TRUE,FALSE,typical,https://www.google.com/travel/flights?tfs=GhwSCjIwMjYtMTItMjMoAGoFEgNOUlRyBRIDVFBFQgEBSAGYAQI=
2026-09-16,2026-12-17,2026-12-23,return,Cathay Pacific,"3:30 PM on Wed, Dec 23","6:35 PM on Wed, Dec 23",4 hr 5 min,0,NT$9191,one_way,FALSE,FALSE,typical,https://www.google.com/travel/flights?tfs=GhwSCjIwMjYtMTItMjMoAGoFEgNOUlRyBRIDVFBFQgEBSAGYAQI=
2026-09-16,2026-12-17,2026-12-23,return,STARLUX Airlines,"1:45 PM on Wed, Dec 23","4:50 PM on Wed, Dec 23",4 hr 5 min,0,NT$10038,one_way,FALSE,FALSE,typical,https://www.google.com/travel/flights?tfs=GhwSCjIwMjYtMTItMjMoAGoFEgNOUlRyBRIDVFBFQgEBSAGYAQI=
2026-09-16,2026-12-17,2026-12-23,return,STARLUX Airlines,"8:10 PM on Wed, Dec 23","11:20 PM on Wed, Dec 23",4 hr 10 min,0,NT$10038,one_way,TRUE,FALSE,typical,https://www.google.com/travel/flights?tfs=GhwSCjIwMjYtMTItMjMoAGoFEgNOUlRyBRIDVFBFQgEBSAGYAQI=
2026-09-16,2026-12-17,2026-12-23,return,EVA Air,"2:00 PM on Wed, Dec 23","5:05 PM on Wed, Dec 23",4 hr 5 min,0,NT$10522,one_way,FALSE,FALSE,typical,https://www.google.com/travel/flights?tfs=GhwSCjIwMjYtMTItMjMoAGoFEgNOUlRyBRIDVFBFQgEBSAGYAQI=
2026-09-16,2026-12-17,2026-12-23,return,China Airlines,"2:35 PM on Wed, Dec 23","5:45 PM on Wed, Dec 23",4 hr 10 min,0,NT$11162,one_way,FALSE,FALSE,typical,https://www.google.com/travel/flights?tfs=GhwSCjIwMjYtMTItMjMoAGoFEgNOUlRyBRIDVFBFQgEBSAGYAQI=
2026-09-16,2026-12-17,2026-12-23,return,China Airlines,"5:45 PM on Wed, Dec 23","8:55 PM on Wed, Dec 23",4 hr 10 min,0,NT$14066,one_way,FALSE,FALSE,typical,https://www.google.com/travel/flights?tfs=GhwSCjIwMjYtMTItMjMoAGoFEgNOUlRyBRIDVFBFQgEBSAGYAQI=
2026-09-16,2026-12-17,2026-12-23,return,China Airlines,"7:30 PM on Wed, Dec 23","10:45 PM on Wed, Dec 23",4 hr 15 min,0,NT$14066,one_way,FALSE,FALSE,typical,https://www.google.com/travel/flights?tfs=GhwSCjIwMjYtMTItMjMoAGoFEgNOUlRyBRIDVFBFQgEBSAGYAQI=
2026-09-16,2026-12-16,2026-12-22,outbound,Cathay Pacific,"12:50 PM on Wed, Dec 16","4:50 PM on Wed, Dec 16",3 hr,0,NT$13495,round_trip,TRUE,FALSE,typical,https://www.google.com/travel/flights?tfs=GhwSCjIwMjYtMTItMTYoAGoFEgNUUEVyBRIDTlJUGhwSCjIwMjYtMTItMjIoAGoFEgNOUlRyBRIDVFBFQgEBSAGYAQE=
2026-09-16,2026-12-16,2026-12-22,outbound,China Airlines,"4:25 PM on Wed, Dec 16","8:30 PM on Wed, Dec 16",3 hr 5 min,0,NT$13692,round_trip,FALSE,FALSE,typical,https://www.google.com/travel/flights?tfs=GhwSCjIwMjYtMTItMTYoAGoFEgNUUEVyBRIDTlJUGhwSCjIwMjYtMTItMjIoAGoFEgNOUlRyBRIDVFBFQgEBSAGYAQE=
2026-09-16,2026-12-16,2026-12-22,outbound,China Airlines,"12:35 PM on Wed, Dec 16","4:35 PM on Wed, Dec 16",3 hr,0,NT$14511,round_trip,TRUE,FALSE,typical,https://www.google.com/travel/flights?tfs=GhwSCjIwMjYtMTItMTYoAGoFEgNUUEVyBRIDTlJUGhwSCjIwMjYtMTItMjIoAGoFEgNOUlRyBRIDVFBFQgEBSAGYAQE=
2026-09-16,2026-12-16,2026-12-22,outbound,STARLUX Airlines,"3:00 PM on Wed, Dec 16","7:00 PM on Wed, Dec 16",3 hr,0,NT$14573,round_trip,FALSE,FALSE,typical,https://www.google.com/travel/flights?tfs=GhwSCjIwMjYtMTItMTYoAGoFEgNUUEVyBRIDTlJUGhwSCjIwMjYtMTItMjIoAGoFEgNOUlRyBRIDVFBFQgEBSAGYAQE=
2026-09-16,2026-12-16,2026-12-22,outbound,EVA Air,"3:20 PM on Wed, Dec 16","7:20 PM on Wed, Dec 16",3 hr,0,NT$14742,round_trip,FALSE,FALSE,typical,https://www.google.com/travel/flights?tfs=GhwSCjIwMjYtMTItMTYoAGoFEgNUUEVyBRIDTlJUGhwSCjIwMjYtMTItMjIoAGoFEgNOUlRyBRIDVFBFQgEBSAGYAQE=
2026-09-16,2026-12-16,2026-12-22,outbound,EVA Air,"7:55 AM on Wed, Dec 16","12:00 PM on Wed, Dec 16",3 hr 5 min,0,NT$15687,round_trip,TRUE,FALSE,typical,https://www.google.com/travel/flights?tfs=GhwSCjIwMjYtMTItMTYoAGoFEgNUUEVyBRIDTlJUGhwSCjIwMjYtMTItMjIoAGoFEgNOUlRyBRIDVFBFQgEBSAGYAQE=
2026-09-16,2026-12-16,2026-12-22,outbound,EVA Air,"8:50 AM on Wed, Dec 16","12:55 PM on Wed, Dec 16",3 hr 5 min,0,NT$15687,round_trip,TRUE,FALSE,typical,https://www.google.com/travel/flights?tfs=GhwSCjIwMjYtMTItMTYoAGoFEgNUUEVyBRIDTlJUGhwSCjIwMjYtMTItMjIoAGoFEgNOUlRyBRIDVFBFQgEBSAGYAQE=
2026-09-16,2026-12-16,2026-12-22,outbound,China Airlines,"2:25 PM on Wed, Dec 16","6:30 PM on Wed, Dec 16",3 hr 5 min,0,NT$15821,round_trip,FALSE,FALSE,typical,https://www.google.com/travel/flights?tfs=GhwSCjIwMjYtMTItMTYoAGoFEgNUUEVyBRIDTlJUGhwSCjIwMjYtMTItMjIoAGoFEgNOUlRyBRIDVFBFQgEBSAGYAQE=
2026-09-16,2026-12-16,2026-12-22,outbound,STARLUX Airlines,"8:25 AM on Wed, Dec 16","12:35 PM on Wed, Dec 16",3 hr 10 min,0,NT$16196,round_trip,TRUE,FALSE,typical,https://www.google.com/travel/flights?tfs=GhwSCjIwMjYtMTItMTYoAGoFEgNUUEVyBRIDTlJUGhwSCjIwMjYtMTItMjIoAGoFEgNOUlRyBRIDVFBFQgEBSAGYAQE=
2026-09-16,2026-12-16,2026-12-22,outbound,STARLUX Airlines,"10:10 AM on Wed, Dec 16","2:20 PM on Wed, Dec 16",3 hr 10 min,0,NT$16196,round_trip,TRUE,FALSE,typical,https://www.google.com/travel/flights?tfs=GhwSCjIwMjYtMTItMTYoAGoFEgNUUEVyBRIDTlJUGhwSCjIwMjYtMTItMjIoAGoFEgNOUlRyBRIDVFBFQgEBSAGYAQE=
2026-09-16,2026-12-16,2026-12-22,outbound,JAL,"10:40 AM on Wed, Dec 16","2:40 PM on Wed, Dec 16",3 hr,0,NT$16769,round_trip,TRUE,FALSE,typical,https://www.google.com/travel/flights?tfs=GhwSCjIwMjYtMTItMTYoAGoFEgNUUEVyBRIDTlJUGhwSCjIwMjYtMTItMjIoAGoFEgNOUlRyBRIDVFBFQgEBSAGYAQE=
2026-09-16,2026-12-16,2026-12-22,return,EVA Air,"1:00 PM on Tue, Dec 22","4:05 PM on Tue, Dec 22",4 hr 5 min,0,NT$7435,one_way,FALSE,TRUE,typical,https://www.google.com/travel/flights?tfs=GhwSCjIwMjYtMTItMjIoAGoFEgNOUlRyBRIDVFBFQgEBSAGYAQI=
2026-09-16,2026-12-16,2026-12-22,return,EVA Air,"2:00 PM on Tue, Dec 22","5:05 PM on Tue, Dec 22",4 hr 5 min,0,NT$7435,one_way,FALSE,FALSE,typical,https://www.google.com/travel/flights?tfs=GhwSCjIwMjYtMTItMjIoAGoFEgNOUlRyBRIDVFBFQgEBSAGYAQI=
2026-09-16,2026-12-16,2026-12-22,return,China Airlines,"9:20 AM on Tue, Dec 22","12:30 PM on Tue, Dec 22",4 hr 10 min,0,NT$7768,one_way,FALSE,FALSE,typical,https://www.google.com/travel/flights?tfs=GhwSCjIwMjYtMTItMjIoAGoFEgNOUlRyBRIDVFBFQgEBSAGYAQI=
2026-09-16,2026-12-16,2026-12-22,return,JAL,"6:05 PM on Tue, Dec 22","9:15 PM on Tue, Dec 22",4 hr 10 min,0,NT$8825,one_way,FALSE,FALSE,typical,https://www.google.com/travel/flights?tfs=GhwSCjIwMjYtMTItMjIoAGoFEgNOUlRyBRIDVFBFQgEBSAGYAQI=
2026-09-16,2026-12-16,2026-12-22,return,STARLUX Airlines,"1:45 PM on Tue, Dec 22","4:50 PM on Tue, Dec 22",4 hr 5 min,0,NT$8954,one_way,FALSE,FALSE,typical,https://www.google.com/travel/flights?tfs=GhwSCjIwMjYtMTItMjIoAGoFEgNOUlRyBRIDVFBFQgEBSAGYAQI=
2026-09-16,2026-12-16,2026-12-22,return,EVA Air,"8:20 PM on Tue, Dec 22","11:25 PM on Tue, Dec 22",4 hr 5 min,0,NT$9132,one_way,TRUE,FALSE,typical,https://www.google.com/travel/flights?tfs=GhwSCjIwMjYtMTItMjIoAGoFEgNOUlRyBRIDVFBFQgEBSAGYAQI=
2026-09-16,2026-12-16,2026-12-22,return,Cathay Pacific,"3:30 PM on Tue, Dec 22","6:35 PM on Tue, Dec 22",4 hr 5 min,0,NT$9191,one_way,FALSE,FALSE,typical,https://www.google.com/travel/flights?tfs=GhwSCjIwMjYtMTItMjIoAGoFEgNOUlRyBRIDVFBFQgEBSAGYAQI=
2026-09-16,2026-12-16,2026-12-22,return,STARLUX Airlines,"3:40 PM on Tue, Dec 22","6:45 PM on Tue, Dec 22",4 hr 5 min,0,NT$10038,one_way,FALSE,FALSE,typical,https://www.google.com/travel/flights?tfs=GhwSCjIwMjYtMTItMjIoAGoFEgNOUlRyBRIDVFBFQgEBSAGYAQI=
2026-09-16,2026-12-16,2026-12-22,return,STARLUX Airlines,"8:10 PM on Tue, Dec 22","11:20 PM on Tue, Dec 22",4 hr 10 min,0,NT$10038,one_way,TRUE,FALSE,typical,https://www.google.com/travel/flights?tfs=GhwSCjIwMjYtMTItMjIoAGoFEgNOUlRyBRIDVFBFQgEBSAGYAQI=
2026-09-16,2026-12-16,2026-12-22,return,China Airlines,"2:35 PM on Tue, Dec 22","5:45 PM on Tue, Dec 22",4 hr 10 min,0,NT$11162,one_way,FALSE,FALSE,typical,https://www.google.com/travel/flights?tfs=GhwSCjIwMjYtMTItMjIoAGoFEgNOUlRyBRIDVFBFQgEBSAGYAQI=
2026-09-16,2026-12-16,2026-12-22,return,China Airlines,"5:45 PM on Tue, Dec 22","8:55 PM on Tue, Dec 22",4 hr 10 min,0,NT$14066,one_way,FALSE,FALSE,typical,https://www.google.com/travel/flights?tfs=GhwSCjIwMjYtMTItMjIoAGoFEgNOUlRyBRIDVFBFQgEBSAGYAQI=
2026-09-17,2026-12-17,2026-12-23,outbound,China Airlines,"4:25 PM on Thu, Dec 17","8:30 PM on Thu, Dec 17",3 hr 5 min,0,NT$13110,round_trip,FALSE,FALSE,typical,https://www.google.com/travel/flights?tfs=GhwSCjIwMjYtMTItMTcoAGoFEgNUUEVyBRIDTlJUGhwSCjIwMjYtMTItMjMoAGoFEgNOUlRyBRIDVFBFQgEBSAGYAQE=
2026-09-17,2026-12-17,2026-12-23,outbound,Cathay Pacific,"12:50 PM on Thu, Dec 17","4:50 PM on Thu, Dec 17",3 hr,0,NT$13499,round_trip,TRUE,FALSE,typical,https://www.google.com/travel/flights?tfs=GhwSCjIwMjYtMTItMTcoAGoFEgNUUEVyBRIDTlJUGhwSCjIwMjYtMTItMjMoAGoFEgNOUlRyBRIDVFBFQgEBSAGYAQE=
2026-09-17,2026-12-17,2026-12-23,outbound,China Airlines,"9:30 AM on Thu, Dec 17","1:30 PM on Thu, Dec 17",3 hr,0,NT$14095,round_trip,TRUE,FALSE,typical,https://www.google.com/travel/flights?tfs=GhwSCjIwMjYtMTItMTcoAGoFEgNUUEVyBRIDTlJUGhwSCjIwMjYtMTItMjMoAGoFEgNOUlRyBRIDVFBFQgEBSAGYAQE=
2026-09-17,2026-12-17,2026-12-23,outbound,EVA Air,"3:20 PM on Thu, Dec 17","7:20 PM on Thu, Dec 17",3 hr,0,NT$14161,round_trip,FALSE,FALSE,typical,https://www.google.com/travel/flights?tfs=GhwSCjIwMjYtMTItMTcoAGoFEgNUUEVyBRIDTlJUGhwSCjIwMjYtMTItMjMoAGoFEgNOUlRyBRIDVFBFQgEBSAGYAQE=
2026-09-17,2026-12-17,2026-12-23,outbound,China Airlines,"2:25 PM on Thu, Dec 17","6:30 PM on Thu, Dec 17",3 hr 5 min,0,NT$14615,round_trip,FALSE,FALSE,typical,https://www.google.com/travel/flights?tfs=GhwSCjIwMjYtMTItMTcoAGoFEgNUUEVyBRIDTlJUGhwSCjIwMjYtMTItMjMoAGoFEgNOUlRyBRIDVFBFQgEBSAGYAQE=
2026-09-17,2026-12-17,2026-12-23,outbound,STARLUX Airlines,"3:00 PM on Thu, Dec 17","7:00 PM on Thu, Dec 17",3 hr,0,NT$15052,round_trip,FALSE,FALSE,typical,https://www.google.com/travel/flights?tfs=GhwSCjIwMjYtMTItMTcoAGoFEgNUUEVyBRIDTlJUGhwSCjIwMjYtMTItMjMoAGoFEgNOUlRyBRIDVFBFQgEBSAGYAQE=
2026-09-17,2026-12-17,2026-12-23,outbound,EVA Air,"7:55 AM on Thu, Dec 17","12:00 PM on Thu, Dec 17",3 hr 5 min,0,NT$15106,round_trip,TRUE,FALSE,typical,https://www.google.com/travel/flights?tfs=GhwSCjIwMjYtMTItMTcoAGoFEgNUUEVyBRIDTlJUGhwSCjIwMjYtMTItMjMoAGoFEgNOUlRyBRIDVFBFQgEBSAGYAQE=
2026-09-17,2026-12-17,2026-12-23,outbound,EVA Air,"8:50 AM on Thu, Dec 17","12:55 PM on Thu, Dec 17",3 hr 5 min,0,NT$15106,round_trip,TRUE,FALSE,typical,https://www.google.com/travel/flights?tfs=GhwSCjIwMjYtMTItMTcoAGoFEgNUUEVyBRIDTlJUGhwSCjIwMjYtMTItMjMoAGoFEgNOUlRyBRIDVFBFQgEBSAGYAQE=
2026-09-17,2026-12-17,2026-12-23,outbound,STARLUX Airlines,"10:10 AM on Thu, Dec 17","2:20 PM on Thu, Dec 17",3 hr 10 min,0,NT$15614,round_trip,TRUE,FALSE,typical,https://www.google.com/travel/flights?tfs=GhwSCjIwMjYtMTItMTcoAGoFEgNUUEVyBRIDTlJUGhwSCjIwMjYtMTItMjMoAGoFEgNOUlRyBRIDVFBFQgEBSAGYAQE=
2026-09-17,2026-12-17,2026-12-23,outbound,China Airlines,"12:35 PM on Thu, Dec 17","4:35 PM on Thu, Dec 17",3 hr,0,NT$15926,round_trip,TRUE,FALSE,typical,https://www.google.com/travel/flights?tfs=GhwSCjIwMjYtMTItMTcoAGoFEgNUUEVyBRIDTlJUGhwSCjIwMjYtMTItMjMoAGoFEgNOUlRyBRIDVFBFQgEBSAGYAQE=
2026-09-17,2026-12-17,2026-12-23,outbound,STARLUX Airlines,"8:25 AM on Thu, Dec 17","12:35 PM on Thu, Dec 17",3 hr 10 min,0,NT$16238,round_trip,TRUE,FALSE,typical,https://www.google.com/travel/flights?tfs=GhwSCjIwMjYtMTItMTcoAGoFEgNUUEVyBRIDTlJUGhwSCjIwMjYtMTItMjMoAGoFEgNOUlRyBRIDVFBFQgEBSAGYAQE=
2026-09-17,2026-12-17,2026-12-23,return,EVA Air,"1:00 PM on Wed, Dec 23","4:05 PM on Wed, Dec 23",4 hr 5 min,0,NT$7436,one_way,FALSE,FALSE,typical,https://www.google.com/travel/flights?tfs=GhwSCjIwMjYtMTItMjMoAGoFEgNOUlRyBRIDVFBFQgEBSAGYAQI=
2026-09-17,2026-12-17,2026-12-23,return,China Airlines,"9:20 AM on Wed, Dec 23","12:30 PM on Wed, Dec 23",4 hr 10 min,0,NT$7769,one_way,FALSE,FALSE,typical,https://www.google.com/travel/flights?tfs=GhwSCjIwMjYtMTItMjMoAGoFEgNOUlRyBRIDVFBFQgEBSAGYAQI=
2026-09-17,2026-12-17,2026-12-23,return,STARLUX Airlines,"3:40 PM on Wed, Dec 23","6:45 PM on Wed, Dec 23",4 hr 5 min,0,NT$8955,one_way,FALSE,FALSE,typical,https://www.google.com/travel/flights?tfs=GhwSCjIwMjYtMTItMjMoAGoFEgNOUlRyBRIDVFBFQgEBSAGYAQI=
2026-09-17,2026-12-17,2026-12-23,return,EVA Air,"8:20 PM on Wed, Dec 23","11:25 PM on Wed, Dec 23",4 hr 5 min,0,NT$9133,one_way,TRUE,FALSE,typical,https://www.google.com/travel/flights?tfs=GhwSCjIwMjYtMTItMjMoAGoFEgNOUlRyBRIDVFBFQgEBSAGYAQI=
2026-09-17,2026-12-17,2026-12-23,return,Cathay Pacific,"3:30 PM on Wed, Dec 23","6:35 PM on Wed, Dec 23",4 hr 5 min,0,NT$9188,one_way,FALSE,FALSE,typical,https://www.google.com/travel/flights?tfs=GhwSCjIwMjYtMTItMjMoAGoFEgNOUlRyBRIDVFBFQgEBSAGYAQI=
2026-09-17,2026-12-17,2026-12-23,return,STARLUX Airlines,"1:45 PM on Wed, Dec 23","4:50 PM on Wed, Dec 23",4 hr 5 min,0,NT$10038,one_way,FALSE,FALSE,typical,https://www.google.com/travel/flights?tfs=GhwSCjIwMjYtMTItMjMoAGoFEgNOUlRyBRIDVFBFQgEBSAGYAQI=
2026-09-17,2026-12-17,2026-12-23,return,STARLUX Airlines,"8:10 PM on Wed, Dec 23","11:20 PM on Wed, Dec 23",4 hr 10 min,0,NT$10038,one_way,TRUE,FALSE,typical,https://www.google.com/travel/flights?tfs=GhwSCjIwMjYtMTItMjMoAGoFEgNOUlRyBRIDVFBFQgEBSAGYAQI=
2026-09-17,2026-12-17,2026-12-23,return,EVA Air,"2:00 PM on Wed, Dec 23","5:05 PM on Wed, Dec 23",4 hr 5 min,0,NT$10523,one_way,FALSE,FALSE,typical,https://www.google.com/travel/flights?tfs=GhwSCjIwMjYtMTItMjMoAGoFEgNOUlRyBRIDVFBFQgEBSAGYAQI=
2026-09-17,2026-12-17,2026-12-23,return,China Airlines,"2:35 PM on Wed, Dec 23","5:45 PM on Wed, Dec 23",4 hr 10 min,0,NT$11162,one_way,FALSE,FALSE,typical,https://www.google.com/travel/flights?tfs=GhwSCjIwMjYtMTItMjMoAGoFEgNOUlRyBRIDVFBFQgEBSAGYAQI=
2026-09-17,2026-12-17,2026-12-23,return,China Airlines,"5:45 PM on Wed, Dec 23","8:55 PM on Wed, Dec 23",4 hr 10 min,0,NT$14065,one_way,FALSE,FALSE,typical,https://www.google.com/travel/flights?tfs=GhwSCjIwMjYtMTItMjMoAGoFEgNOUlRyBRIDVFBFQgEBSAGYAQI=
2026-09-17,2026-12-17,2026-12-23,return,China Airlines,"7:30 PM on Wed, Dec 23","10:45 PM on Wed, Dec 23",4 hr 15 min,0,NT$14065,one_way,FALSE,FALSE,typical,https://www.google.com/travel/flights?tfs=GhwSCjIwMjYtMTItMjMoAGoFEgNOUlRyBRIDVFBFQgEBSAGYAQI=
2026-09-17,2026-12-16,2026-12-22,outbound,China Airlines,"4:25 PM on Wed, Dec 16","8:30 PM on Wed, Dec 16",3 hr 5 min,0,NT$13417,round_trip,FALSE,FALSE,typical,https://www.google.com/travel/flights?tfs=GhwSCjIwMjYtMTItMTYoAGoFEgNUUEVyBRIDTlJUGhwSCjIwMjYtMTItMjIoAGoFEgNOUlRyBRIDVFBFQgEBSAGYAQE=
2026-09-17,2026-12-16,2026-12-22,outbound,Cathay Pacific,"12:50 PM on Wed, Dec 16","4:50 PM on Wed, Dec 16",3 hr,0,NT$13499,round_trip,TRUE,FALSE,typical,https://www.google.com/travel/flights?tfs=GhwSCjIwMjYtMTItMTYoAGoFEgNUUEVyBRIDTlJUGhwSCjIwMjYtMTItMjIoAGoFEgNOUlRyBRIDVFBFQgEBSAGYAQE=
2026-09-17,2026-12-16,2026-12-22,outbound,China Airlines,"12:35 PM on Wed, Dec 16","4:35 PM on Wed, Dec 16",3 hr,0,NT$14236,round_trip,TRUE,FALSE,typical,https://www.google.com/travel/flights?tfs=GhwSCjIwMjYtMTItMTYoAGoFEgNUUEVyBRIDTlJUGhwSCjIwMjYtMTItMjIoAGoFEgNOUlRyBRIDVFBFQgEBSAGYAQE=
2026-09-17,2026-12-16,2026-12-22,outbound,STARLUX Airlines,"3:00 PM on Wed, Dec 16","7:00 PM on Wed, Dec 16",3 hr,0,NT$14298,round_trip,FALSE,FALSE,typical,https://www.google.com/travel/flights?tfs=GhwSCjIwMjYtMTItMTYoAGoFEgNUUEVyBRIDTlJUGhwSCjIwMjYtMTItMjIoAGoFEgNOUlRyBRIDVFBFQgEBSAGYAQE=
2026-09-17,2026-12-16,2026-12-22,outbound,China Airlines,"9:30 AM on Wed, Dec 16","1:30 PM on Wed, Dec 16",3 hr,0,NT$14402,round_trip,TRUE,FALSE,typical,https://www.google.com/travel/flights?tfs=GhwSCjIwMjYtMTItMTYoAGoFEgNUUEVyBRIDTlJUGhwSCjIwMjYtMTItMjIoAGoFEgNOUlRyBRIDVFBFQgEBSAGYAQE=
2026-09-17,2026-12-16,2026-12-22,outbound,EVA Air,"3:20 PM on Wed, Dec 16","7:20 PM on Wed, Dec 16",3 hr,0,NT$14468,round_trip,FALSE,FALSE,typical,https://www.google.com/travel/flights?tfs=GhwSCjIwMjYtMTItMTYoAGoFEgNUUEVyBRIDTlJUGhwSCjIwMjYtMTItMjIoAGoFEgNOUlRyBRIDVFBFQgEBSAGYAQE=
2026-09-17,2026-12-16,2026-12-22,outbound,STARLUX Airlines,"10:10 AM on Wed, Dec 16","2:20 PM on Wed, Dec 16",3 hr 10 min,0,NT$14610,round_trip,TRUE,FALSE,typical,https://www.google.com/travel/flights?tfs=GhwSCjIwMjYtMTItMTYoAGoFEgNUUEVyBRIDTlJUGhwSCjIwMjYtMTItMjIoAGoFEgNOUlRyBRIDVFBFQgEBSAGYAQE=
2026-09-17,2026-12-16,2026-12-22,outbound,China Airlines,"2:25 PM on Wed, Dec 16","6:30 PM on Wed, Dec 16",3 hr 5 min,0,NT$14922,round_trip,FALSE,FALSE,typical,https://www.google.com/travel/flights?tfs=GhwSCjIwMjYtMTItMTYoAGoFEgNUUEVyBRIDTlJUGhwSCjIwMjYtMTItMjIoAGoFEgNOUlRyBRIDVFBFQgEBSAGYAQE=
2026-09-17,2026-12-16,2026-12-22,outbound,STARLUX Airlines,"8:25 AM on Wed, Dec 16","12:35 PM on Wed, Dec 16",3 hr 10 min,0,NT$15234,round_trip,TRUE,FALSE,typical,https://www.google.com/travel/flights?tfs=GhwSCjIwMjYtMTItMTYoAGoFEgNUUEVyBRIDTlJUGhwSCjIwMjYtMTItMjIoAGoFEgNOUlRyBRIDVFBFQgEBSAGYAQE=
2026-09-17,2026-12-16,2026-12-22,outbound,EVA Air,"7:55 AM on Wed, Dec 16","12:00 PM on Wed, Dec 16",3 hr 5 min,0,NT$15413,round_trip,TRUE,FALSE,typical,https://www.google.com/travel/flights?tfs=GhwSCjIwMjYtMTItMTYoAGoFEgNUUEVyBRIDTlJUGhwSCjIwMjYtMTItMjIoAGoFEgNOUlRyBRIDVFBFQgEBSAGYAQE=
2026-09-17,2026-12-16,2026-12-22,outbound,EVA Air,"8:50 AM on Wed, Dec 16","12:55 PM on Wed, Dec 16",3 hr 5 min,0,NT$15413,round_trip,TRUE,FALSE,typical,https://www.google.com/travel/flights?tfs=GhwSCjIwMjYtMTItMTYoAGoFEgNUUEVyBRIDTlJUGhwSCjIwMjYtMTItMjIoAGoFEgNOUlRyBRIDVFBFQgEBSAGYAQE=
2026-09-17,2026-12-16,2026-12-22,return,EVA Air,"1:00 PM on Tue, Dec 22","4:05 PM on Tue, Dec 22",4 hr 5 min,0,NT$7436,one_way,FALSE,FALSE,typical,https://www.google.com/travel/flights?tfs=GhwSCjIwMjYtMTItMjIoAGoFEgNOUlRyBRIDVFBFQgEBSAGYAQI=
2026-09-17,2026-12-16,2026-12-22,return,EVA Air,"2:00 PM on Tue, Dec 22","5:05 PM on Tue, Dec 22",4 hr 5 min,0,NT$7436,one_way,FALSE,FALSE,typical,https://www.google.com/travel/flights?tfs=GhwSCjIwMjYtMTItMjIoAGoFEgNOUlRyBRIDVFBFQgEBSAGYAQI=
2026-09-17,2026-12-16,2026-12-22,return,China Airlines,"9:20 AM on Tue, Dec 22","12:30 PM on Tue, Dec 22",4 hr 10 min,0,NT$7769,one_way,FALSE,FALSE,typical,https://www.google.com/travel/flights?tfs=GhwSCjIwMjYtMTItMjIoAGoFEgNOUlRyBRIDVFBFQgEBSAGYAQI=
2026-09-17,2026-12-16,2026-12-22,return,JAL,"6:05 PM on Tue, Dec 22","9:15 PM on Tue, Dec 22",4 hr 10 min,0,NT$8822,one_way,FALSE,FALSE,typical,https://www.google.com/travel/flights?tfs=GhwSCjIwMjYtMTItMjIoAGoFEgNOUlRyBRIDVFBFQgEBSAGYAQI=
2026-09-17,2026-12-16,2026-12-22,return,STARLUX Airlines,"1:45 PM on Tue, Dec 22","4:50 PM on Tue, Dec 22",4 hr 5 min,0,NT$8955,one_way,FALSE,FALSE,typical,https://www.google.com/travel/flights?tfs=GhwSCjIwMjYtMTItMjIoAGoFEgNOUlRyBRIDVFBFQgEBSAGYAQI=
2026-09-17,2026-12-16,2026-12-22,return,EVA Air,"8:20 PM on Tue, Dec 22","11:25 PM on Tue, Dec 22",4 hr 5 min,0,NT$9133,one_way,TRUE,FALSE,typical,https://www.google.com/travel/flights?tfs=GhwSCjIwMjYtMTItMjIoAGoFEgNOUlRyBRIDVFBFQgEBSAGYAQI=
2026-09-17,2026-12-16,2026-12-22,return,Cathay Pacific,"3:30 PM on Tue, Dec 22","6:35 PM on Tue, Dec 22",4 hr 5 min,0,NT$9188,one_way,FALSE,FALSE,typical,https://www.google.com/travel/flights?tfs=GhwSCjIwMjYtMTItMjIoAGoFEgNOUlRyBRIDVFBFQgEBSAGYAQI=
2026-09-17,2026-12-16,2026-12-22,return,STARLUX Airlines,"3:40 PM on Tue, Dec 22","6:45 PM on Tue, Dec 22",4 hr 5 min,0,NT$10038,one_way,FALSE,FALSE,typical,https://www.google.com/travel/flights?tfs=GhwSCjIwMjYtMTItMjIoAGoFEgNOUlRyBRIDVFBFQgEBSAGYAQI=
2026-09-17,2026-12-16,2026-12-22,return,STARLUX Airlines,"8:10 PM on Tue, Dec 22","11:20 PM on Tue, Dec 22",4 hr 10 min,0,NT$10038,one_way,TRUE,FALSE,typical,https://www.google.com/travel/flights?tfs=GhwSCjIwMjYtMTItMjIoAGoFEgNOUlRyBRIDVFBFQgEBSAGYAQI=
2026-09-17,2026-12-16,2026-12-22,return,China Airlines,"2:35 PM on Tue, Dec 22","5:45 PM on Tue, Dec 22",4 hr 10 min,0,NT$11162,one_way,FALSE,FALSE,typical,https://www.google.com/travel/flights?tfs=GhwSCjIwMjYtMTItMjIoAGoFEgNOUlRyBRIDVFBFQgEBSAGYAQI=
2026-09-17,2026-12-16,2026-12-22,return,China Airlines,"5:45 PM on Tue, Dec 22","8:55 PM on Tue, Dec 22",4 hr 10 min,0,NT$14065,one_way,FALSE,FALSE,typical,https://www.google.com/travel/flights?tfs=GhwSCjIwMjYtMTItMjIoAGoFEgNOUlRyBRIDVFBFQgEBSAGYAQI=
2026-09-18,2026-12-17,2026-12-23,outbound,China Airlines,"4:25 PM on Thu, Dec 17","8:30 PM on Thu, Dec 17",3 hr 5 min,0,NT$13371,round_trip,FALSE,FALSE,typical,https://www.google.com/travel/flights?tfs=GhwSCjIwMjYtMTItMTcoAGoFEgNUUEVyBRIDTlJUGhwSCjIwMjYtMTItMjMoAGoFEgNOUlRyBRIDVFBFQgEBSAGYAQE=
2026-09-18,2026-12-17,2026-12-23,outbound,Cathay Pacific,"12:50 PM on Thu, Dec 17","4:50 PM on Thu, Dec 17",3 hr,0,NT$13498,round_trip,TRUE,FALSE,typical,https://www.google.com/travel/flights?tfs=GhwSCjIwMjYtMTItMTcoAGoFEgNUUEVyBRIDTlJUGhwSCjIwMjYtMTItMjMoAGoFEgNOUlRyBRIDVFBFQgEBSAGYAQE=
2026-09-18,2026-12-17,2026-12-23,outbound,STARLUX Airlines,"3:00 PM on Thu, Dec 17","7:00 PM on Thu, Dec 17",3 hr,0,NT$14252,round_trip,FALSE,FALSE,typical,https://www.google.com/travel/flights?tfs=GhwSCjIwMjYtMTItMTcoAGoFEgNUUEVyBRIDTlJUGhwSCjIwMjYtMTItMjMoAGoFEgNOUlRyBRIDVFBFQgEBSAGYAQE=
2026-09-18,2026-12-17,2026-12-23,outbound,EVA Air,"3:20 PM on Thu, Dec 17","7:20 PM on Thu, Dec 17",3 hr,0,NT$14421,round_trip,FALSE,FALSE,typical,https://www.google.com/travel/flights?tfs=GhwSCjIwMjYtMTItMTcoAGoFEgNUUEVyBRIDTlJUGhwSCjIwMjYtMTItMjMoAGoFEgNOUlRyBRIDVFBFQgEBSAGYAQE=
2026-09-18,2026-12-17,2026-12-23,outbound,STARLUX Airlines,"10:10 AM on Thu, Dec 17","2:20 PM on Thu, Dec 17",3 hr 10 min,0,NT$14564,round_trip,TRUE,FALSE,typical,https://www.google.com/travel/flights?tfs=GhwSCjIwMjYtMTItMTcoAGoFEgNUUEVyBRIDTlJUGhwSCjIwMjYtMTItMjMoAGoFEgNOUlRyBRIDVFBFQgEBSAGYAQE=
2026-09-18,2026-12-17,2026-12-23,outbound,China Airlines,"2:25 PM on Thu, Dec 17","6:30 PM on Thu, Dec 17",3 hr 5 min,0,NT$14876,round_trip,FALSE,FALSE,typical,https://www.google.com/travel/flights?tfs=GhwSCjIwMjYtMTItMTcoAGoFEgNUUEVyBRIDTlJUGhwSCjIwMjYtMTItMjMoAGoFEgNOUlRyBRIDVFBFQgEBSAGYAQE=
2026-09-18,2026-12-17,2026-12-23,outbound,China Airlines,"9:30 AM on Thu, Dec 17","1:30 PM on Thu, Dec 17",3 hr,0,NT$14971,round_trip,TRUE,FALSE,typical,https://www.google.com/travel/flights?tfs=GhwSCjIwMjYtMTItMTcoAGoFEgNUUEVyBRIDTlJUGhwSCjIwMjYtMTItMjMoAGoFEgNOUlRyBRIDVFBFQgEBSAGYAQE=
2026-09-18,2026-12-17,2026-12-23,outbound,STARLUX Airlines,"8:25 AM on Thu, Dec 17","12:35 PM on Thu, Dec 17",3 hr 10 min,0,NT$15188,round_trip,TRUE,FALSE,typical,https://www.google.com/travel/flights?tfs=GhwSCjIwMjYtMTItMTcoAGoFEgNUUEVyBRIDTlJUGhwSCjIwMjYtMTItMjMoAGoFEgNOUlRyBRIDVFBFQgEBSAGYAQE=
2026-09-18,2026-12-17,2026-12-23,outbound,EVA Air,"7:55 AM on Thu, Dec 17","12:00 PM on Thu, Dec 17",3 hr 5 min,0,NT$15366,round_trip,TRUE,FALSE,typical,https://www.google.com/travel/flights?tfs=GhwSCjIwMjYtMTItMTcoAGoFEgNUUEVyBRIDTlJUGhwSCjIwMjYtMTItMjMoAGoFEgNOUlRyBRIDVFBFQgEBSAGYAQE=
2026-09-18,2026-12-17,2026-12-23,outbound,EVA Air,"8:50 AM on Thu, Dec 17","12:55 PM on Thu, Dec 17",3 hr 5 min,0,NT$15366,round_trip,TRUE,FALSE,typical,https://www.google.com/travel/flights?tfs=GhwSCjIwMjYtMTItMTcoAGoFEgNUUEVyBRIDTlJUGhwSCjIwMjYtMTItMjMoAGoFEgNOUlRyBRIDVFBFQgEBSAGYAQE=
2026-09-18,2026-12-17,2026-12-23,outbound,China Airlines,"12:35 PM on Thu, Dec 17","4:35 PM on Thu, Dec 17",3 hr,0,NT$16187,round_trip,TRUE,FALSE,typical,https://www.google.com/travel/flights?tfs=GhwSCjIwMjYtMTItMTcoAGoFEgNUUEVyBRIDTlJUGhwSCjIwMjYtMTItMjMoAGoFEgNOUlRyBRIDVFBFQgEBSAGYAQE=
2026-09-18,2026-12-17,2026-12-23,return,EVA Air,"1:00 PM on Wed, Dec 23","4:05 PM on Wed, Dec 23",4 hr 5 min,0,NT$7362,one_way,FALSE,FALSE,typical,https://www.google.com/travel/flights?tfs=GhwSCjIwMjYtMTItMjMoAGoFEgNOUlRyBRIDVFBFQgEBSAGYAQI=
2026-09-18,2026-12-17,2026-12-23,return,China Airlines,"9:20 AM on Wed, Dec 23","12:30 PM on Wed, Dec 23",4 hr 10 min,0,NT$7693,one_way,FALSE,FALSE,typical,https://www.google.com/travel/flights?tfs=GhwSCjIwMjYtMTItMjMoAGoFEgNOUlRyBRIDVFBFQgEBSAGYAQI=
2026-09-18,2026-12-17,2026-12-23,return,Cathay Pacific,"3:30 PM on Wed, Dec 23","6:35 PM on Wed, Dec 23",4 hr 5 min,0,NT$8466,one_way,FALSE,FALSE,typical,https://www.google.com/travel/flights?tfs=GhwSCjIwMjYtMTItMjMoAGoFEgNOUlRyBRIDVFBFQgEBSAGYAQI=
2026-09-18,2026-12-17,2026-12-23,return,EVA Air,"8:20 PM on Wed, Dec 23","11:25 PM on Wed, Dec 23",4 hr 5 min,0,NT$9041,one_way,TRUE,FALSE,typical,https://www.google.com/travel/flights?tfs=GhwSCjIwMjYtMTItMjMoAGoFEgNOUlRyBRIDVFBFQgEBSAGYAQI=
2026-09-18,2026-12-17,2026-12-23,return,STARLUX Airlines,"1:45 PM on Wed, Dec 23","4:50 PM on Wed, Dec 23",4 hr 5 min,0,NT$9939,one_way,FALSE,FALSE,typical,https://www.google.com/travel/flights?tfs=GhwSCjIwMjYtMTItMjMoAGoFEgNOUlRyBRIDVFBFQgEBSAGYAQI=
2026-09-18,2026-12-17,2026-12-23,return,STARLUX Airlines,"3:40 PM on Wed, Dec 23","6:45 PM on Wed, Dec 23",4 hr 5 min,0,NT$9939,one_way,FALSE,FALSE,typical,https://www.google.com/travel/flights?tfs=GhwSCjIwMjYtMTItMjMoAGoFEgNOUlRyBRIDVFBFQgEBSAGYAQI=
2026-09-18,2026-12-17,2026-12-23,return,STARLUX Airlines,"8:10 PM on Wed, Dec 23","11:20 PM on Wed, Dec 23",4 hr 10 min,0,NT$9939,one_way,TRUE,FALSE,typical,https://www.google.com/travel/flights?tfs=GhwSCjIwMjYtMTItMjMoAGoFEgNOUlRyBRIDVFBFQgEBSAGYAQI=
2026-09-18,2026-12-17,2026-12-23,return,EVA Air,"2:00 PM on Wed, Dec 23","5:05 PM on Wed, Dec 23",4 hr 5 min,0,NT$10416,one_way,FALSE,FALSE,typical,https://www.google.com/travel/flights?tfs=GhwSCjIwMjYtMTItMjMoAGoFEgNOUlRyBRIDVFBFQgEBSAGYAQI=
2026-09-18,2026-12-17,2026-12-23,return,China Airlines,"2:35 PM on Wed, Dec 23","5:45 PM on Wed, Dec 23",4 hr 10 min,0,NT$11051,one_way,FALSE,FALSE,typical,https://www.google.com/travel/flights?tfs=GhwSCjIwMjYtMTItMjMoAGoFEgNOUlRyBRIDVFBFQgEBSAGYAQI=
2026-09-18,2026-12-17,2026-12-23,return,China Airlines,"5:45 PM on Wed, Dec 23","8:55 PM on Wed, Dec 23",4 hr 10 min,0,NT$13924,one_way,FALSE,FALSE,typical,https://www.google.com/travel/flights?tfs=GhwSCjIwMjYtMTItMjMoAGoFEgNOUlRyBRIDVFBFQgEBSAGYAQI=
2026-09-18,2026-12-17,2026-12-23,return,China Airlines,"7:30 PM on Wed, Dec 23","10:45 PM on Wed, Dec 23",4 hr 15 min,0,NT$13924,one_way,FALSE,FALSE,typical,https://www.google.com/travel/flights?tfs=GhwSCjIwMjYtMTItMjMoAGoFEgNOUlRyBRIDVFBFQgEBSAGYAQI=
2026-09-18,2026-12-16,2026-12-22,outbound,Cathay Pacific,"12:50 PM on Wed, Dec 16","4:50 PM on Wed, Dec 16",3 hr,0,NT$13498,round_trip,TRUE,TRUE,typical,https://www.google.com/travel/flights?tfs=GhwSCjIwMjYtMTItMTYoAGoFEgNUUEVyBRIDTlJUGhwSCjIwMjYtMTItMjIoAGoFEgNOUlRyBRIDVFBFQgEBSAGYAQE=
2026-09-18,2026-12-16,2026-12-22,outbound,China Airlines,"4:25 PM on Wed, Dec 16","8:30 PM on Wed, Dec 16",3 hr 5 min,0,NT$14526,round_trip,FALSE,FALSE,typical,https://www.google.com/travel/flights?tfs=GhwSCjIwMjYtMTItMTYoAGoFEgNUUEVyBRIDTlJUGhwSCjIwMjYtMTItMjIoAGoFEgNOUlRyBRIDVFBFQgEBSAGYAQE=
2026-09-18,2026-12-16,2026-12-22,outbound,China Airlines,"12:35 PM on Wed, Dec 16","4:35 PM on Wed, Dec 16",3 hr,0,NT$14946,round_trip,TRUE,FALSE,typical,https://www.google.com/travel/flights?tfs=GhwSCjIwMjYtMTItMTYoAGoFEgNUUEVyBRIDTlJUGhwSCjIwMjYtMTItMjIoAGoFEgNOUlRyBRIDVFBFQgEBSAGYAQE=
2026-09-18,2026-12-16,2026-12-22,outbound,China Airlines,"2:25 PM on Wed, Dec 16","6:30 PM on Wed, Dec 16",3 hr 5 min,0,NT$15684,round_trip,FALSE,FALSE,typical,https://www.google.com/travel/flights?tfs=GhwSCjIwMjYtMTItMTYoAGoFEgNUUEVyBRIDTlJUGhwSCjIwMjYtMTItMjIoAGoFEgNOUlRyBRIDVFBFQgEBSAGYAQE=
2026-09-18,2026-12-16,2026-12-22,outbound,China Airlines,"9:30 AM on Wed, Dec 16","1:30 PM on Wed, Dec 16",3 hr,0,NT$16042,round_trip,TRUE,FALSE,typical,https://www.google.com/travel/flights?tfs=GhwSCjIwMjYtMTItMTYoAGoFEgNUUEVyBRIDTlJUGhwSCjIwMjYtMTItMjIoAGoFEgNOUlRyBRIDVFBFQgEBSAGYAQE=
2026-09-18,2026-12-16,2026-12-22,outbound,EVA Air,"3:20 PM on Wed, Dec 16","7:20 PM on Wed, Dec 16",3 hr,0,NT$16091,round_trip,FALSE,FALSE,typical,https://www.google.com/travel/flights?tfs=GhwSCjIwMjYtMTItMTYoAGoFEgNUUEVyBRIDTlJUGhwSCjIwMjYtMTItMjIoAGoFEgNOUlRyBRIDVFBFQgEBSAGYAQE=
2026-09-18,2026-12-16,2026-12-22,outbound,STARLUX Airlines,"3:00 PM on Wed, Dec 16","7:00 PM on Wed, Dec 16",3 hr,0,NT$16699,round_trip,FALSE,FALSE,typical,https://www.google.com/travel/flights?tfs=GhwSCjIwMjYtMTItMTYoAGoFEgNUUEVyBRIDTlJUGhwSCjIwMjYtMTItMjIoAGoFEgNOUlRyBRIDVFBFQgEBSAGYAQE=
2026-09-18,2026-12-16,2026-12-22,outbound,JAL,"10:40 AM on Wed, Dec 16","2:40 PM on Wed, Dec 16",3 hr,0,NT$16776,round_trip,TRUE,FALSE,typical,https://www.google.com/travel/flights?tfs=GhwSCjIwMjYtMTItMTYoAGoFEgNUUEVyBRIDTlJUGhwSCjIwMjYtMTItMjIoAGoFEgNOUlRyBRIDVFBFQgEBSAGYAQE=
2026-09-18,2026-12-16,2026-12-22,outbound,STARLUX Airlines,"10:10 AM on Wed, Dec 16","2:20 PM on Wed, Dec 16",3 hr 10 min,0,NT$17371,round_trip,TRUE,FALSE,typical,https://www.google.com/travel/flights?tfs=GhwSCjIwMjYtMTItMTYoAGoFEgNUUEVyBRIDTlJUGhwSCjIwMjYtMTItMjIoAGoFEgNOUlRyBRIDVFBFQgEBSAGYAQE=
2026-09-18,2026-12-16,2026-12-22,outbound,EVA Air,"7:55 AM on Wed, Dec 16","12:00 PM on Wed, Dec 16",3 hr 5 min,0,NT$17546,round_trip,TRUE,FALSE,typical,https://www.google.com/travel/flights?tfs=GhwSCjIwMjYtMTItMTYoAGoFEgNUUEVyBRIDTlJUGhwSCjIwMjYtMTItMjIoAGoFEgNOUlRyBRIDVFBFQgEBSAGYAQE=
2026-09-18,2026-12-16,2026-12-22,outbound,EVA Air,"8:50 AM on Wed, Dec 16","12:55 PM on Wed, Dec 16",3 hr 5 min,0,NT$17546,round_trip,TRUE,FALSE,typical,https://www.google.com/travel/flights?tfs=GhwSCjIwMjYtMTItMTYoAGoFEgNUUEVyBRIDTlJUGhwSCjIwMjYtMTItMjIoAGoFEgNOUlRyBRIDVFBFQgEBSAGYAQE=
2026-09-18,2026-12-16,2026-12-22,return,EVA Air,"1:00 PM on Tue, Dec 22","4:05 PM on Tue, Dec 22",4 hr 5 min,0,NT$7362,one_way,FALSE,FALSE,typical,https://www.google.com/travel/flights?tfs=GhwSCjIwMjYtMTItMjIoAGoFEgNOUlRyBRIDVFBFQgEBSAGYAQI=
2026-09-18,2026-12-16,2026-12-22,return,EVA Air,"2:00 PM on Tue, Dec 22","5:05 PM on Tue, Dec 22",4 hr 5 min,0,NT$7362,one_way,FALSE,FALSE,typical,https://www.google.com/travel/flights?tfs=GhwSCjIwMjYtMTItMjIoAGoFEgNOUlRyBRIDVFBFQgEBSAGYAQI=
2026-09-18,2026-12-16,2026-12-22,return,China Airlines,"9:20 AM on Tue, Dec 22","12:30 PM on Tue, Dec 22",4 hr 10 min,0,NT$7693,one_way,FALSE,FALSE,typical,https://www.google.com/travel/flights?tfs=GhwSCjIwMjYtMTItMjIoAGoFEgNOUlRyBRIDVFBFQgEBSAGYAQI=
2026-09-18,2026-12-16,2026-12-22,return,Cathay Pacific,"3:30 PM on Tue, Dec 22","6:35 PM on Tue, Dec 22",4 hr 5 min,0,NT$8466,one_way,FALSE,FALSE,typical,https://www.google.com/travel/flights?tfs=GhwSCjIwMjYtMTItMjIoAGoFEgNOUlRyBRIDVFBFQgEBSAGYAQI=
2026-09-18,2026-12-16,2026-12-22,return,JAL,"6:05 PM on Tue, Dec 22","9:15 PM on Tue, Dec 22",4 hr 10 min,0,NT$8731,one_way,FALSE,FALSE,typical,https://www.google.com/travel/flights?tfs=GhwSCjIwMjYtMTItMjIoAGoFEgNOUlRyBRIDVFBFQgEBSAGYAQI=
2026-09-18,2026-12-16,2026-12-22,return,STARLUX Airlines,"1:45 PM on Tue, Dec 22","4:50 PM on Tue, Dec 22",4 hr 5 min,0,NT$8867,one_way,FALSE,FALSE,typical,https://www.google.com/travel/flights?tfs=GhwSCjIwMjYtMTItMjIoAGoFEgNOUlRyBRIDVFBFQgEBSAGYAQI=
2026-09-18,2026-12-16,2026-12-22,return,EVA Air,"8:20 PM on Tue, Dec 22","11:25 PM on Tue, Dec 22",4 hr 5 min,0,NT$9041,one_way,TRUE,FALSE,typical,https://www.google.com/travel/flights?tfs=GhwSCjIwMjYtMTItMjIoAGoFEgNOUlRyBRIDVFBFQgEBSAGYAQI=
2026-09-18,2026-12-16,2026-12-22,return,STARLUX Airlines,"3:40 PM on Tue, Dec 22","6:45 PM on Tue, Dec 22",4 hr 5 min,0,NT$9939,one_way,FALSE,FALSE,typical,https://www.google.com/travel/flights?tfs=GhwSCjIwMjYtMTItMjIoAGoFEgNOUlRyBRIDVFBFQgEBSAGYAQI=
2026-09-18,2026-12-16,2026-12-22,return,STARLUX Airlines,"8:10 PM on Tue, Dec 22","11:20 PM on Tue, Dec 22",4 hr 10 min,0,NT$9939,one_way,TRUE,FALSE,typical,https://www.google.com/travel/flights?tfs=GhwSCjIwMjYtMTItMjIoAGoFEgNOUlRyBRIDVFBFQgEBSAGYAQI=
2026-09-18,2026-12-16,2026-12-22,return,China Airlines,"2:35 PM on Tue, Dec 22","5:45 PM on Tue, Dec 22",4 hr 10 min,0,NT$11051,one_way,FALSE,FALSE,typical,https://www.google.com/travel/flights?tfs=GhwSCjIwMjYtMTItMjIoAGoFEgNOUlRyBRIDVFBFQgEBSAGYAQI=
2026-09-18,2026-12-16,2026-12-22,return,China Airlines,"5:45 PM on Tue, Dec 22","8:55 PM on Tue, Dec 22",4 hr 10 min,0,NT$13924,one_way,FALSE,FALSE,typical,https://www.google.com/travel/flights?tfs=GhwSCjIwMjYtMTItMjIoAGoFEgNOUlRyBRIDVFBFQgEBSAGYAQI=
2026-09-19,2026-12-17,2026-12-23,outbound,China Airlines,"4:25 PM on Thu, Dec 17","8:30 PM on Thu, Dec 17",3 hr 5 min,0,NT$13383,round_trip,FALSE,FALSE,typical,https://www.google.com/travel/flights?tfs=GhwSCjIwMjYtMTItMTcoAGoFEgNUUEVyBRIDTlJUGhwSCjIwMjYtMTItMjMoAGoFEgNOUlRyBRIDVFBFQgEBSAGYAQE=
2026-09-19,2026-12-17,2026-12-23,outbound,Cathay Pacific,"12:50 PM on Thu, Dec 17","4:50 PM on Thu, Dec 17",3 hr,0,NT$13506,round_trip,TRUE,FALSE,typical,https://www.google.com/travel/flights?tfs=GhwSCjIwMjYtMTItMTcoAGoFEgNUUEVyBRIDTlJUGhwSCjIwMjYtMTItMjMoAGoFEgNOUlRyBRIDVFBFQgEBSAGYAQE=
2026-09-19,2026-12-17,2026-12-23,outbound,STARLUX Airlines,"3:00 PM on Thu, Dec 17","7:00 PM on Thu, Dec 17",3 hr,0,NT$14264,round_trip,FALSE,FALSE,typical,https://www.google.com/travel/flights?tfs=GhwSCjIwMjYtMTItMTcoAGoFEgNUUEVyBRIDTlJUGhwSCjIwMjYtMTItMjMoAGoFEgNOUlRyBRIDVFBFQgEBSAGYAQE=
2026-09-19,2026-12-17,2026-12-23,outbound,EVA Air,"3:20 PM on Thu, Dec 17","7:20 PM on Thu, Dec 17",3 hr,0,NT$14434,round_trip,FALSE,FALSE,typical,https://www.google.com/travel/flights?tfs=GhwSCjIwMjYtMTItMTcoAGoFEgNUUEVyBRIDTlJUGhwSCjIwMjYtMTItMjMoAGoFEgNOUlRyBRIDVFBFQgEBSAGYAQE=
2026-09-19,2026-12-17,2026-12-23,outbound,STARLUX Airlines,"10:10 AM on Thu, Dec 17","2:20 PM on Thu, Dec 17",3 hr 10 min,0,NT$14576,round_trip,TRUE,FALSE,typical,https://www.google.com/travel/flights?tfs=GhwSCjIwMjYtMTItMTcoAGoFEgNUUEVyBRIDTlJUGhwSCjIwMjYtMTItMjMoAGoFEgNOUlRyBRIDVFBFQgEBSAGYAQE=
2026-09-19,2026-12-17,2026-12-23,outbound,China Airlines,"2:25 PM on Thu, Dec 17","6:30 PM on Thu, Dec 17",3 hr 5 min,0,NT$14888,round_trip,FALSE,FALSE,typical,https://www.google.com/travel/flights?tfs=GhwSCjIwMjYtMTItMTcoAGoFEgNUUEVyBRIDTlJUGhwSCjIwMjYtMTItMjMoAGoFEgNOUlRyBRIDVFBFQgEBSAGYAQE=
2026-09-19,2026-12-17,2026-12-23,outbound,China Airlines,"9:30 AM on Thu, Dec 17","1:30 PM on Thu, Dec 17",3 hr,0,NT$14983,round_trip,TRUE,FALSE,typical,https://www.google.com/travel/flights?tfs=GhwSCjIwMjYtMTItMTcoAGoFEgNUUEVyBRIDTlJUGhwSCjIwMjYtMTItMjMoAGoFEgNOUlRyBRIDVFBFQgEBSAGYAQE=
2026-09-19,2026-12-17,2026-12-23,outbound,STARLUX Airlines,"8:25 AM on Thu, Dec 17","12:35 PM on Thu, Dec 17",3 hr 10 min,0,NT$15200,round_trip,TRUE,FALSE,typical,https://www.google.com/travel/flights?tfs=GhwSCjIwMjYtMTItMTcoAGoFEgNUUEVyBRIDTlJUGhwSCjIwMjYtMTItMjMoAGoFEgNOUlRyBRIDVFBFQgEBSAGYAQE=
2026-09-19,2026-12-17,2026-12-23,outbound,EVA Air,"7:55 AM on Thu, Dec 17","12:00 PM on Thu, Dec 17",3 hr 5 min,0,NT$15379,round_trip,TRUE,FALSE,typical,https://www.google.com/travel/flights?tfs=GhwSCjIwMjYtMTItMTcoAGoFEgNUUEVyBRIDTlJUGhwSCjIwMjYtMTItMjMoAGoFEgNOUlRyBRIDVFBFQgEBSAGYAQE=
2026-09-19,2026-12-17,2026-12-23,outbound,EVA Air,"8:50 AM on Thu, Dec 17","12:55 PM on Thu, Dec 17",3 hr 5 min,0,NT$15379,round_trip,TRUE,FALSE,typical,https://www.google.com/travel/flights?tfs=GhwSCjIwMjYtMTItMTcoAGoFEgNUUEVyBRIDTlJUGhwSCjIwMjYtMTItMjMoAGoFEgNOUlRyBRIDVFBFQgEBSAGYAQE=
2026-09-19,2026-12-17,2026-12-23,outbound,China Airlines,"12:35 PM on Thu, Dec 17","4:35 PM on Thu, Dec 17",3 hr,0,NT$16199,round_trip,TRUE,FALSE,typical,https://www.google.com/travel/flights?tfs=GhwSCjIwMjYtMTItMTcoAGoFEgNUUEVyBRIDTlJUGhwSCjIwMjYtMTItMjMoAGoFEgNOUlRyBRIDVFBFQgEBSAGYAQE=
2026-09-19,2026-12-17,2026-12-23,return,EVA Air,"1:00 PM on Wed, Dec 23","4:05 PM on Wed, Dec 23",4 hr 5 min,0,NT$7376,one_way,FALSE,FALSE,typical,https://www.google.com/travel/flights?tfs=GhwSCjIwMjYtMTItMjMoAGoFEgNOUlRyBRIDVFBFQgEBSAGYAQI=
2026-09-19,2026-12-17,2026-12-23,return,China Airlines,"9:20 AM on Wed, Dec 23","12:30 PM on Wed, Dec 23",4 hr 10 min,0,NT$7707,one_way,FALSE,FALSE,typical,https://www.google.com/travel/flights?tfs=GhwSCjIwMjYtMTItMjMoAGoFEgNOUlRyBRIDVFBFQgEBSAGYAQI=
2026-09-19,2026-12-17,2026-12-23,return,Cathay Pacific,"3:30 PM on Wed, Dec 23","6:35 PM on Wed, Dec 23",4 hr 5 min,0,NT$8479,one_way,FALSE,FALSE,typical,https://www.google.com/travel/flights?tfs=GhwSCjIwMjYtMTItMjMoAGoFEgNOUlRyBRIDVFBFQgEBSAGYAQI=
2026-09-19,2026-12-17,2026-12-23,return,EVA Air,"8:20 PM on Wed, Dec 23","11:25 PM on Wed, Dec 23",4 hr 5 min,0,NT$9058,one_way,TRUE,FALSE,typical,https://www.google.com/travel/flights?tfs=GhwSCjIwMjYtMTItMjMoAGoFEgNOUlRyBRIDVFBFQgEBSAGYAQI=
2026-09-19,2026-12-17,2026-12-23,return,STARLUX Airlines,"1:45 PM on Wed, Dec 23","4:50 PM on Wed, Dec 23",4 hr 5 min,0,NT$9955,one_way,FALSE,FALSE,typical,https://www.google.com/travel/flights?tfs=GhwSCjIwMjYtMTItMjMoAGoFEgNOUlRyBRIDVFBFQgEBSAGYAQI=
2026-09-19,2026-12-17,2026-12-23,return,STARLUX Airlines,"3:40 PM on Wed, Dec 23","6:45 PM on Wed, Dec 23",4 hr 5 min,0,NT$9955,one_way,FALSE,FALSE,typical,https://www.google.com/travel/flights?tfs=GhwSCjIwMjYtMTItMjMoAGoFEgNOUlRyBRIDVFBFQgEBSAGYAQI=
2026-09-19,2026-12-17,2026-12-23,return,STARLUX Airlines,"8:10 PM on Wed, Dec 23","11:20 PM on Wed, Dec 23",4 hr 10 min,0,NT$9955,one_way,TRUE,FALSE,typical,https://www.google.com/travel/flights?tfs=GhwSCjIwMjYtMTItMjMoAGoFEgNOUlRyBRIDVFBFQgEBSAGYAQI=
2026-09-19,2026-12-17,2026-12-23,return,EVA Air,"2:00 PM on Wed, Dec 23","5:05 PM on Wed, Dec 23",4 hr 5 min,0,NT$10435,one_way,FALSE,FALSE,typical,https://www.google.com/travel/flights?tfs=GhwSCjIwMjYtMTItMjMoAGoFEgNOUlRyBRIDVFBFQgEBSAGYAQI=
2026-09-19,2026-12-17,2026-12-23,return,China Airlines,"2:35 PM on Wed, Dec 23","5:45 PM on Wed, Dec 23",4 hr 10 min,0,NT$11070,one_way,FALSE,FALSE,typical,https://www.google.com/travel/flights?tfs=GhwSCjIwMjYtMTItMjMoAGoFEgNOUlRyBRIDVFBFQgEBSAGYAQI=
2026-09-19,2026-12-17,2026-12-23,return,China Airlines,"5:45 PM on Wed, Dec 23","8:55 PM on Wed, Dec 23",4 hr 10 min,0,NT$13946,one_way,FALSE,FALSE,typical,https://www.google.com/travel/flights?tfs=GhwSCjIwMjYtMTItMjMoAGoFEgNOUlRyBRIDVFBFQgEBSAGYAQI=
2026-09-19,2026-12-17,2026-12-23,return,China Airlines,"7:30 PM on Wed, Dec 23","10:45 PM on Wed, Dec 23",4 hr 15 min,0,NT$13946,one_way,FALSE,FALSE,typical,https://www.google.com/travel/flights?tfs=GhwSCjIwMjYtMTItMjMoAGoFEgNOUlRyBRIDVFBFQgEBSAGYAQI=
2026-09-19,2026-12-16,2026-12-22,outbound,Cathay Pacific,"12:50 PM on Wed, Dec 16","4:50 PM on Wed, Dec 16",3 hr,0,NT$13506,round_trip,TRUE,TRUE,typical,https://www.google.com/travel/flights?tfs=GhwSCjIwMjYtMTItMTYoAGoFEgNUUEVyBRIDTlJUGhwSCjIwMjYtMTItMjIoAGoFEgNOUlRyBRIDVFBFQgEBSAGYAQE=
2026-09-19,2026-12-16,2026-12-22,outbound,China Airlines,"4:25 PM on Wed, Dec 16","8:30 PM on Wed, Dec 16",3 hr 5 min,0,NT$14536,round_trip,FALSE,FALSE,typical,https://www.google.com/travel/flights?tfs=GhwSCjIwMjYtMTItMTYoAGoFEgNUUEVyBRIDTlJUGhwSCjIwMjYtMTItMjIoAGoFEgNOUlRyBRIDVFBFQgEBSAGYAQE=
2026-09-19,2026-12-16,2026-12-22,outbound,China Airlines,"12:35 PM on Wed, Dec 16","4:35 PM on Wed, Dec 16",3 hr,0,NT$14956,round_trip,TRUE,FALSE,typical,https://www.google.com/travel/flights?tfs=GhwSCjIwMjYtMTItMTYoAGoFEgNUUEVyBRIDTlJUGhwSCjIwMjYtMTItMjIoAGoFEgNOUlRyBRIDVFBFQgEBSAGYAQE=
2026-09-19,2026-12-16,2026-12-22,outbound,China Airlines,"9:30 AM on Wed, Dec 16","1:30 PM on Wed, Dec 16",3 hr,0,NT$16052,round_trip,TRUE,FALSE,typical,https://www.google.com/travel/flights?tfs=GhwSCjIwMjYtMTItMTYoAGoFEgNUUEVyBRIDTlJUGhwSCjIwMjYtMTItMjIoAGoFEgNOUlRyBRIDVFBFQgEBSAGYAQE=
2026-09-19,2026-12-16,2026-12-22,outbound,EVA Air,"3:20 PM on Wed, Dec 16","7:20 PM on Wed, Dec 16",3 hr,0,NT$16100,round_trip,FALSE,FALSE,typical,https://www.google.com/travel/flights?tfs=GhwSCjIwMjYtMTItMTYoAGoFEgNUUEVyBRIDTlJUGhwSCjIwMjYtMTItMjIoAGoFEgNOUlRyBRIDVFBFQgEBSAGYAQE=
2026-09-19,2026-12-16,2026-12-22,outbound,China Airlines,"2:25 PM on Wed, Dec 16","6:30 PM on Wed, Dec 16",3 hr 5 min,0,NT$16174,round_trip,FALSE,FALSE,typical,https://www.google.com/travel/flights?tfs=GhwSCjIwMjYtMTItMTYoAGoFEgNUUEVyBRIDTlJUGhwSCjIwMjYtMTItMjIoAGoFEgNOUlRyBRIDVFBFQgEBSAGYAQE=
2026-09-19,2026-12-16,2026-12-22,outbound,STARLUX Airlines,"3:00 PM on Wed, Dec 16","7:00 PM on Wed, Dec 16",3 hr,0,NT$16707,round_trip,FALSE,FALSE,typical,https://www.google.com/travel/flights?tfs=GhwSCjIwMjYtMTItMTYoAGoFEgNUUEVyBRIDTlJUGhwSCjIwMjYtMTItMjIoAGoFEgNOUlRyBRIDVFBFQgEBSAGYAQE=
2026-09-19,2026-12-16,2026-12-22,outbound,JAL,"10:40 AM on Wed, Dec 16","2:40 PM on Wed, Dec 16",3 hr,0,NT$16790,round_trip,TRUE,FALSE,typical,https://www.google.com/travel/flights?tfs=GhwSCjIwMjYtMTItMTYoAGoFEgNUUEVyBRIDTlJUGhwSCjIwMjYtMTItMjIoAGoFEgNOUlRyBRIDVFBFQgEBSAGYAQE=
2026-09-19,2026-12-16,2026-12-22,outbound,STARLUX Airlines,"10:10 AM on Wed, Dec 16","2:20 PM on Wed, Dec 16",3 hr 10 min,0,NT$17379,round_trip,TRUE,FALSE,typical,https://www.google.com/travel/flights?tfs=GhwSCjIwMjYtMTItMTYoAGoFEgNUUEVyBRIDTlJUGhwSCjIwMjYtMTItMjIoAGoFEgNOUlRyBRIDVFBFQgEBSAGYAQE=
2026-09-19,2026-12-16,2026-12-22,outbound,EVA Air,"7:55 AM on Wed, Dec 16","12:00 PM on Wed, Dec 16",3 hr 5 min,0,NT$17555,round_trip,TRUE,FALSE,typical,https://www.google.com/travel/flights?tfs=GhwSCjIwMjYtMTItMTYoAGoFEgNUUEVyBRIDTlJUGhwSCjIwMjYtMTItMjIoAGoFEgNOUlRyBRIDVFBFQgEBSAGYAQE=
2026-09-19,2026-12-16,2026-12-22,outbound,EVA Air,"8:50 AM on Wed, Dec 16","12:55 PM on Wed, Dec 16",3 hr 5 min,0,NT$17555,round_trip,TRUE,FALSE,typical,https://www.google.com/travel/flights?tfs=GhwSCjIwMjYtMTItMTYoAGoFEgNUUEVyBRIDTlJUGhwSCjIwMjYtMTItMjIoAGoFEgNOUlRyBRIDVFBFQgEBSAGYAQE=
2026-09-19,2026-12-16,2026-12-22,return,EVA Air,"1:00 PM on Tue, Dec 22","4:05 PM on Tue, Dec 22",4 hr 5 min,0,NT$7376,one_way,FALSE,FALSE,typical,https://www.google.com/travel/flights?tfs=GhwSCjIwMjYtMTItMjIoAGoFEgNOUlRyBRIDVFBFQgEBSAGYAQI=
2026-09-19,2026-12-16,2026-12-22,return,China Airlines,"9:20 AM on Tue, Dec 22","12:30 PM on Tue, Dec 22",4 hr 10 min,0,NT$7707,one_way,FALSE,FALSE,typical,https://www.google.com/travel/flights?tfs=GhwSCjIwMjYtMTItMjIoAGoFEgNOUlRyBRIDVFBFQgEBSAGYAQI=
2026-09-19,2026-12-16,2026-12-22,return,Cathay Pacific,"3:30 PM on Tue, Dec 22","6:35 PM on Tue, Dec 22",4 hr 5 min,0,NT$8479,one_way,FALSE,FALSE,typical,https://www.google.com/travel/flights?tfs=GhwSCjIwMjYtMTItMjIoAGoFEgNOUlRyBRIDVFBFQgEBSAGYAQI=
2026-09-19,2026-12-16,2026-12-22,return,JAL,"6:05 PM on Tue, Dec 22","9:15 PM on Tue, Dec 22",4 hr 10 min,0,NT$8744,one_way,FALSE,FALSE,typical,https://www.google.com/travel/flights?tfs=GhwSCjIwMjYtMTItMjIoAGoFEgNOUlRyBRIDVFBFQgEBSAGYAQI=
2026-09-19,2026-12-16,2026-12-22,return,STARLUX Airlines,"1:45 PM on Tue, Dec 22","4:50 PM on Tue, Dec 22",4 hr 5 min,0,NT$8882,one_way,FALSE,FALSE,typical,https://www.google.com/travel/flights?tfs=GhwSCjIwMjYtMTItMjIoAGoFEgNOUlRyBRIDVFBFQgEBSAGYAQI=
2026-09-19,2026-12-16,2026-12-22,return,EVA Air,"2:00 PM on Tue, Dec 22","5:05 PM on Tue, Dec 22",4 hr 5 min,0,NT$9058,one_way,FALSE,FALSE,typical,https://www.google.com/travel/flights?tfs=GhwSCjIwMjYtMTItMjIoAGoFEgNOUlRyBRIDVFBFQgEBSAGYAQI=
2026-09-19,2026-12-16,2026-12-22,return,EVA Air,"8:20 PM on Tue, Dec 22","11:25 PM on Tue, Dec 22",4 hr 5 min,0,NT$9058,one_way,TRUE,FALSE,typical,https://www.google.com/travel/flights?tfs=GhwSCjIwMjYtMTItMjIoAGoFEgNOUlRyBRIDVFBFQgEBSAGYAQI=
2026-09-19,2026-12-16,2026-12-22,return,STARLUX Airlines,"8:10 PM on Tue, Dec 22","11:20 PM on Tue, Dec 22",4 hr 10 min,0,NT$9955,one_way,TRUE,FALSE,typical,https://www.google.com/travel/flights?tfs=GhwSCjIwMjYtMTItMjIoAGoFEgNOUlRyBRIDVFBFQgEBSAGYAQI=
2026-09-19,2026-12-16,2026-12-22,return,STARLUX Airlines,"3:40 PM on Tue, Dec 22","6:45 PM on Tue, Dec 22",4 hr 5 min,0,NT$10907,one_way,FALSE,FALSE,typical,https://www.google.com/travel/flights?tfs=GhwSCjIwMjYtMTItMjIoAGoFEgNOUlRyBRIDVFBFQgEBSAGYAQI=
2026-09-19,2026-12-16,2026-12-22,return,China Airlines,"2:35 PM on Tue, Dec 22","5:45 PM on Tue, Dec 22",4 hr 10 min,0,NT$11070,one_way,FALSE,FALSE,typical,https://www.google.com/travel/flights?tfs=GhwSCjIwMjYtMTItMjIoAGoFEgNOUlRyBRIDVFBFQgEBSAGYAQI=
2026-09-19,2026-12-16,2026-12-22,return,China Airlines,"5:45 PM on Tue, Dec 22","8:55 PM on Tue, Dec 22",4 hr 10 min,0,NT$13946,one_way,FALSE,FALSE,typical,https://www.google.com/travel/flights?tfs=GhwSCjIwMjYtMTItMjIoAGoFEgNOUlRyBRIDVFBFQgEBSAGYAQI=
2026-09-20,2026-12-17,2026-12-23,outbound,China Airlines,"4:25 PM on Thu, Dec 17","8:30 PM on Thu, Dec 17",3 hr 5 min,0,NT$13656,round_trip,FALSE,FALSE,typical,https://www.google.com/travel/flights?tfs=GhwSCjIwMjYtMTItMTcoAGoFEgNUUEVyBRIDTlJUGhwSCjIwMjYtMTItMjMoAGoFEgNOUlRyBRIDVFBFQgEBSAGYAQE=
2026-09-20,2026-12-17,2026-12-23,outbound,Cathay Pacific,"12:50 PM on Thu, Dec 17","4:50 PM on Thu, Dec 17",3 hr,0,NT$13731,round_trip,TRUE,FALSE,typical,https://www.google.com/travel/flights?tfs=GhwSCjIwMjYtMTItMTcoAGoFEgNUUEVyBRIDTlJUGhwSCjIwMjYtMTItMjMoAGoFEgNOUlRyBRIDVFBFQgEBSAGYAQE=
2026-09-20,2026-12-17,2026-12-23,outbound,STARLUX Airlines,"3:00 PM on Thu, Dec 17","7:00 PM on Thu, Dec 17",3 hr,0,NT$14537,round_trip,FALSE,FALSE,typical,https://www.google.com/travel/flights?tfs=GhwSCjIwMjYtMTItMTcoAGoFEgNUUEVyBRIDTlJUGhwSCjIwMjYtMTItMjMoAGoFEgNOUlRyBRIDVFBFQgEBSAGYAQE=
2026-09-20,2026-12-17,2026-12-23,outbound,EVA Air,"3:20 PM on Thu, Dec 17","7:20 PM on Thu, Dec 17",3 hr,0,NT$14707,round_trip,FALSE,FALSE,typical,https://www.google.com/travel/flights?tfs=GhwSCjIwMjYtMTItMTcoAGoFEgNUUEVyBRIDTlJUGhwSCjIwMjYtMTItMjMoAGoFEgNOUlRyBRIDVFBFQgEBSAGYAQE=
2026-09-20,2026-12-17,2026-12-23,outbound,STARLUX Airlines,"10:10 AM on Thu, Dec 17","2:20 PM on Thu, Dec 17",3 hr 10 min,0,NT$14849,round_trip,TRUE,FALSE,typical,https://www.google.com/travel/flights?tfs=GhwSCjIwMjYtMTItMTcoAGoFEgNUUEVyBRIDTlJUGhwSCjIwMjYtMTItMjMoAGoFEgNOUlRyBRIDVFBFQgEBSAGYAQE=
2026-09-20,2026-12-17,2026-12-23,outbound,China Airlines,"2:25 PM on Thu, Dec 17","6:30 PM on Thu, Dec 17",3 hr 5 min,0,NT$15161,round_trip,FALSE,FALSE,typical,https://www.google.com/travel/flights?tfs=GhwSCjIwMjYtMTItMTcoAGoFEgNUUEVyBRIDTlJUGhwSCjIwMjYtMTItMjMoAGoFEgNOUlRyBRIDVFBFQgEBSAGYAQE=
2026-09-20,2026-12-17,2026-12-23,outbound,China Airlines,"9:30 AM on Thu, Dec 17","1:30 PM on Thu, Dec 17",3 hr,0,NT$15256,round_trip,TRUE,FALSE,typical,https://www.google.com/travel/flights?tfs=GhwSCjIwMjYtMTItMTcoAGoFEgNUUEVyBRIDTlJUGhwSCjIwMjYtMTItMjMoAGoFEgNOUlRyBRIDVFBFQgEBSAGYAQE=
2026-09-20,2026-12-17,2026-12-23,outbound,STARLUX Airlines,"8:25 AM on Thu, Dec 17","12:35 PM on Thu, Dec 17",3 hr 10 min,0,NT$15473,round_trip,TRUE,FALSE,typical,https://www.google.com/travel/flights?tfs=GhwSCjIwMjYtMTItMTcoAGoFEgNUUEVyBRIDTlJUGhwSCjIwMjYtMTItMjMoAGoFEgNOUlRyBRIDVFBFQgEBSAGYAQE=
2026-09-20,2026-12-17,2026-12-23,outbound,EVA Air,"7:55 AM on Thu, Dec 17","12:00 PM on Thu, Dec 17",3 hr 5 min,0,NT$15652,round_trip,TRUE,FALSE,typical,https://www.google.com/travel/flights?tfs=GhwSCjIwMjYtMTItMTcoAGoFEgNUUEVyBRIDTlJUGhwSCjIwMjYtMTItMjMoAGoFEgNOUlRyBRIDVFBFQgEBSAGYAQE=
2026-09-20,2026-12-17,2026-12-23,outbound,EVA Air,"8:50 AM on Thu, Dec 17","12:55 PM on Thu, Dec 17",3 hr 5 min,0,NT$15652,round_trip,TRUE,FALSE,typical,https://www.google.com/travel/flights?tfs=GhwSCjIwMjYtMTItMTcoAGoFEgNUUEVyBRIDTlJUGhwSCjIwMjYtMTItMjMoAGoFEgNOUlRyBRIDVFBFQgEBSAGYAQE=
2026-09-20,2026-12-17,2026-12-23,outbound,China Airlines,"12:35 PM on Thu, Dec 17","4:35 PM on Thu, Dec 17",3 hr,0,NT$16472,round_trip,TRUE,FALSE,typical,https://www.google.com/travel/flights?tfs=GhwSCjIwMjYtMTItMTcoAGoFEgNUUEVyBRIDTlJUGhwSCjIwMjYtMTItMjMoAGoFEgNOUlRyBRIDVFBFQgEBSAGYAQE=
2026-09-20,2026-12-17,2026-12-23,return,EVA Air,"1:00 PM on Wed, Dec 23","4:05 PM on Wed, Dec 23",4 hr 5 min,0,NT$7376,one_way,FALSE,TRUE,typical,https://www.google.com/travel/flights?tfs=GhwSCjIwMjYtMTItMjMoAGoFEgNOUlRyBRIDVFBFQgEBSAGYAQI=
2026-09-20,2026-12-17,2026-12-23,return,China Airlines,"9:20 AM on Wed, Dec 23","12:30 PM on Wed, Dec 23",4 hr 10 min,0,NT$7707,one_way,FALSE,FALSE,typical,https://www.google.com/travel/flights?tfs=GhwSCjIwMjYtMTItMjMoAGoFEgNOUlRyBRIDVFBFQgEBSAGYAQI=
2026-09-20,2026-12-17,2026-12-23,return,Cathay Pacific,"3:30 PM on Wed, Dec 23","6:35 PM on Wed, Dec 23",4 hr 5 min,0,NT$8479,one_way,FALSE,FALSE,typical,https://www.google.com/travel/flights?tfs=GhwSCjIwMjYtMTItMjMoAGoFEgNOUlRyBRIDVFBFQgEBSAGYAQI=
2026-09-20,2026-12-17,2026-12-23,return,EVA Air,"8:20 PM on Wed, Dec 23","11:25 PM on Wed, Dec 23",4 hr 5 min,0,NT$9058,one_way,TRUE,FALSE,typical,https://www.google.com/travel/flights?tfs=GhwSCjIwMjYtMTItMjMoAGoFEgNOUlRyBRIDVFBFQgEBSAGYAQI=
2026-09-20,2026-12-17,2026-12-23,return,STARLUX Airlines,"1:45 PM on Wed, Dec 23","4:50 PM on Wed, Dec 23",4 hr 5 min,0,NT$9955,one_way,FALSE,FALSE,typical,https://www.google.com/travel/flights?tfs=GhwSCjIwMjYtMTItMjMoAGoFEgNOUlRyBRIDVFBFQgEBSAGYAQI=
2026-09-20,2026-12-17,2026-12-23,return,STARLUX Airlines,"3:40 PM on Wed, Dec 23","6:45 PM on Wed, Dec 23",4 hr 5 min,0,NT$9955,one_way,FALSE,FALSE,typical,https://www.google.com/travel/flights?tfs=GhwSCjIwMjYtMTItMjMoAGoFEgNOUlRyBRIDVFBFQgEBSAGYAQI=
2026-09-20,2026-12-17,2026-12-23,return,STARLUX Airlines,"8:10 PM on Wed, Dec 23","11:20 PM on Wed, Dec 23",4 hr 10 min,0,NT$9955,one_way,TRUE,FALSE,typical,https://www.google.com/travel/flights?tfs=GhwSCjIwMjYtMTItMjMoAGoFEgNOUlRyBRIDVFBFQgEBSAGYAQI=
2026-09-20,2026-12-17,2026-12-23,return,EVA Air,"2:00 PM on Wed, Dec 23","5:05 PM on Wed, Dec 23",4 hr 5 min,0,NT$10435,one_way,FALSE,FALSE,typical,https://www.google.com/travel/flights?tfs=GhwSCjIwMjYtMTItMjMoAGoFEgNOUlRyBRIDVFBFQgEBSAGYAQI=
2026-09-20,2026-12-17,2026-12-23,return,China Airlines,"2:35 PM on Wed, Dec 23","5:45 PM on Wed, Dec 23",4 hr 10 min,0,NT$11070,one_way,FALSE,FALSE,typical,https://www.google.com/travel/flights?tfs=GhwSCjIwMjYtMTItMjMoAGoFEgNOUlRyBRIDVFBFQgEBSAGYAQI=
2026-09-20,2026-12-17,2026-12-23,return,China Airlines,"5:45 PM on Wed, Dec 23","8:55 PM on Wed, Dec 23",4 hr 10 min,0,NT$13946,one_way,FALSE,FALSE,typical,https://www.google.com/travel/flights?tfs=GhwSCjIwMjYtMTItMjMoAGoFEgNOUlRyBRIDVFBFQgEBSAGYAQI=
2026-09-20,2026-12-17,2026-12-23,return,China Airlines,"7:30 PM on Wed, Dec 23","10:45 PM on Wed, Dec 23",4 hr 15 min,0,NT$13946,one_way,FALSE,FALSE,typical,https://www.google.com/travel/flights?tfs=GhwSCjIwMjYtMTItMjMoAGoFEgNOUlRyBRIDVFBFQgEBSAGYAQI=
2026-09-20,2026-12-16,2026-12-22,outbound,Cathay Pacific,"12:50 PM on Wed, Dec 16","4:50 PM on Wed, Dec 16",3 hr,0,NT$13506,round_trip,TRUE,TRUE,typical,https://www.google.com/travel/flights?tfs=GhwSCjIwMjYtMTItMTYoAGoFEgNUUEVyBRIDTlJUGhwSCjIwMjYtMTItMjIoAGoFEgNOUlRyBRIDVFBFQgEBSAGYAQE=
2026-09-20,2026-12-16,2026-12-22,outbound,China Airlines,"4:25 PM on Wed, Dec 16","8:30 PM on Wed, Dec 16",3 hr 5 min,0,NT$14536,round_trip,FALSE,FALSE,typical,https://www.google.com/travel/flights?tfs=GhwSCjIwMjYtMTItMTYoAGoFEgNUUEVyBRIDTlJUGhwSCjIwMjYtMTItMjIoAGoFEgNOUlRyBRIDVFBFQgEBSAGYAQE=
2026-09-20,2026-12-16,2026-12-22,outbound,China Airlines,"12:35 PM on Wed, Dec 16","4:35 PM on Wed, Dec 16",3 hr,0,NT$14956,round_trip,TRUE,FALSE,typical,https://www.google.com/travel/flights?tfs=GhwSCjIwMjYtMTItMTYoAGoFEgNUUEVyBRIDTlJUGhwSCjIwMjYtMTItMjIoAGoFEgNOUlRyBRIDVFBFQgEBSAGYAQE=
2026-09-20,2026-12-16,2026-12-22,outbound,China Airlines,"9:30 AM on Wed, Dec 16","1:30 PM on Wed, Dec 16",3 hr,0,NT$16052,round_trip,TRUE,FALSE,typical,https://www.google.com/travel/flights?tfs=GhwSCjIwMjYtMTItMTYoAGoFEgNUUEVyBRIDTlJUGhwSCjIwMjYtMTItMjIoAGoFEgNOUlRyBRIDVFBFQgEBSAGYAQE=
2026-09-20,2026-12-16,2026-12-22,outbound,EVA Air,"3:20 PM on Wed, Dec 16","7:20 PM on Wed, Dec 16",3 hr,0,NT$16100,round_trip,FALSE,FALSE,typical,https://www.google.com/travel/flights?tfs=GhwSCjIwMjYtMTItMTYoAGoFEgNUUEVyBRIDTlJUGhwSCjIwMjYtMTItMjIoAGoFEgNOUlRyBRIDVFBFQgEBSAGYAQE=
2026-09-20,2026-12-16,2026-12-22,outbound,China Airlines,"2:25 PM on Wed, Dec 16","6:30 PM on Wed, Dec 16",3 hr 5 min,0,NT$16174,round_trip,FALSE,FALSE,typical,https://www.google.com/travel/flights?tfs=GhwSCjIwMjYtMTItMTYoAGoFEgNUUEVyBRIDTlJUGhwSCjIwMjYtMTItMjIoAGoFEgNOUlRyBRIDVFBFQgEBSAGYAQE=
2026-09-20,2026-12-16,2026-12-22,outbound,STARLUX Airlines,"3:00 PM on Wed, Dec 16","7:00 PM on Wed, Dec 16",3 hr,0,NT$16707,round_trip,FALSE,FALSE,typical,https://www.google.com/travel/flights?tfs=GhwSCjIwMjYtMTItMTYoAGoFEgNUUEVyBRIDTlJUGhwSCjIwMjYtMTItMjIoAGoFEgNOUlRyBRIDVFBFQgEBSAGYAQE=
2026-09-20,2026-12-16,2026-12-22,outbound,JAL,"10:40 AM on Wed, Dec 16","2:40 PM on Wed, Dec 16",3 hr,0,NT$16790,round_trip,TRUE,FALSE,typical,https://www.google.com/travel/flights?tfs=GhwSCjIwMjYtMTItMTYoAGoFEgNUUEVyBRIDTlJUGhwSCjIwMjYtMTItMjIoAGoFEgNOUlRyBRIDVFBFQgEBSAGYAQE=
2026-09-20,2026-12-16,2026-12-22,outbound,STARLUX Airlines,"10:10 AM on Wed, Dec 16","2:20 PM on Wed, Dec 16",3 hr 10 min,0,NT$17379,round_trip,TRUE,FALSE,typical,https://www.google.com/travel/flights?tfs=GhwSCjIwMjYtMTItMTYoAGoFEgNUUEVyBRIDTlJUGhwSCjIwMjYtMTItMjIoAGoFEgNOUlRyBRIDVFBFQgEBSAGYAQE=
2026-09-20,2026-12-16,2026-12-22,outbound,EVA Air,"7:55 AM on Wed, Dec 16","12:00 PM on Wed, Dec 16",3 hr 5 min,0,NT$17555,round_trip,TRUE,FALSE,typical,https://www.google.com/travel/flights?tfs=GhwSCjIwMjYtMTItMTYoAGoFEgNUUEVyBRIDTlJUGhwSCjIwMjYtMTItMjIoAGoFEgNOUlRyBRIDVFBFQgEBSAGYAQE=
2026-09-20,2026-12-16,2026-12-22,outbound,EVA Air,"8:50 AM on Wed, Dec 16","12:55 PM on Wed, Dec 16",3 hr 5 min,0,NT$17555,round_trip,TRUE,FALSE,typical,https://www.google.com/travel/flights?tfs=GhwSCjIwMjYtMTItMTYoAGoFEgNUUEVyBRIDTlJUGhwSCjIwMjYtMTItMjIoAGoFEgNOUlRyBRIDVFBFQgEBSAGYAQE=
2026-09-20,2026-12-16,2026-12-22,return,EVA Air,"1:00 PM on Tue, Dec 22","4:05 PM on Tue, Dec 22",4 hr 5 min,0,NT$7376,one_way,FALSE,FALSE,typical,https://www.google.com/travel/flights?tfs=GhwSCjIwMjYtMTItMjIoAGoFEgNOUlRyBRIDVFBFQgEBSAGYAQI=
2026-09-20,2026-12-16,2026-12-22,return,China Airlines,"9:20 AM on Tue, Dec 22","12:30 PM on Tue, Dec 22",4 hr 10 min,0,NT$7707,one_way,FALSE,FALSE,typical,https://www.google.com/travel/flights?tfs=GhwSCjIwMjYtMTItMjIoAGoFEgNOUlRyBRIDVFBFQgEBSAGYAQI=
2026-09-20,2026-12-16,2026-12-22,return,Cathay Pacific,"3:30 PM on Tue, Dec 22","6:35 PM on Tue, Dec 22",4 hr 5 min,0,NT$8479,one_way,FALSE,FALSE,typical,https://www.google.com/travel/flights?tfs=GhwSCjIwMjYtMTItMjIoAGoFEgNOUlRyBRIDVFBFQgEBSAGYAQI=
2026-09-20,2026-12-16,2026-12-22,return,JAL,"6:05 PM on Tue, Dec 22","9:15 PM on Tue, Dec 22",4 hr 10 min,0,NT$8744,one_way,FALSE,FALSE,typical,https://www.google.com/travel/flights?tfs=GhwSCjIwMjYtMTItMjIoAGoFEgNOUlRyBRIDVFBFQgEBSAGYAQI=
2026-09-20,2026-12-16,2026-12-22,return,STARLUX Airlines,"1:45 PM on Tue, Dec 22","4:50 PM on Tue, Dec 22",4 hr 5 min,0,NT$8882,one_way,FALSE,FALSE,typical,https://www.google.com/travel/flights?tfs=GhwSCjIwMjYtMTItMjIoAGoFEgNOUlRyBRIDVFBFQgEBSAGYAQI=
2026-09-20,2026-12-16,2026-12-22,return,EVA Air,"2:00 PM on Tue, Dec 22","5:05 PM on Tue, Dec 22",4 hr 5 min,0,NT$9058,one_way,FALSE,FALSE,typical,https://www.google.com/travel/flights?tfs=GhwSCjIwMjYtMTItMjIoAGoFEgNOUlRyBRIDVFBFQgEBSAGYAQI=
2026-09-20,2026-12-16,2026-12-22,return,EVA Air,"8:20 PM on Tue, Dec 22","11:25 PM on Tue, Dec 22",4 hr 5 min,0,NT$9058,one_way,TRUE,FALSE,typical,https://www.google.com/travel/flights?tfs=GhwSCjIwMjYtMTItMjIoAGoFEgNOUlRyBRIDVFBFQgEBSAGYAQI=
2026-09-20,2026-12-16,2026-12-22,return,STARLUX Airlines,"8:10 PM on Tue, Dec 22","11:20 PM on Tue, Dec 22",4 hr 10 min,0,NT$9955,one_way,TRUE,FALSE,typical,https://www.google.com/travel/flights?tfs=GhwSCjIwMjYtMTItMjIoAGoFEgNOUlRyBRIDVFBFQgEBSAGYAQI=
2026-09-20,2026-12-16,2026-12-22,return,STARLUX Airlines,"3:40 PM on Tue, Dec 22","6:45 PM on Tue, Dec 22",4 hr 5 min,0,NT$10907,one_way,FALSE,FALSE,typical,https://www.google.com/travel/flights?tfs=GhwSCjIwMjYtMTItMjIoAGoFEgNOUlRyBRIDVFBFQgEBSAGYAQI=
2026-09-20,2026-12-16,2026-12-22,return,China Airlines,"2:35 PM on Tue, Dec 22","5:45 PM on Tue, Dec 22",4 hr 10 min,0,NT$11070,one_way,FALSE,FALSE,typical,https://www.google.com/travel/flights?tfs=GhwSCjIwMjYtMTItMjIoAGoFEgNOUlRyBRIDVFBFQgEBSAGYAQI=
2026-09-20,2026-12-16,2026-12-22,return,China Airlines,"5:45 PM on Tue, Dec 22","8:55 PM on Tue, Dec 22",4 hr 10 min,0,NT$13946,one_way,FALSE,FALSE,typical,https://www.google.com/travel/flights?tfs=GhwSCjIwMjYtMTItMjIoAGoFEgNOUlRyBRIDVFBFQgEBSAGYAQI=
2026-09-21,2026-12-17,2026-12-23,outbound,China Airlines,"4:25 PM on Thu, Dec 17","8:30 PM on Thu, Dec 17",3 hr 5 min,0,NT$13653,round_trip,FALSE,FALSE,typical,https://www.google.com/travel/flights?tfs=GhwSCjIwMjYtMTItMTcoAGoFEgNUUEVyBRIDTlJUGhwSCjIwMjYtMTItMjMoAGoFEgNOUlRyBRIDVFBFQgEBSAGYAQE=
2026-09-21,2026-12-17,2026-12-23,outbound,Cathay Pacific,"12:50 PM on Thu, Dec 17","4:50 PM on Thu, Dec 17",3 hr,0,NT$13731,round_trip,TRUE,FALSE,typical,https://www.google.com/travel/flights?tfs=GhwSCjIwMjYtMTItMTcoAGoFEgNUUEVyBRIDTlJUGhwSCjIwMjYtMTItMjMoAGoFEgNOUlRyBRIDVFBFQgEBSAGYAQE=
2026-09-21,2026-12-17,2026-12-23,outbound,STARLUX Airlines,"3:00 PM on Thu, Dec 17","7:00 PM on Thu, Dec 17",3 hr,0,NT$14534,round_trip,FALSE,FALSE,typical,https://www.google.com/travel/flights?tfs=GhwSCjIwMjYtMTItMTcoAGoFEgNUUEVyBRIDTlJUGhwSCjIwMjYtMTItMjMoAGoFEgNOUlRyBRIDVFBFQgEBSAGYAQE=
2026-09-21,2026-12-17,2026-12-23,outbound,EVA Air,"3:20 PM on Thu, Dec 17","7:20 PM on Thu, Dec 17",3 hr,0,NT$14704,round_trip,FALSE,FALSE,typical,https://www.google.com/travel/flights?tfs=GhwSCjIwMjYtMTItMTcoAGoFEgNUUEVyBRIDTlJUGhwSCjIwMjYtMTItMjMoAGoFEgNOUlRyBRIDVFBFQgEBSAGYAQE=
2026-09-21,2026-12-17,2026-12-23,outbound,China Airlines,"9:30 AM on Thu, Dec 17","1:30 PM on Thu, Dec 17",3 hr,0,NT$15253,round_trip,TRUE,FALSE,typical,https://www.google.com/travel/flights?tfs=GhwSCjIwMjYtMTItMTcoAGoFEgNUUEVyBRIDTlJUGhwSCjIwMjYtMTItMjMoAGoFEgNOUlRyBRIDVFBFQgEBSAGYAQE=
2026-09-21,2026-12-17,2026-12-23,outbound,EVA Air,"7:55 AM on Thu, Dec 17","12:00 PM on Thu, Dec 17",3 hr 5 min,0,NT$15649,round_trip,TRUE,FALSE,typical,https://www.google.com/travel/flights?tfs=GhwSCjIwMjYtMTItMTcoAGoFEgNUUEVyBRIDTlJUGhwSCjIwMjYtMTItMjMoAGoFEgNOUlRyBRIDVFBFQgEBSAGYAQE=
2026-09-21,2026-12-17,2026-12-23,outbound,EVA Air,"8:50 AM on Thu, Dec 17","12:55 PM on Thu, Dec 17",3 hr 5 min,0,NT$15649,round_trip,TRUE,FALSE,typical,https://www.google.com/travel/flights?tfs=GhwSCjIwMjYtMTItMTcoAGoFEgNUUEVyBRIDTlJUGhwSCjIwMjYtMTItMjMoAGoFEgNOUlRyBRIDVFBFQgEBSAGYAQE=
2026-09-21,2026-12-17,2026-12-23,outbound,China Airlines,"2:25 PM on Thu, Dec 17","6:30 PM on Thu, Dec 17",3 hr 5 min,0,NT$15782,round_trip,FALSE,FALSE,typical,https://www.google.com/travel/flights?tfs=GhwSCjIwMjYtMTItMTcoAGoFEgNUUEVyBRIDTlJUGhwSCjIwMjYtMTItMjMoAGoFEgNOUlRyBRIDVFBFQgEBSAGYAQE=
2026-09-21,2026-12-17,2026-12-23,outbound,China Airlines,"12:35 PM on Thu, Dec 17","4:35 PM on Thu, Dec 17",3 hr,0,NT$16469,round_trip,TRUE,FALSE,typical,https://www.google.com/travel/flights?tfs=GhwSCjIwMjYtMTItMTcoAGoFEgNUUEVyBRIDTlJUGhwSCjIwMjYtMTItMjMoAGoFEgNOUlRyBRIDVFBFQgEBSAGYAQE=
2026-09-21,2026-12-17,2026-12-23,outbound,JAL,"10:40 AM on Thu, Dec 17","2:40 PM on Thu, Dec 17",3 hr,0,NT$16878,round_trip,TRUE,FALSE,typical,https://www.google.com/travel/flights?tfs=GhwSCjIwMjYtMTItMTcoAGoFEgNUUEVyBRIDTlJUGhwSCjIwMjYtMTItMjMoAGoFEgNOUlRyBRIDVFBFQgEBSAGYAQE=
2026-09-21,2026-12-17,2026-12-23,outbound,STARLUX Airlines,"10:10 AM on Thu, Dec 17","2:20 PM on Thu, Dec 17",3 hr 10 min,0,NT$17859,round_trip,TRUE,FALSE,typical,https://www.google.com/travel/flights?tfs=GhwSCjIwMjYtMTItMTcoAGoFEgNUUEVyBRIDTlJUGhwSCjIwMjYtMTItMjMoAGoFEgNOUlRyBRIDVFBFQgEBSAGYAQE=
2026-09-21,2026-12-17,2026-12-23,return,EVA Air,"1:00 PM on Wed, Dec 23","4:05 PM on Wed, Dec 23",4 hr 5 min,0,NT$7370,one_way,FALSE,TRUE,typical,https://www.google.com/travel/flights?tfs=GhwSCjIwMjYtMTItMjMoAGoFEgNOUlRyBRIDVFBFQgEBSAGYAQI=
2026-09-21,2026-12-17,2026-12-23,return,China Airlines,"9:20 AM on Wed, Dec 23","12:30 PM on Wed, Dec 23",4 hr 10 min,0,NT$7700,one_way,FALSE,FALSE,typical,https://www.google.com/travel/flights?tfs=GhwSCjIwMjYtMTItMjMoAGoFEgNOUlRyBRIDVFBFQgEBSAGYAQI=
2026-09-21,2026-12-17,2026-12-23,return,Cathay Pacific,"3:30 PM on Wed, Dec 23","6:35 PM on Wed, Dec 23",4 hr 5 min,0,NT$8471,one_way,FALSE,FALSE,typical,https://www.google.com/travel/flights?tfs=GhwSCjIwMjYtMTItMjMoAGoFEgNOUlRyBRIDVFBFQgEBSAGYAQI=
2026-09-21,2026-12-17,2026-12-23,return,EVA Air,"8:20 PM on Wed, Dec 23","11:25 PM on Wed, Dec 23",4 hr 5 min,0,NT$9050,one_way,TRUE,FALSE,typical,https://www.google.com/travel/flights?tfs=GhwSCjIwMjYtMTItMjMoAGoFEgNOUlRyBRIDVFBFQgEBSAGYAQI=
2026-09-21,2026-12-17,2026-12-23,return,STARLUX Airlines,"1:45 PM on Wed, Dec 23","4:50 PM on Wed, Dec 23",4 hr 5 min,0,NT$9947,one_way,FALSE,FALSE,typical,https://www.google.com/travel/flights?tfs=GhwSCjIwMjYtMTItMjMoAGoFEgNOUlRyBRIDVFBFQgEBSAGYAQI=
2026-09-21,2026-12-17,2026-12-23,return,STARLUX Airlines,"3:40 PM on Wed, Dec 23","6:45 PM on Wed, Dec 23",4 hr 5 min,0,NT$9947,one_way,FALSE,FALSE,typical,https://www.google.com/travel/flights?tfs=GhwSCjIwMjYtMTItMjMoAGoFEgNOUlRyBRIDVFBFQgEBSAGYAQI=
2026-09-21,2026-12-17,2026-12-23,return,STARLUX Airlines,"8:10 PM on Wed, Dec 23","11:20 PM on Wed, Dec 23",4 hr 10 min,0,NT$9947,one_way,TRUE,FALSE,typical,https://www.google.com/travel/flights?tfs=GhwSCjIwMjYtMTItMjMoAGoFEgNOUlRyBRIDVFBFQgEBSAGYAQI=
2026-09-21,2026-12-17,2026-12-23,return,EVA Air,"2:00 PM on Wed, Dec 23","5:05 PM on Wed, Dec 23",4 hr 5 min,0,NT$10426,one_way,FALSE,FALSE,typical,https://www.google.com/travel/flights?tfs=GhwSCjIwMjYtMTItMjMoAGoFEgNOUlRyBRIDVFBFQgEBSAGYAQI=
2026-09-21,2026-12-17,2026-12-23,return,China Airlines,"2:35 PM on Wed, Dec 23","5:45 PM on Wed, Dec 23",4 hr 10 min,0,NT$11060,one_way,FALSE,FALSE,typical,https://www.google.com/travel/flights?tfs=GhwSCjIwMjYtMTItMjMoAGoFEgNOUlRyBRIDVFBFQgEBSAGYAQI=
2026-09-21,2026-12-17,2026-12-23,return,China Airlines,"5:45 PM on Wed, Dec 23","8:55 PM on Wed, Dec 23",4 hr 10 min,0,NT$13934,one_way,FALSE,FALSE,typical,https://www.google.com/travel/flights?tfs=GhwSCjIwMjYtMTItMjMoAGoFEgNOUlRyBRIDVFBFQgEBSAGYAQI=
2026-09-21,2026-12-17,2026-12-23,return,China Airlines,"7:30 PM on Wed, Dec 23","10:45 PM on Wed, Dec 23",4 hr 15 min,0,NT$13934,one_way,FALSE,FALSE,typical,https://www.google.com/travel/flights?tfs=GhwSCjIwMjYtMTItMjMoAGoFEgNOUlRyBRIDVFBFQgEBSAGYAQI=
2026-09-21,2026-12-16,2026-12-22,outbound,Cathay Pacific,"12:50 PM on Wed, Dec 16","4:50 PM on Wed, Dec 16",3 hr,0,NT$13506,round_trip,TRUE,TRUE,typical,https://www.google.com/travel/flights?tfs=GhwSCjIwMjYtMTItMTYoAGoFEgNUUEVyBRIDTlJUGhwSCjIwMjYtMTItMjIoAGoFEgNOUlRyBRIDVFBFQgEBSAGYAQE=
2026-09-21,2026-12-16,2026-12-22,outbound,China Airlines,"4:25 PM on Wed, Dec 16","8:30 PM on Wed, Dec 16",3 hr 5 min,0,NT$14536,round_trip,FALSE,FALSE,typical,https://www.google.com/travel/flights?tfs=GhwSCjIwMjYtMTItMTYoAGoFEgNUUEVyBRIDTlJUGhwSCjIwMjYtMTItMjIoAGoFEgNOUlRyBRIDVFBFQgEBSAGYAQE=
2026-09-21,2026-12-16,2026-12-22,outbound,China Airlines,"12:35 PM on Wed, Dec 16","4:35 PM on Wed, Dec 16",3 hr,0,NT$14956,round_trip,TRUE,FALSE,typical,https://www.google.com/travel/flights?tfs=GhwSCjIwMjYtMTItMTYoAGoFEgNUUEVyBRIDTlJUGhwSCjIwMjYtMTItMjIoAGoFEgNOUlRyBRIDVFBFQgEBSAGYAQE=
2026-09-21,2026-12-16,2026-12-22,outbound,China Airlines,"2:25 PM on Wed, Dec 16","6:30 PM on Wed, Dec 16",3 hr 5 min,0,NT$15694,round_trip,FALSE,FALSE,typical,https://www.google.com/travel/flights?tfs=GhwSCjIwMjYtMTItMTYoAGoFEgNUUEVyBRIDTlJUGhwSCjIwMjYtMTItMjIoAGoFEgNOUlRyBRIDVFBFQgEBSAGYAQE=
2026-09-21,2026-12-16,2026-12-22,outbound,China Airlines,"9:30 AM on Wed, Dec 16","1:30 PM on Wed, Dec 16",3 hr,0,NT$16052,round_trip,TRUE,FALSE,typical,https://www.google.com/travel/flights?tfs=GhwSCjIwMjYtMTItMTYoAGoFEgNUUEVyBRIDTlJUGhwSCjIwMjYtMTItMjIoAGoFEgNOUlRyBRIDVFBFQgEBSAGYAQE=
2026-09-21,2026-12-16,2026-12-22,outbound,EVA Air,"3:20 PM on Wed, Dec 16","7:20 PM on Wed, Dec 16",3 hr,0,NT$16100,round_trip,FALSE,FALSE,typical,https://www.google.com/travel/flights?tfs=GhwSCjIwMjYtMTItMTYoAGoFEgNUUEVyBRIDTlJUGhwSCjIwMjYtMTItMjIoAGoFEgNOUlRyBRIDVFBFQgEBSAGYAQE=
2026-09-21,2026-12-16,2026-12-22,outbound,STARLUX Airlines,"3:00 PM on Wed, Dec 16","7:00 PM on Wed, Dec 16",3 hr,0,NT$16707,round_trip,FALSE,FALSE,typical,https://www.google.com/travel/flights?tfs=GhwSCjIwMjYtMTItMTYoAGoFEgNUUEVyBRIDTlJUGhwSCjIwMjYtMTItMjIoAGoFEgNOUlRyBRIDVFBFQgEBSAGYAQE=
2026-09-21,2026-12-16,2026-12-22,outbound,JAL,"10:40 AM on Wed, Dec 16","2:40 PM on Wed, Dec 16",3 hr,0,NT$16790,round_trip,TRUE,FALSE,typical,https://www.google.com/travel/flights?tfs=GhwSCjIwMjYtMTItMTYoAGoFEgNUUEVyBRIDTlJUGhwSCjIwMjYtMTItMjIoAGoFEgNOUlRyBRIDVFBFQgEBSAGYAQE=
2026-09-21,2026-12-16,2026-12-22,outbound,STARLUX Airlines,"10:10 AM on Wed, Dec 16","2:20 PM on Wed, Dec 16",3 hr 10 min,0,NT$17379,round_trip,TRUE,FALSE,typical,https://www.google.com/travel/flights?tfs=GhwSCjIwMjYtMTItMTYoAGoFEgNUUEVyBRIDTlJUGhwSCjIwMjYtMTItMjIoAGoFEgNOUlRyBRIDVFBFQgEBSAGYAQE=
2026-09-21,2026-12-16,2026-12-22,outbound,EVA Air,"7:55 AM on Wed, Dec 16","12:00 PM on Wed, Dec 16",3 hr 5 min,0,NT$17555,round_trip,TRUE,FALSE,typical,https://www.google.com/travel/flights?tfs=GhwSCjIwMjYtMTItMTYoAGoFEgNUUEVyBRIDTlJUGhwSCjIwMjYtMTItMjIoAGoFEgNOUlRyBRIDVFBFQgEBSAGYAQE=
2026-09-21,2026-12-16,2026-12-22,outbound,EVA Air,"8:50 AM on Wed, Dec 16","12:55 PM on Wed, Dec 16",3 hr 5 min,0,NT$17555,round_trip,TRUE,FALSE,typical,https://www.google.com/travel/flights?tfs=GhwSCjIwMjYtMTItMTYoAGoFEgNUUEVyBRIDTlJUGhwSCjIwMjYtMTItMjIoAGoFEgNOUlRyBRIDVFBFQgEBSAGYAQE=
2026-09-21,2026-12-16,2026-12-22,return,EVA Air,"1:00 PM on Tue, Dec 22","4:05 PM on Tue, Dec 22",4 hr 5 min,0,NT$7370,one_way,FALSE,FALSE,typical,https://www.google.com/travel/flights?tfs=GhwSCjIwMjYtMTItMjIoAGoFEgNOUlRyBRIDVFBFQgEBSAGYAQI=
2026-09-21,2026-12-16,2026-12-22,return,China Airlines,"9:20 AM on Tue, Dec 22","12:30 PM on Tue, Dec 22",4 hr 10 min,0,NT$7700,one_way,FALSE,FALSE,typical,https://www.google.com/travel/flights?tfs=GhwSCjIwMjYtMTItMjIoAGoFEgNOUlRyBRIDVFBFQgEBSAGYAQI=
2026-09-21,2026-12-16,2026-12-22,return,Cathay Pacific,"3:30 PM on Tue, Dec 22","6:35 PM on Tue, Dec 22",4 hr 5 min,0,NT$8471,one_way,FALSE,FALSE,typical,https://www.google.com/travel/flights?tfs=GhwSCjIwMjYtMTItMjIoAGoFEgNOUlRyBRIDVFBFQgEBSAGYAQI=
2026-09-21,2026-12-16,2026-12-22,return,JAL,"6:05 PM on Tue, Dec 22","9:15 PM on Tue, Dec 22",4 hr 10 min,0,NT$8736,one_way,FALSE,FALSE,typical,https://www.google.com/travel/flights?tfs=GhwSCjIwMjYtMTItMjIoAGoFEgNOUlRyBRIDVFBFQgEBSAGYAQI=
2026-09-21,2026-12-16,2026-12-22,return,STARLUX Airlines,"1:45 PM on Tue, Dec 22","4:50 PM on Tue, Dec 22",4 hr 5 min,0,NT$8874,one_way,FALSE,FALSE,typical,https://www.google.com/travel/flights?tfs=GhwSCjIwMjYtMTItMjIoAGoFEgNOUlRyBRIDVFBFQgEBSAGYAQI=
2026-09-21,2026-12-16,2026-12-22,return,EVA Air,"2:00 PM on Tue, Dec 22","5:05 PM on Tue, Dec 22",4 hr 5 min,0,NT$9050,one_way,FALSE,FALSE,typical,https://www.google.com/travel/flights?tfs=GhwSCjIwMjYtMTItMjIoAGoFEgNOUlRyBRIDVFBFQgEBSAGYAQI=
2026-09-21,2026-12-16,2026-12-22,return,EVA Air,"8:20 PM on Tue, Dec 22","11:25 PM on Tue, Dec 22",4 hr 5 min,0,NT$9050,one_way,TRUE,FALSE,typical,https://www.google.com/travel/flights?tfs=GhwSCjIwMjYtMTItMjIoAGoFEgNOUlRyBRIDVFBFQgEBSAGYAQI=
2026-09-21,2026-12-16,2026-12-22,return,STARLUX Airlines,"8:10 PM on Tue, Dec 22","11:20 PM on Tue, Dec 22",4 hr 10 min,0,NT$9947,one_way,TRUE,FALSE,typical,https://www.google.com/travel/flights?tfs=GhwSCjIwMjYtMTItMjIoAGoFEgNOUlRyBRIDVFBFQgEBSAGYAQI=
2026-09-21,2026-12-16,2026-12-22,return,STARLUX Airlines,"3:40 PM on Tue, Dec 22","6:45 PM on Tue, Dec 22",4 hr 5 min,0,NT$10898,one_way,FALSE,FALSE,typical,https://www.google.com/travel/flights?tfs=GhwSCjIwMjYtMTItMjIoAGoFEgNOUlRyBRIDVFBFQgEBSAGYAQI=
2026-09-21,2026-12-16,2026-12-22,return,China Airlines,"2:35 PM on Tue, Dec 22","5:45 PM on Tue, Dec 22",4 hr 10 min,0,NT$11060,one_way,FALSE,FALSE,typical,https://www.google.com/travel/flights?tfs=GhwSCjIwMjYtMTItMjIoAGoFEgNOUlRyBRIDVFBFQgEBSAGYAQI=
2026-09-21,2026-12-16,2026-12-22,return,China Airlines,"5:45 PM on Tue, Dec 22","8:55 PM on Tue, Dec 22",4 hr 10 min,0,NT$13934,one_way,FALSE,FALSE,typical,https://www.google.com/travel/flights?tfs=GhwSCjIwMjYtMTItMjIoAGoFEgNOUlRyBRIDVFBFQgEBSAGYAQI=
2026-09-22,2026-12-17,2026-12-23,outbound,Cathay Pacific,"12:50 PM on Thu, Dec 17","4:50 PM on Thu, Dec 17",3 hr,0,NT$13708,round_trip,TRUE,FALSE,typical,https://www.google.com/travel/flights?tfs=GhwSCjIwMjYtMTItMTcoAGoFEgNUUEVyBRIDTlJUGhwSCjIwMjYtMTItMjMoAGoFEgNOUlRyBRIDVFBFQgEBSAGYAQE=
2026-09-22,2026-12-17,2026-12-23,outbound,China Airlines,"4:25 PM on Thu, Dec 17","8:30 PM on Thu, Dec 17",3 hr 5 min,0,NT$13715,round_trip,FALSE,FALSE,typical,https://www.google.com/travel/flights?tfs=GhwSCjIwMjYtMTItMTcoAGoFEgNUUEVyBRIDTlJUGhwSCjIwMjYtMTItMjMoAGoFEgNOUlRyBRIDVFBFQgEBSAGYAQE=
2026-09-22,2026-12-17,2026-12-23,outbound,STARLUX Airlines,"3:00 PM on Thu, Dec 17","7:00 PM on Thu, Dec 17",3 hr,0,NT$14500,round_trip,FALSE,FALSE,typical,https://www.google.com/travel/flights?tfs=GhwSCjIwMjYtMTItMTcoAGoFEgNUUEVyBRIDTlJUGhwSCjIwMjYtMTItMjMoAGoFEgNOUlRyBRIDVFBFQgEBSAGYAQE=
2026-09-22,2026-12-17,2026-12-23,outbound,EVA Air,"3:20 PM on Thu, Dec 17","7:20 PM on Thu, Dec 17",3 hr,0,NT$14670,round_trip,FALSE,FALSE,typical,https://www.google.com/travel/flights?tfs=GhwSCjIwMjYtMTItMTcoAGoFEgNUUEVyBRIDTlJUGhwSCjIwMjYtMTItMjMoAGoFEgNOUlRyBRIDVFBFQgEBSAGYAQE=
2026-09-22,2026-12-17,2026-12-23,outbound,STARLUX Airlines,"10:10 AM on Thu, Dec 17","2:20 PM on Thu, Dec 17",3 hr 10 min,0,NT$14812,round_trip,TRUE,FALSE,typical,https://www.google.com/travel/flights?tfs=GhwSCjIwMjYtMTItMTcoAGoFEgNUUEVyBRIDTlJUGhwSCjIwMjYtMTItMjMoAGoFEgNOUlRyBRIDVFBFQgEBSAGYAQE=
2026-09-22,2026-12-17,2026-12-23,outbound,China Airlines,"9:30 AM on Thu, Dec 17","1:30 PM on Thu, Dec 17",3 hr,0,NT$15315,round_trip,TRUE,FALSE,typical,https://www.google.com/travel/flights?tfs=GhwSCjIwMjYtMTItMTcoAGoFEgNUUEVyBRIDTlJUGhwSCjIwMjYtMTItMjMoAGoFEgNOUlRyBRIDVFBFQgEBSAGYAQE=
2026-09-22,2026-12-17,2026-12-23,outbound,STARLUX Airlines,"8:25 AM on Thu, Dec 17","12:35 PM on Thu, Dec 17",3 hr 10 min,0,NT$15436,round_trip,TRUE,FALSE,typical,https://www.google.com/travel/flights?tfs=GhwSCjIwMjYtMTItMTcoAGoFEgNUUEVyBRIDTlJUGhwSCjIwMjYtMTItMjMoAGoFEgNOUlRyBRIDVFBFQgEBSAGYAQE=
2026-09-22,2026-12-17,2026-12-23,outbound,EVA Air,"7:55 AM on Thu, Dec 17","12:00 PM on Thu, Dec 17",3 hr 5 min,0,NT$15615,round_trip,TRUE,FALSE,typical,https://www.google.com/travel/flights?tfs=GhwSCjIwMjYtMTItMTcoAGoFEgNUUEVyBRIDTlJUGhwSCjIwMjYtMTItMjMoAGoFEgNOUlRyBRIDVFBFQgEBSAGYAQE=
2026-09-22,2026-12-17,2026-12-23,outbound,EVA Air,"8:50 AM on Thu, Dec 17","12:55 PM on Thu, Dec 17",3 hr 5 min,0,NT$15615,round_trip,TRUE,FALSE,typical,https://www.google.com/travel/flights?tfs=GhwSCjIwMjYtMTItMTcoAGoFEgNUUEVyBRIDTlJUGhwSCjIwMjYtMTItMjMoAGoFEgNOUlRyBRIDVFBFQgEBSAGYAQE=
2026-09-22,2026-12-17,2026-12-23,outbound,China Airlines,"2:25 PM on Thu, Dec 17","6:30 PM on Thu, Dec 17",3 hr 5 min,0,NT$15844,round_trip,FALSE,FALSE,typical,https://www.google.com/travel/flights?tfs=GhwSCjIwMjYtMTItMTcoAGoFEgNUUEVyBRIDTlJUGhwSCjIwMjYtMTItMjMoAGoFEgNOUlRyBRIDVFBFQgEBSAGYAQE=
2026-09-22,2026-12-17,2026-12-23,outbound,China Airlines,"12:35 PM on Thu, Dec 17","4:35 PM on Thu, Dec 17",3 hr,0,NT$16531,round_trip,TRUE,FALSE,typical,https://www.google.com/travel/flights?tfs=GhwSCjIwMjYtMTItMTcoAGoFEgNUUEVyBRIDTlJUGhwSCjIwMjYtMTItMjMoAGoFEgNOUlRyBRIDVFBFQgEBSAGYAQE=
2026-09-22,2026-12-17,2026-12-23,return,EVA Air,"1:00 PM on Wed, Dec 23","4:05 PM on Wed, Dec 23",4 hr 5 min,0,NT$7339,one_way,FALSE,FALSE,typical,https://www.google.com/travel/flights?tfs=GhwSCjIwMjYtMTItMjMoAGoFEgNOUlRyBRIDVFBFQgEBSAGYAQI=
2026-09-22,2026-12-17,2026-12-23,return,China Airlines,"9:20 AM on Wed, Dec 23","12:30 PM on Wed, Dec 23",4 hr 10 min,0,NT$7762,one_way,FALSE,FALSE,typical,https://www.google.com/travel/flights?tfs=GhwSCjIwMjYtMTItMjMoAGoFEgNOUlRyBRIDVFBFQgEBSAGYAQI=
2026-09-22,2026-12-17,2026-12-23,return,Cathay Pacific,"3:30 PM on Wed, Dec 23","6:35 PM on Wed, Dec 23",4 hr 5 min,0,NT$8428,one_way,FALSE,FALSE,typical,https://www.google.com/travel/flights?tfs=GhwSCjIwMjYtMTItMjMoAGoFEgNOUlRyBRIDVFBFQgEBSAGYAQI=
2026-09-22,2026-12-17,2026-12-23,return,EVA Air,"8:20 PM on Wed, Dec 23","11:25 PM on Wed, Dec 23",4 hr 5 min,0,NT$9010,one_way,TRUE,FALSE,typical,https://www.google.com/travel/flights?tfs=GhwSCjIwMjYtMTItMjMoAGoFEgNOUlRyBRIDVFBFQgEBSAGYAQI=
2026-09-22,2026-12-17,2026-12-23,return,STARLUX Airlines,"1:45 PM on Wed, Dec 23","4:50 PM on Wed, Dec 23",4 hr 5 min,0,NT$9540,one_way,FALSE,FALSE,typical,https://www.google.com/travel/flights?tfs=GhwSCjIwMjYtMTItMjMoAGoFEgNOUlRyBRIDVFBFQgEBSAGYAQI=
2026-09-22,2026-12-17,2026-12-23,return,STARLUX Airlines,"3:40 PM on Wed, Dec 23","6:45 PM on Wed, Dec 23",4 hr 5 min,0,NT$9540,one_way,FALSE,FALSE,typical,https://www.google.com/travel/flights?tfs=GhwSCjIwMjYtMTItMjMoAGoFEgNOUlRyBRIDVFBFQgEBSAGYAQI=
2026-09-22,2026-12-17,2026-12-23,return,STARLUX Airlines,"8:10 PM on Wed, Dec 23","11:20 PM on Wed, Dec 23",4 hr 10 min,0,NT$9540,one_way,TRUE,FALSE,typical,https://www.google.com/travel/flights?tfs=GhwSCjIwMjYtMTItMjMoAGoFEgNOUlRyBRIDVFBFQgEBSAGYAQI=
2026-09-22,2026-12-17,2026-12-23,return,EVA Air,"2:00 PM on Wed, Dec 23","5:05 PM on Wed, Dec 23",4 hr 5 min,0,NT$10380,one_way,FALSE,FALSE,typical,https://www.google.com/travel/flights?tfs=GhwSCjIwMjYtMTItMjMoAGoFEgNOUlRyBRIDVFBFQgEBSAGYAQI=
2026-09-22,2026-12-17,2026-12-23,return,China Airlines,"2:35 PM on Wed, Dec 23","5:45 PM on Wed, Dec 23",4 hr 10 min,0,NT$11105,one_way,FALSE,FALSE,typical,https://www.google.com/travel/flights?tfs=GhwSCjIwMjYtMTItMjMoAGoFEgNOUlRyBRIDVFBFQgEBSAGYAQI=
2026-09-22,2026-12-17,2026-12-23,return,China Airlines,"5:45 PM on Wed, Dec 23","8:55 PM on Wed, Dec 23",4 hr 10 min,0,NT$13964,one_way,FALSE,FALSE,typical,https://www.google.com/travel/flights?tfs=GhwSCjIwMjYtMTItMjMoAGoFEgNOUlRyBRIDVFBFQgEBSAGYAQI=
2026-09-22,2026-12-17,2026-12-23,return,China Airlines,"7:30 PM on Wed, Dec 23","10:45 PM on Wed, Dec 23",4 hr 15 min,0,NT$13964,one_way,FALSE,FALSE,typical,https://www.google.com/travel/flights?tfs=GhwSCjIwMjYtMTItMjMoAGoFEgNOUlRyBRIDVFBFQgEBSAGYAQI=
2026-09-22,2026-12-16,2026-12-22,outbound,China Airlines,"4:25 PM on Wed, Dec 16","8:30 PM on Wed, Dec 16",3 hr 5 min,0,NT$13418,round_trip,FALSE,FALSE,typical,https://www.google.com/travel/flights?tfs=GhwSCjIwMjYtMTItMTYoAGoFEgNUUEVyBRIDTlJUGhwSCjIwMjYtMTItMjIoAGoFEgNOUlRyBRIDVFBFQgEBSAGYAQE=
2026-09-22,2026-12-16,2026-12-22,outbound,Cathay Pacific,"12:50 PM on Wed, Dec 16","4:50 PM on Wed, Dec 16",3 hr,0,NT$13483,round_trip,TRUE,FALSE,typical,https://www.google.com/travel/flights?tfs=GhwSCjIwMjYtMTItMTYoAGoFEgNUUEVyBRIDTlJUGhwSCjIwMjYtMTItMjIoAGoFEgNOUlRyBRIDVFBFQgEBSAGYAQE=
2026-09-22,2026-12-16,2026-12-22,outbound,China Airlines,"12:35 PM on Wed, Dec 16","4:35 PM on Wed, Dec 16",3 hr,0,NT$13691,round_trip,TRUE,FALSE,typical,https://www.google.com/travel/flights?tfs=GhwSCjIwMjYtMTItMTYoAGoFEgNUUEVyBRIDTlJUGhwSCjIwMjYtMTItMjIoAGoFEgNOUlRyBRIDVFBFQgEBSAGYAQE=
2026-09-22,2026-12-16,2026-12-22,outbound,STARLUX Airlines,"3:00 PM on Wed, Dec 16","7:00 PM on Wed, Dec 16",3 hr,0,NT$14203,round_trip,FALSE,FALSE,typical,https://www.google.com/travel/flights?tfs=GhwSCjIwMjYtMTItMTYoAGoFEgNUUEVyBRIDTlJUGhwSCjIwMjYtMTItMjIoAGoFEgNOUlRyBRIDVFBFQgEBSAGYAQE=
2026-09-22,2026-12-16,2026-12-22,outbound,EVA Air,"3:20 PM on Wed, Dec 16","7:20 PM on Wed, Dec 16",3 hr,0,NT$14373,round_trip,FALSE,FALSE,typical,https://www.google.com/travel/flights?tfs=GhwSCjIwMjYtMTItMTYoAGoFEgNUUEVyBRIDTlJUGhwSCjIwMjYtMTItMjIoAGoFEgNOUlRyBRIDVFBFQgEBSAGYAQE=
2026-09-22,2026-12-16,2026-12-22,outbound,China Airlines,"9:30 AM on Wed, Dec 16","1:30 PM on Wed, Dec 16",3 hr,0,NT$14403,round_trip,TRUE,FALSE,typical,https://www.google.com/travel/flights?tfs=GhwSCjIwMjYtMTItMTYoAGoFEgNUUEVyBRIDTlJUGhwSCjIwMjYtMTItMjIoAGoFEgNOUlRyBRIDVFBFQgEBSAGYAQE=
2026-09-22,2026-12-16,2026-12-22,outbound,STARLUX Airlines,"10:10 AM on Wed, Dec 16","2:20 PM on Wed, Dec 16",3 hr 10 min,0,NT$14515,round_trip,TRUE,FALSE,typical,https://www.google.com/travel/flights?tfs=GhwSCjIwMjYtMTItMTYoAGoFEgNUUEVyBRIDTlJUGhwSCjIwMjYtMTItMjIoAGoFEgNOUlRyBRIDVFBFQgEBSAGYAQE=
2026-09-22,2026-12-16,2026-12-22,outbound,STARLUX Airlines,"8:25 AM on Wed, Dec 16","12:35 PM on Wed, Dec 16",3 hr 10 min,0,NT$15139,round_trip,TRUE,FALSE,typical,https://www.google.com/travel/flights?tfs=GhwSCjIwMjYtMTItMTYoAGoFEgNUUEVyBRIDTlJUGhwSCjIwMjYtMTItMjIoAGoFEgNOUlRyBRIDVFBFQgEBSAGYAQE=
2026-09-22,2026-12-16,2026-12-22,outbound,EVA Air,"7:55 AM on Wed, Dec 16","12:00 PM on Wed, Dec 16",3 hr 5 min,0,NT$15318,round_trip,TRUE,FALSE,typical,https://www.google.com/travel/flights?tfs=GhwSCjIwMjYtMTItMTYoAGoFEgNUUEVyBRIDTlJUGhwSCjIwMjYtMTItMjIoAGoFEgNOUlRyBRIDVFBFQgEBSAGYAQE=
2026-09-22,2026-12-16,2026-12-22,outbound,EVA Air,"8:50 AM on Wed, Dec 16","12:55 PM on Wed, Dec 16",3 hr 5 min,0,NT$15318,round_trip,TRUE,FALSE,typical,https://www.google.com/travel/flights?tfs=GhwSCjIwMjYtMTItMTYoAGoFEgNUUEVyBRIDTlJUGhwSCjIwMjYtMTItMjIoAGoFEgNOUlRyBRIDVFBFQgEBSAGYAQE=
2026-09-22,2026-12-16,2026-12-22,outbound,China Airlines,"2:25 PM on Wed, Dec 16","6:30 PM on Wed, Dec 16",3 hr 5 min,0,NT$15547,round_trip,FALSE,FALSE,typical,https://www.google.com/travel/flights?tfs=GhwSCjIwMjYtMTItMTYoAGoFEgNUUEVyBRIDTlJUGhwSCjIwMjYtMTItMjIoAGoFEgNOUlRyBRIDVFBFQgEBSAGYAQE=
2026-09-22,2026-12-16,2026-12-22,return,EVA Air,"1:00 PM on Tue, Dec 22","4:05 PM on Tue, Dec 22",4 hr 5 min,0,NT$7339,one_way,FALSE,FALSE,typical,https://www.google.com/travel/flights?tfs=GhwSCjIwMjYtMTItMjIoAGoFEgNOUlRyBRIDVFBFQgEBSAGYAQI=
2026-09-22,2026-12-16,2026-12-22,return,China Airlines,"9:20 AM on Tue, Dec 22","12:30 PM on Tue, Dec 22",4 hr 10 min,0,NT$7762,one_way,FALSE,FALSE,typical,https://www.google.com/travel/flights?tfs=GhwSCjIwMjYtMTItMjIoAGoFEgNOUlRyBRIDVFBFQgEBSAGYAQI=
2026-09-22,2026-12-16,2026-12-22,return,Cathay Pacific,"3:30 PM on Tue, Dec 22","6:35 PM on Tue, Dec 22",4 hr 5 min,0,NT$8428,one_way,FALSE,FALSE,typical,https://www.google.com/travel/flights?tfs=GhwSCjIwMjYtMTItMjIoAGoFEgNOUlRyBRIDVFBFQgEBSAGYAQI=
2026-09-22,2026-12-16,2026-12-22,return,STARLUX Airlines,"1:45 PM on Tue, Dec 22","4:50 PM on Tue, Dec 22",4 hr 5 min,0,NT$8533,one_way,FALSE,FALSE,typical,https://www.google.com/travel/flights?tfs=GhwSCjIwMjYtMTItMjIoAGoFEgNOUlRyBRIDVFBFQgEBSAGYAQI=
2026-09-22,2026-12-16,2026-12-22,return,JAL,"6:05 PM on Tue, Dec 22","9:15 PM on Tue, Dec 22",4 hr 10 min,0,NT$8692,one_way,FALSE,FALSE,typical,https://www.google.com/travel/flights?tfs=GhwSCjIwMjYtMTItMjIoAGoFEgNOUlRyBRIDVFBFQgEBSAGYAQI=
2026-09-22,2026-12-16,2026-12-22,return,EVA Air,"2:00 PM on Tue, Dec 22","5:05 PM on Tue, Dec 22",4 hr 5 min,0,NT$9010,one_way,FALSE,FALSE,typical,https://www.google.com/travel/flights?tfs=GhwSCjIwMjYtMTItMjIoAGoFEgNOUlRyBRIDVFBFQgEBSAGYAQI=
2026-09-22,2026-12-16,2026-12-22,return,EVA Air,"8:20 PM on Tue, Dec 22","11:25 PM on Tue, Dec 22",4 hr 5 min,0,NT$9010,one_way,TRUE,FALSE,typical,https://www.google.com/travel/flights?tfs=GhwSCjIwMjYtMTItMjIoAGoFEgNOUlRyBRIDVFBFQgEBSAGYAQI=
2026-09-22,2026-12-16,2026-12-22,return,STARLUX Airlines,"3:40 PM on Tue, Dec 22","6:45 PM on Tue, Dec 22",4 hr 5 min,0,NT$9540,one_way,FALSE,FALSE,typical,https://www.google.com/travel/flights?tfs=GhwSCjIwMjYtMTItMjIoAGoFEgNOUlRyBRIDVFBFQgEBSAGYAQI=
2026-09-22,2026-12-16,2026-12-22,return,STARLUX Airlines,"8:10 PM on Tue, Dec 22","11:20 PM on Tue, Dec 22",4 hr 10 min,0,NT$9540,one_way,TRUE,FALSE,typical,https://www.google.com/travel/flights?tfs=GhwSCjIwMjYtMTItMjIoAGoFEgNOUlRyBRIDVFBFQgEBSAGYAQI=
2026-09-22,2026-12-16,2026-12-22,return,China Airlines,"2:35 PM on Tue, Dec 22","5:45 PM on Tue, Dec 22",4 hr 10 min,0,NT$11105,one_way,FALSE,FALSE,typical,https://www.google.com/travel/flights?tfs=GhwSCjIwMjYtMTItMjIoAGoFEgNOUlRyBRIDVFBFQgEBSAGYAQI=
2026-09-22,2026-12-16,2026-12-22,return,China Airlines,"5:45 PM on Tue, Dec 22","8:55 PM on Tue, Dec 22",4 hr 10 min,0,NT$13964,one_way,FALSE,FALSE,typical,https://www.google.com/travel/flights?tfs=GhwSCjIwMjYtMTItMjIoAGoFEgNOUlRyBRIDVFBFQgEBSAGYAQI=
2026-09-23,2026-12-17,2026-12-23,outbound,Cathay Pacific,"12:50 PM on Thu, Dec 17","4:50 PM on Thu, Dec 17",3 hr,0,NT$13703,round_trip,TRUE,FALSE,typical,https://www.google.com/travel/flights?tfs=GhwSCjIwMjYtMTItMTcoAGoFEgNUUEVyBRIDTlJUGhwSCjIwMjYtMTItMjMoAGoFEgNOUlRyBRIDVFBFQgEBSAGYAQE=
2026-09-23,2026-12-17,2026-12-23,outbound,China Airlines,"4:25 PM on Thu, Dec 17","8:30 PM on Thu, Dec 17",3 hr 5 min,0,NT$13713,round_trip,FALSE,FALSE,typical,https://www.google.com/travel/flights?tfs=GhwSCjIwMjYtMTItMTcoAGoFEgNUUEVyBRIDTlJUGhwSCjIwMjYtMTItMjMoAGoFEgNOUlRyBRIDVFBFQgEBSAGYAQE=
2026-09-23,2026-12-17,2026-12-23,outbound,STARLUX Airlines,"3:00 PM on Thu, Dec 17","7:00 PM on Thu, Dec 17",3 hr,0,NT$14498,round_trip,FALSE,FALSE,typical,https://www.google.com/travel/flights?tfs=GhwSCjIwMjYtMTItMTcoAGoFEgNUUEVyBRIDTlJUGhwSCjIwMjYtMTItMjMoAGoFEgNOUlRyBRIDVFBFQgEBSAGYAQE=
2026-09-23,2026-12-17,2026-12-23,outbound,EVA Air,"3:20 PM on Thu, Dec 17","7:20 PM on Thu, Dec 17",3 hr,0,NT$14668,round_trip,FALSE,FALSE,typical,https://www.google.com/travel/flights?tfs=GhwSCjIwMjYtMTItMTcoAGoFEgNUUEVyBRIDTlJUGhwSCjIwMjYtMTItMjMoAGoFEgNOUlRyBRIDVFBFQgEBSAGYAQE=
2026-09-23,2026-12-17,2026-12-23,outbound,China Airlines,"9:30 AM on Thu, Dec 17","1:30 PM on Thu, Dec 17",3 hr,0,NT$14698,round_trip,TRUE,FALSE,typical,https://www.google.com/travel/flights?tfs=GhwSCjIwMjYtMTItMTcoAGoFEgNUUEVyBRIDTlJUGhwSCjIwMjYtMTItMjMoAGoFEgNOUlRyBRIDVFBFQgEBSAGYAQE=
2026-09-23,2026-12-17,2026-12-23,outbound,STARLUX Airlines,"10:10 AM on Thu, Dec 17","2:20 PM on Thu, Dec 17",3 hr 10 min,0,NT$14810,round_trip,TRUE,FALSE,typical,https://www.google.com/travel/flights?tfs=GhwSCjIwMjYtMTItMTcoAGoFEgNUUEVyBRIDTlJUGhwSCjIwMjYtMTItMjMoAGoFEgNOUlRyBRIDVFBFQgEBSAGYAQE=
2026-09-23,2026-12-17,2026-12-23,outbound,STARLUX Airlines,"8:25 AM on Thu, Dec 17","12:35 PM on Thu, Dec 17",3 hr 10 min,0,NT$15434,round_trip,TRUE,FALSE,typical,https://www.google.com/travel/flights?tfs=GhwSCjIwMjYtMTItMTcoAGoFEgNUUEVyBRIDTlJUGhwSCjIwMjYtMTItMjMoAGoFEgNOUlRyBRIDVFBFQgEBSAGYAQE=
2026-09-23,2026-12-17,2026-12-23,outbound,EVA Air,"7:55 AM on Thu, Dec 17","12:00 PM on Thu, Dec 17",3 hr 5 min,0,NT$15613,round_trip,TRUE,FALSE,typical,https://www.google.com/travel/flights?tfs=GhwSCjIwMjYtMTItMTcoAGoFEgNUUEVyBRIDTlJUGhwSCjIwMjYtMTItMjMoAGoFEgNOUlRyBRIDVFBFQgEBSAGYAQE=
2026-09-23,2026-12-17,2026-12-23,outbound,EVA Air,"8:50 AM on Thu, Dec 17","12:55 PM on Thu, Dec 17",3 hr 5 min,0,NT$15613,round_trip,TRUE,FALSE,typical,https://www.google.com/travel/flights?tfs=GhwSCjIwMjYtMTItMTcoAGoFEgNUUEVyBRIDTlJUGhwSCjIwMjYtMTItMjMoAGoFEgNOUlRyBRIDVFBFQgEBSAGYAQE=
2026-09-23,2026-12-17,2026-12-23,outbound,China Airlines,"2:25 PM on Thu, Dec 17","6:30 PM on Thu, Dec 17",3 hr 5 min,0,NT$15842,round_trip,FALSE,FALSE,typical,https://www.google.com/travel/flights?tfs=GhwSCjIwMjYtMTItMTcoAGoFEgNUUEVyBRIDTlJUGhwSCjIwMjYtMTItMjMoAGoFEgNOUlRyBRIDVFBFQgEBSAGYAQE=
2026-09-23,2026-12-17,2026-12-23,outbound,China Airlines,"12:35 PM on Thu, Dec 17","4:35 PM on Thu, Dec 17",3 hr,0,NT$16529,round_trip,TRUE,FALSE,typical,https://www.google.com/travel/flights?tfs=GhwSCjIwMjYtMTItMTcoAGoFEgNUUEVyBRIDTlJUGhwSCjIwMjYtMTItMjMoAGoFEgNOUlRyBRIDVFBFQgEBSAGYAQE=
2026-09-23,2026-12-17,2026-12-23,return,EVA Air,"1:00 PM on Wed, Dec 23","4:05 PM on Wed, Dec 23",4 hr 5 min,0,NT$7336,one_way,FALSE,FALSE,typical,https://www.google.com/travel/flights?tfs=GhwSCjIwMjYtMTItMjMoAGoFEgNOUlRyBRIDVFBFQgEBSAGYAQI=
2026-09-23,2026-12-17,2026-12-23,return,China Airlines,"9:20 AM on Wed, Dec 23","12:30 PM on Wed, Dec 23",4 hr 10 min,0,NT$7758,one_way,FALSE,FALSE,typical,https://www.google.com/travel/flights?tfs=GhwSCjIwMjYtMTItMjMoAGoFEgNOUlRyBRIDVFBFQgEBSAGYAQI=
2026-09-23,2026-12-17,2026-12-23,return,Cathay Pacific,"3:30 PM on Wed, Dec 23","6:35 PM on Wed, Dec 23",4 hr 5 min,0,NT$8423,one_way,FALSE,FALSE,typical,https://www.google.com/travel/flights?tfs=GhwSCjIwMjYtMTItMjMoAGoFEgNOUlRyBRIDVFBFQgEBSAGYAQI=
2026-09-23,2026-12-17,2026-12-23,return,STARLUX Airlines,"1:45 PM on Wed, Dec 23","4:50 PM on Wed, Dec 23",4 hr 5 min,0,NT$9535,one_way,FALSE,FALSE,typical,https://www.google.com/travel/flights?tfs=GhwSCjIwMjYtMTItMjMoAGoFEgNOUlRyBRIDVFBFQgEBSAGYAQI=
2026-09-23,2026-12-17,2026-12-23,return,STARLUX Airlines,"3:40 PM on Wed, Dec 23","6:45 PM on Wed, Dec 23",4 hr 5 min,0,NT$9535,one_way,FALSE,FALSE,typical,https://www.google.com/travel/flights?tfs=GhwSCjIwMjYtMTItMjMoAGoFEgNOUlRyBRIDVFBFQgEBSAGYAQI=
2026-09-23,2026-12-17,2026-12-23,return,STARLUX Airlines,"8:10 PM on Wed, Dec 23","11:20 PM on Wed, Dec 23",4 hr 10 min,0,NT$9535,one_way,TRUE,FALSE,typical,https://www.google.com/travel/flights?tfs=GhwSCjIwMjYtMTItMjMoAGoFEgNOUlRyBRIDVFBFQgEBSAGYAQI=
2026-09-23,2026-12-17,2026-12-23,return,EVA Air,"2:00 PM on Wed, Dec 23","5:05 PM on Wed, Dec 23",4 hr 5 min,0,NT$10375,one_way,FALSE,FALSE,typical,https://www.google.com/travel/flights?tfs=GhwSCjIwMjYtMTItMjMoAGoFEgNOUlRyBRIDVFBFQgEBSAGYAQI=
2026-09-23,2026-12-17,2026-12-23,return,EVA Air,"8:20 PM on Wed, Dec 23","11:25 PM on Wed, Dec 23",4 hr 5 min,0,NT$10375,one_way,TRUE,FALSE,typical,https://www.google.com/travel/flights?tfs=GhwSCjIwMjYtMTItMjMoAGoFEgNOUlRyBRIDVFBFQgEBSAGYAQI=
2026-09-23,2026-12-17,2026-12-23,return,China Airlines,"2:35 PM on Wed, Dec 23","5:45 PM on Wed, Dec 23",4 hr 10 min,0,NT$11099,one_way,FALSE,FALSE,typical,https://www.google.com/travel/flights?tfs=GhwSCjIwMjYtMTItMjMoAGoFEgNOUlRyBRIDVFBFQgEBSAGYAQI=
2026-09-23,2026-12-17,2026-12-23,return,China Airlines,"5:45 PM on Wed, Dec 23","8:55 PM on Wed, Dec 23",4 hr 10 min,0,NT$13957,one_way,FALSE,FALSE,typical,https://www.google.com/travel/flights?tfs=GhwSCjIwMjYtMTItMjMoAGoFEgNOUlRyBRIDVFBFQgEBSAGYAQI=
2026-09-23,2026-12-17,2026-12-23,return,China Airlines,"7:30 PM on Wed, Dec 23","10:45 PM on Wed, Dec 23",4 hr 15 min,0,NT$13957,one_way,FALSE,FALSE,typical,https://www.google.com/travel/flights?tfs=GhwSCjIwMjYtMTItMjMoAGoFEgNOUlRyBRIDVFBFQgEBSAGYAQI=
2026-09-23,2026-12-16,2026-12-22,outbound,China Airlines,"4:25 PM on Wed, Dec 16","8:30 PM on Wed, Dec 16",3 hr 5 min,0,NT$13413,round_trip,FALSE,FALSE,typical,https://www.google.com/travel/flights?tfs=GhwSCjIwMjYtMTItMTYoAGoFEgNUUEVyBRIDTlJUGhwSCjIwMjYtMTItMjIoAGoFEgNOUlRyBRIDVFBFQgEBSAGYAQE=
2026-09-23,2026-12-16,2026-12-22,outbound,Cathay Pacific,"12:50 PM on Wed, Dec 16","4:50 PM on Wed, Dec 16",3 hr,0,NT$13478,round_trip,TRUE,FALSE,typical,https://www.google.com/travel/flights?tfs=GhwSCjIwMjYtMTItMTYoAGoFEgNUUEVyBRIDTlJUGhwSCjIwMjYtMTItMjIoAGoFEgNOUlRyBRIDVFBFQgEBSAGYAQE=
2026-09-23,2026-12-16,2026-12-22,outbound,China Airlines,"12:35 PM on Wed, Dec 16","4:35 PM on Wed, Dec 16",3 hr,0,NT$13686,round_trip,TRUE,FALSE,typical,https://www.google.com/travel/flights?tfs=GhwSCjIwMjYtMTItMTYoAGoFEgNUUEVyBRIDTlJUGhwSCjIwMjYtMTItMjIoAGoFEgNOUlRyBRIDVFBFQgEBSAGYAQE=
2026-09-23,2026-12-16,2026-12-22,outbound,STARLUX Airlines,"3:00 PM on Wed, Dec 16","7:00 PM on Wed, Dec 16",3 hr,0,NT$14198,round_trip,FALSE,FALSE,typical,https://www.google.com/travel/flights?tfs=GhwSCjIwMjYtMTItMTYoAGoFEgNUUEVyBRIDTlJUGhwSCjIwMjYtMTItMjIoAGoFEgNOUlRyBRIDVFBFQgEBSAGYAQE=
2026-09-23,2026-12-16,2026-12-22,outbound,EVA Air,"3:20 PM on Wed, Dec 16","7:20 PM on Wed, Dec 16",3 hr,0,NT$14368,round_trip,FALSE,FALSE,typical,https://www.google.com/travel/flights?tfs=GhwSCjIwMjYtMTItMTYoAGoFEgNUUEVyBRIDTlJUGhwSCjIwMjYtMTItMjIoAGoFEgNOUlRyBRIDVFBFQgEBSAGYAQE=
2026-09-23,2026-12-16,2026-12-22,outbound,China Airlines,"9:30 AM on Wed, Dec 16","1:30 PM on Wed, Dec 16",3 hr,0,NT$14398,round_trip,TRUE,FALSE,typical,https://www.google.com/travel/flights?tfs=GhwSCjIwMjYtMTItMTYoAGoFEgNUUEVyBRIDTlJUGhwSCjIwMjYtMTItMjIoAGoFEgNOUlRyBRIDVFBFQgEBSAGYAQE=
2026-09-23,2026-12-16,2026-12-22,outbound,STARLUX Airlines,"10:10 AM on Wed, Dec 16","2:20 PM on Wed, Dec 16",3 hr 10 min,0,NT$14510,round_trip,TRUE,FALSE,typical,https://www.google.com/travel/flights?tfs=GhwSCjIwMjYtMTItMTYoAGoFEgNUUEVyBRIDTlJUGhwSCjIwMjYtMTItMjIoAGoFEgNOUlRyBRIDVFBFQgEBSAGYAQE=
2026-09-23,2026-12-16,2026-12-22,outbound,STARLUX Airlines,"8:25 AM on Wed, Dec 16","12:35 PM on Wed, Dec 16",3 hr 10 min,0,NT$15134,round_trip,TRUE,FALSE,typical,https://www.google.com/travel/flights?tfs=GhwSCjIwMjYtMTItMTYoAGoFEgNUUEVyBRIDTlJUGhwSCjIwMjYtMTItMjIoAGoFEgNOUlRyBRIDVFBFQgEBSAGYAQE=
2026-09-23,2026-12-16,2026-12-22,outbound,EVA Air,"7:55 AM on Wed, Dec 16","12:00 PM on Wed, Dec 16",3 hr 5 min,0,NT$15313,round_trip,TRUE,FALSE,typical,https://www.google.com/travel/flights?tfs=GhwSCjIwMjYtMTItMTYoAGoFEgNUUEVyBRIDTlJUGhwSCjIwMjYtMTItMjIoAGoFEgNOUlRyBRIDVFBFQgEBSAGYAQE=
2026-09-23,2026-12-16,2026-12-22,outbound,EVA Air,"8:50 AM on Wed, Dec 16","12:55 PM on Wed, Dec 16",3 hr 5 min,0,NT$15313,round_trip,TRUE,FALSE,typical,https://www.google.com/travel/flights?tfs=GhwSCjIwMjYtMTItMTYoAGoFEgNUUEVyBRIDTlJUGhwSCjIwMjYtMTItMjIoAGoFEgNOUlRyBRIDVFBFQgEBSAGYAQE=
2026-09-23,2026-12-16,2026-12-22,outbound,China Airlines,"2:25 PM on Wed, Dec 16","6:30 PM on Wed, Dec 16",3 hr 5 min,0,NT$15542,round_trip,FALSE,FALSE,typical,https://www.google.com/travel/flights?tfs=GhwSCjIwMjYtMTItMTYoAGoFEgNUUEVyBRIDTlJUGhwSCjIwMjYtMTItMjIoAGoFEgNOUlRyBRIDVFBFQgEBSAGYAQE=
2026-09-23,2026-12-16,2026-12-22,return,STARLUX Airlines,"1:45 PM on Tue, Dec 22","4:50 PM on Tue, Dec 22",4 hr 5 min,0,NT$7422,one_way,FALSE,TRUE,typical,https://www.google.com/travel/flights?tfs=GhwSCjIwMjYtMTItMjIoAGoFEgNOUlRyBRIDVFBFQgEBSAGYAQI=
2026-09-23,2026-12-16,2026-12-22,return,EVA Air,"1:00 PM on Tue, Dec 22","4:05 PM on Tue, Dec 22",4 hr 5 min,0,NT$7336,one_way,FALSE,FALSE,typical,https://www.google.com/travel/flights?tfs=GhwSCjIwMjYtMTItMjIoAGoFEgNOUlRyBRIDVFBFQgEBSAGYAQI=
2026-09-23,2026-12-16,2026-12-22,return,STARLUX Airlines,"8:10 PM on Tue, Dec 22","11:20 PM on Tue, Dec 22",4 hr 10 min,0,NT$7422,one_way,TRUE,FALSE,typical,https://www.google.com/travel/flights?tfs=GhwSCjIwMjYtMTItMjIoAGoFEgNOUlRyBRIDVFBFQgEBSAGYAQI=
2026-09-23,2026-12-16,2026-12-22,return,China Airlines,"9:20 AM on Tue, Dec 22","12:30 PM on Tue, Dec 22",4 hr 10 min,0,NT$7758,one_way,FALSE,FALSE,typical,https://www.google.com/travel/flights?tfs=GhwSCjIwMjYtMTItMjIoAGoFEgNOUlRyBRIDVFBFQgEBSAGYAQI=
2026-09-23,2026-12-16,2026-12-22,return,Cathay Pacific,"3:30 PM on Tue, Dec 22","6:35 PM on Tue, Dec 22",4 hr 5 min,0,NT$8423,one_way,FALSE,FALSE,typical,https://www.google.com/travel/flights?tfs=GhwSCjIwMjYtMTItMjIoAGoFEgNOUlRyBRIDVFBFQgEBSAGYAQI=
2026-09-23,2026-12-16,2026-12-22,return,STARLUX Airlines,"3:40 PM on Tue, Dec 22","6:45 PM on Tue, Dec 22",4 hr 5 min,0,NT$8529,one_way,FALSE,FALSE,typical,https://www.google.com/travel/flights?tfs=GhwSCjIwMjYtMTItMjIoAGoFEgNOUlRyBRIDVFBFQgEBSAGYAQI=
2026-09-23,2026-12-16,2026-12-22,return,JAL,"6:05 PM on Tue, Dec 22","9:15 PM on Tue, Dec 22",4 hr 10 min,0,NT$8686,one_way,FALSE,FALSE,typical,https://www.google.com/travel/flights?tfs=GhwSCjIwMjYtMTItMjIoAGoFEgNOUlRyBRIDVFBFQgEBSAGYAQI=
2026-09-23,2026-12-16,2026-12-22,return,EVA Air,"2:00 PM on Tue, Dec 22","5:05 PM on Tue, Dec 22",4 hr 5 min,0,NT$9006,one_way,FALSE,FALSE,typical,https://www.google.com/travel/flights?tfs=GhwSCjIwMjYtMTItMjIoAGoFEgNOUlRyBRIDVFBFQgEBSAGYAQI=
2026-09-23,2026-12-16,2026-12-22,return,EVA Air,"8:20 PM on Tue, Dec 22","11:25 PM on Tue, Dec 22",4 hr 5 min,0,NT$9006,one_way,TRUE,FALSE,typical,https://www.google.com/travel/flights?tfs=GhwSCjIwMjYtMTItMjIoAGoFEgNOUlRyBRIDVFBFQgEBSAGYAQI=
2026-09-23,2026-12-16,2026-12-22,return,China Airlines,"2:35 PM on Tue, Dec 22","5:45 PM on Tue, Dec 22",4 hr 10 min,0,NT$11099,one_way,FALSE,FALSE,typical,https://www.google.com/travel/flights?tfs=GhwSCjIwMjYtMTItMjIoAGoFEgNOUlRyBRIDVFBFQgEBSAGYAQI=
2026-09-23,2026-12-16,2026-12-22,return,China Airlines,"5:45 PM on Tue, Dec 22","8:55 PM on Tue, Dec 22",4 hr 10 min,0,NT$13957,one_way,FALSE,FALSE,typical,https://www.google.com/travel/flights?tfs=GhwSCjIwMjYtMTItMjIoAGoFEgNOUlRyBRIDVFBFQgEBSAGYAQI=
2026-09-24,2026-12-17,2026-12-23,outbound,China Airlines,"4:25 PM on Thu, Dec 17","8:30 PM on Thu, Dec 17",3 hr 5 min,0,NT$13714,round_trip,FALSE,FALSE,typical,https://www.google.com/travel/flights?tfs=GhwSCjIwMjYtMTItMTcoAGoFEgNUUEVyBRIDTlJUGhwSCjIwMjYtMTItMjMoAGoFEgNOUlRyBRIDVFBFQgEBSAGYAQE=
2026-09-24,2026-12-17,2026-12-23,outbound,Cathay Pacific,"12:50 PM on Thu, Dec 17","4:50 PM on Thu, Dec 17",3 hr,0,NT$13916,round_trip,TRUE,FALSE,typical,https://www.google.com/travel/flights?tfs=GhwSCjIwMjYtMTItMTcoAGoFEgNUUEVyBRIDTlJUGhwSCjIwMjYtMTItMjMoAGoFEgNOUlRyBRIDVFBFQgEBSAGYAQE=
2026-09-24,2026-12-17,2026-12-23,outbound,STARLUX Airlines,"3:00 PM on Thu, Dec 17","7:00 PM on Thu, Dec 17",3 hr,0,NT$14500,round_trip,FALSE,FALSE,typical,https://www.google.com/travel/flights?tfs=GhwSCjIwMjYtMTItMTcoAGoFEgNUUEVyBRIDTlJUGhwSCjIwMjYtMTItMjMoAGoFEgNOUlRyBRIDVFBFQgEBSAGYAQE=
2026-09-24,2026-12-17,2026-12-23,outbound,EVA Air,"3:20 PM on Thu, Dec 17","7:20 PM on Thu, Dec 17",3 hr,0,NT$14669,round_trip,FALSE,FALSE,typical,https://www.google.com/travel/flights?tfs=GhwSCjIwMjYtMTItMTcoAGoFEgNUUEVyBRIDTlJUGhwSCjIwMjYtMTItMjMoAGoFEgNOUlRyBRIDVFBFQgEBSAGYAQE=
2026-09-24,2026-12-17,2026-12-23,outbound,STARLUX Airlines,"10:10 AM on Thu, Dec 17","2:20 PM on Thu, Dec 17",3 hr 10 min,0,NT$14812,round_trip,TRUE,FALSE,typical,https://www.google.com/travel/flights?tfs=GhwSCjIwMjYtMTItMTcoAGoFEgNUUEVyBRIDTlJUGhwSCjIwMjYtMTItMjMoAGoFEgNOUlRyBRIDVFBFQgEBSAGYAQE=
2026-09-24,2026-12-17,2026-12-23,outbound,China Airlines,"9:30 AM on Thu, Dec 17","1:30 PM on Thu, Dec 17",3 hr,0,NT$15314,round_trip,TRUE,FALSE,typical,https://www.google.com/travel/flights?tfs=GhwSCjIwMjYtMTItMTcoAGoFEgNUUEVyBRIDTlJUGhwSCjIwMjYtMTItMjMoAGoFEgNOUlRyBRIDVFBFQgEBSAGYAQE=
2026-09-24,2026-12-17,2026-12-23,outbound,STARLUX Airlines,"8:25 AM on Thu, Dec 17","12:35 PM on Thu, Dec 17",3 hr 10 min,0,NT$15436,round_trip,TRUE,FALSE,typical,https://www.google.com/travel/flights?tfs=GhwSCjIwMjYtMTItMTcoAGoFEgNUUEVyBRIDTlJUGhwSCjIwMjYtMTItMjMoAGoFEgNOUlRyBRIDVFBFQgEBSAGYAQE=
2026-09-24,2026-12-17,2026-12-23,outbound,EVA Air,"7:55 AM on Thu, Dec 17","12:00 PM on Thu, Dec 17",3 hr 5 min,0,NT$15614,round_trip,TRUE,FALSE,typical,https://www.google.com/travel/flights?tfs=GhwSCjIwMjYtMTItMTcoAGoFEgNUUEVyBRIDTlJUGhwSCjIwMjYtMTItMjMoAGoFEgNOUlRyBRIDVFBFQgEBSAGYAQE=
2026-09-24,2026-12-17,2026-12-23,outbound,EVA Air,"8:50 AM on Thu, Dec 17","12:55 PM on Thu, Dec 17",3 hr 5 min,0,NT$15614,round_trip,TRUE,FALSE,typical,https://www.google.com/travel/flights?tfs=GhwSCjIwMjYtMTItMTcoAGoFEgNUUEVyBRIDTlJUGhwSCjIwMjYtMTItMjMoAGoFEgNOUlRyBRIDVFBFQgEBSAGYAQE=
2026-09-24,2026-12-17,2026-12-23,outbound,China Airlines,"2:25 PM on Thu, Dec 17","6:30 PM on Thu, Dec 17",3 hr 5 min,0,NT$15843,round_trip,FALSE,FALSE,typical,https://www.google.com/travel/flights?tfs=GhwSCjIwMjYtMTItMTcoAGoFEgNUUEVyBRIDTlJUGhwSCjIwMjYtMTItMjMoAGoFEgNOUlRyBRIDVFBFQgEBSAGYAQE=
2026-09-24,2026-12-17,2026-12-23,outbound,China Airlines,"12:35 PM on Thu, Dec 17","4:35 PM on Thu, Dec 17",3 hr,0,NT$16530,round_trip,TRUE,FALSE,typical,https://www.google.com/travel/flights?tfs=GhwSCjIwMjYtMTItMTcoAGoFEgNUUEVyBRIDTlJUGhwSCjIwMjYtMTItMjMoAGoFEgNOUlRyBRIDVFBFQgEBSAGYAQE=
2026-09-24,2026-12-17,2026-12-23,return,STARLUX Airlines,"1:45 PM on Wed, Dec 23","4:50 PM on Wed, Dec 23",4 hr 5 min,0,NT$7434,one_way,FALSE,TRUE,typical,https://www.google.com/travel/flights?tfs=GhwSCjIwMjYtMTItMjMoAGoFEgNOUlRyBRIDVFBFQgEBSAGYAQI=
2026-09-24,2026-12-17,2026-12-23,return,EVA Air,"1:00 PM on Wed, Dec 23","4:05 PM on Wed, Dec 23",4 hr 5 min,0,NT$7347,one_way,FALSE,FALSE,typical,https://www.google.com/travel/flights?tfs=GhwSCjIwMjYtMTItMjMoAGoFEgNOUlRyBRIDVFBFQgEBSAGYAQI=
2026-09-24,2026-12-17,2026-12-23,return,STARLUX Airlines,"3:40 PM on Wed, Dec 23","6:45 PM on Wed, Dec 23",4 hr 5 min,0,NT$7434,one_way,FALSE,FALSE,typical,https://www.google.com/travel/flights?tfs=GhwSCjIwMjYtMTItMjMoAGoFEgNOUlRyBRIDVFBFQgEBSAGYAQI=
2026-09-24,2026-12-17,2026-12-23,return,STARLUX Airlines,"8:10 PM on Wed, Dec 23","11:20 PM on Wed, Dec 23",4 hr 10 min,0,NT$7434,one_way,TRUE,FALSE,typical,https://www.google.com/travel/flights?tfs=GhwSCjIwMjYtMTItMjMoAGoFEgNOUlRyBRIDVFBFQgEBSAGYAQI=
2026-09-24,2026-12-17,2026-12-23,return,China Airlines,"9:20 AM on Wed, Dec 23","12:30 PM on Wed, Dec 23",4 hr 10 min,0,NT$7770,one_way,FALSE,FALSE,typical,https://www.google.com/travel/flights?tfs=GhwSCjIwMjYtMTItMjMoAGoFEgNOUlRyBRIDVFBFQgEBSAGYAQI=
2026-09-24,2026-12-17,2026-12-23,return,Cathay Pacific,"3:30 PM on Wed, Dec 23","6:35 PM on Wed, Dec 23",4 hr 5 min,0,NT$8433,one_way,FALSE,FALSE,typical,https://www.google.com/travel/flights?tfs=GhwSCjIwMjYtMTItMjMoAGoFEgNOUlRyBRIDVFBFQgEBSAGYAQI=
2026-09-24,2026-12-17,2026-12-23,return,EVA Air,"2:00 PM on Wed, Dec 23","5:05 PM on Wed, Dec 23",4 hr 5 min,0,NT$10389,one_way,FALSE,FALSE,typical,https://www.google.com/travel/flights?tfs=GhwSCjIwMjYtMTItMjMoAGoFEgNOUlRyBRIDVFBFQgEBSAGYAQI=
2026-09-24,2026-12-17,2026-12-23,return,EVA Air,"8:20 PM on Wed, Dec 23","11:25 PM on Wed, Dec 23",4 hr 5 min,0,NT$10389,one_way,TRUE,FALSE,typical,https://www.google.com/travel/flights?tfs=GhwSCjIwMjYtMTItMjMoAGoFEgNOUlRyBRIDVFBFQgEBSAGYAQI=
2026-09-24,2026-12-17,2026-12-23,return,China Airlines,"2:35 PM on Wed, Dec 23","5:45 PM on Wed, Dec 23",4 hr 10 min,0,NT$11115,one_way,FALSE,FALSE,typical,https://www.google.com/travel/flights?tfs=GhwSCjIwMjYtMTItMjMoAGoFEgNOUlRyBRIDVFBFQgEBSAGYAQI=
2026-09-24,2026-12-17,2026-12-23,return,China Airlines,"5:45 PM on Wed, Dec 23","8:55 PM on Wed, Dec 23",4 hr 10 min,0,NT$13976,one_way,FALSE,FALSE,typical,https://www.google.com/travel/flights?tfs=GhwSCjIwMjYtMTItMjMoAGoFEgNOUlRyBRIDVFBFQgEBSAGYAQI=
2026-09-24,2026-12-17,2026-12-23,return,China Airlines,"7:30 PM on Wed, Dec 23","10:45 PM on Wed, Dec 23",4 hr 15 min,0,NT$13976,one_way,FALSE,FALSE,typical,https://www.google.com/travel/flights?tfs=GhwSCjIwMjYtMTItMjMoAGoFEgNOUlRyBRIDVFBFQgEBSAGYAQI=
2026-09-24,2026-12-16,2026-12-22,outbound,China Airlines,"4:25 PM on Wed, Dec 16","8:30 PM on Wed, Dec 16",3 hr 5 min,0,NT$13412,round_trip,FALSE,FALSE,typical,https://www.google.com/travel/flights?tfs=GhwSCjIwMjYtMTItMTYoAGoFEgNUUEVyBRIDTlJUGhwSCjIwMjYtMTItMjIoAGoFEgNOUlRyBRIDVFBFQgEBSAGYAQE=
2026-09-24,2026-12-16,2026-12-22,outbound,China Airlines,"12:35 PM on Wed, Dec 16","4:35 PM on Wed, Dec 16",3 hr,0,NT$13685,round_trip,TRUE,FALSE,typical,https://www.google.com/travel/flights?tfs=GhwSCjIwMjYtMTItMTYoAGoFEgNUUEVyBRIDTlJUGhwSCjIwMjYtMTItMjIoAGoFEgNOUlRyBRIDVFBFQgEBSAGYAQE=
2026-09-24,2026-12-16,2026-12-22,outbound,Cathay Pacific,"12:50 PM on Wed, Dec 16","4:50 PM on Wed, Dec 16",3 hr,0,NT$13691,round_trip,TRUE,FALSE,typical,https://www.google.com/travel/flights?tfs=GhwSCjIwMjYtMTItMTYoAGoFEgNUUEVyBRIDTlJUGhwSCjIwMjYtMTItMjIoAGoFEgNOUlRyBRIDVFBFQgEBSAGYAQE=
2026-09-24,2026-12-16,2026-12-22,outbound,STARLUX Airlines,"3:00 PM on Wed, Dec 16","7:00 PM on Wed, Dec 16",3 hr,0,NT$14198,round_trip,FALSE,FALSE,typical,https://www.google.com/travel/flights?tfs=GhwSCjIwMjYtMTItMTYoAGoFEgNUUEVyBRIDTlJUGhwSCjIwMjYtMTItMjIoAGoFEgNOUlRyBRIDVFBFQgEBSAGYAQE=
2026-09-24,2026-12-16,2026-12-22,outbound,EVA Air,"3:20 PM on Wed, Dec 16","7:20 PM on Wed, Dec 16",3 hr,0,NT$14367,round_trip,FALSE,FALSE,typical,https://www.google.com/travel/flights?tfs=GhwSCjIwMjYtMTItMTYoAGoFEgNUUEVyBRIDTlJUGhwSCjIwMjYtMTItMjIoAGoFEgNOUlRyBRIDVFBFQgEBSAGYAQE=
2026-09-24,2026-12-16,2026-12-22,outbound,China Airlines,"9:30 AM on Wed, Dec 16","1:30 PM on Wed, Dec 16",3 hr,0,NT$14397,round_trip,TRUE,FALSE,typical,https://www.google.com/travel/flights?tfs=GhwSCjIwMjYtMTItMTYoAGoFEgNUUEVyBRIDTlJUGhwSCjIwMjYtMTItMjIoAGoFEgNOUlRyBRIDVFBFQgEBSAGYAQE=
2026-09-24,2026-12-16,2026-12-22,outbound,STARLUX Airlines,"10:10 AM on Wed, Dec 16","2:20 PM on Wed, Dec 16",3 hr 10 min,0,NT$14510,round_trip,TRUE,FALSE,typical,https://www.google.com/travel/flights?tfs=GhwSCjIwMjYtMTItMTYoAGoFEgNUUEVyBRIDTlJUGhwSCjIwMjYtMTItMjIoAGoFEgNOUlRyBRIDVFBFQgEBSAGYAQE=
2026-09-24,2026-12-16,2026-12-22,outbound,China Airlines,"2:25 PM on Wed, Dec 16","6:30 PM on Wed, Dec 16",3 hr 5 min,0,NT$14917,round_trip,FALSE,FALSE,typical,https://www.google.com/travel/flights?tfs=GhwSCjIwMjYtMTItMTYoAGoFEgNUUEVyBRIDTlJUGhwSCjIwMjYtMTItMjIoAGoFEgNOUlRyBRIDVFBFQgEBSAGYAQE=
2026-09-24,2026-12-16,2026-12-22,outbound,STARLUX Airlines,"8:25 AM on Wed, Dec 16","12:35 PM on Wed, Dec 16",3 hr 10 min,0,NT$15134,round_trip,TRUE,FALSE,typical,https://www.google.com/travel/flights?tfs=GhwSCjIwMjYtMTItMTYoAGoFEgNUUEVyBRIDTlJUGhwSCjIwMjYtMTItMjIoAGoFEgNOUlRyBRIDVFBFQgEBSAGYAQE=
2026-09-24,2026-12-16,2026-12-22,outbound,EVA Air,"7:55 AM on Wed, Dec 16","12:00 PM on Wed, Dec 16",3 hr 5 min,0,NT$15312,round_trip,TRUE,FALSE,typical,https://www.google.com/travel/flights?tfs=GhwSCjIwMjYtMTItMTYoAGoFEgNUUEVyBRIDTlJUGhwSCjIwMjYtMTItMjIoAGoFEgNOUlRyBRIDVFBFQgEBSAGYAQE=
2026-09-24,2026-12-16,2026-12-22,outbound,EVA Air,"8:50 AM on Wed, Dec 16","12:55 PM on Wed, Dec 16",3 hr 5 min,0,NT$15312,round_trip,TRUE,FALSE,typical,https://www.google.com/travel/flights?tfs=GhwSCjIwMjYtMTItMTYoAGoFEgNUUEVyBRIDTlJUGhwSCjIwMjYtMTItMjIoAGoFEgNOUlRyBRIDVFBFQgEBSAGYAQE=
2026-09-24,2026-12-16,2026-12-22,return,EVA Air,"1:00 PM on Tue, Dec 22","4:05 PM on Tue, Dec 22",4 hr 5 min,0,NT$7347,one_way,FALSE,TRUE,typical,https://www.google.com/travel/flights?tfs=GhwSCjIwMjYtMTItMjIoAGoFEgNOUlRyBRIDVFBFQgEBSAGYAQI=
2026-09-24,2026-12-16,2026-12-22,return,STARLUX Airlines,"1:45 PM on Tue, Dec 22","4:50 PM on Tue, Dec 22",4 hr 5 min,0,NT$7434,one_way,FALSE,TRUE,typical,https://www.google.com/travel/flights?tfs=GhwSCjIwMjYtMTItMjIoAGoFEgNOUlRyBRIDVFBFQgEBSAGYAQI=
2026-09-24,2026-12-16,2026-12-22,return,China Airlines,"9:20 AM on Tue, Dec 22","12:30 PM on Tue, Dec 22",4 hr 10 min,0,NT$7770,one_way,FALSE,FALSE,typical,https://www.google.com/travel/flights?tfs=GhwSCjIwMjYtMTItMjIoAGoFEgNOUlRyBRIDVFBFQgEBSAGYAQI=
2026-09-24,2026-12-16,2026-12-22,return,Cathay Pacific,"3:30 PM on Tue, Dec 22","6:35 PM on Tue, Dec 22",4 hr 5 min,0,NT$8433,one_way,FALSE,FALSE,typical,https://www.google.com/travel/flights?tfs=GhwSCjIwMjYtMTItMjIoAGoFEgNOUlRyBRIDVFBFQgEBSAGYAQI=
2026-09-24,2026-12-16,2026-12-22,return,STARLUX Airlines,"3:40 PM on Tue, Dec 22","6:45 PM on Tue, Dec 22",4 hr 5 min,0,NT$8542,one_way,FALSE,FALSE,typical,https://www.google.com/travel/flights?tfs=GhwSCjIwMjYtMTItMjIoAGoFEgNOUlRyBRIDVFBFQgEBSAGYAQI=
2026-09-24,2026-12-16,2026-12-22,return,STARLUX Airlines,"8:10 PM on Tue, Dec 22","11:20 PM on Tue, Dec 22",4 hr 10 min,0,NT$8542,one_way,TRUE,FALSE,typical,https://www.google.com/travel/flights?tfs=GhwSCjIwMjYtMTItMjIoAGoFEgNOUlRyBRIDVFBFQgEBSAGYAQI=
2026-09-24,2026-12-16,2026-12-22,return,JAL,"6:05 PM on Tue, Dec 22","9:15 PM on Tue, Dec 22",4 hr 10 min,0,NT$8697,one_way,FALSE,FALSE,typical,https://www.google.com/travel/flights?tfs=GhwSCjIwMjYtMTItMjIoAGoFEgNOUlRyBRIDVFBFQgEBSAGYAQI=
2026-09-24,2026-12-16,2026-12-22,return,EVA Air,"2:00 PM on Tue, Dec 22","5:05 PM on Tue, Dec 22",4 hr 5 min,0,NT$9019,one_way,FALSE,FALSE,typical,https://www.google.com/travel/flights?tfs=GhwSCjIwMjYtMTItMjIoAGoFEgNOUlRyBRIDVFBFQgEBSAGYAQI=
2026-09-24,2026-12-16,2026-12-22,return,EVA Air,"8:20 PM on Tue, Dec 22","11:25 PM on Tue, Dec 22",4 hr 5 min,0,NT$9019,one_way,TRUE,FALSE,typical,https://www.google.com/travel/flights?tfs=GhwSCjIwMjYtMTItMjIoAGoFEgNOUlRyBRIDVFBFQgEBSAGYAQI=
2026-09-24,2026-12-16,2026-12-22,return,China Airlines,"2:35 PM on Tue, Dec 22","5:45 PM on Tue, Dec 22",4 hr 10 min,0,NT$11115,one_way,FALSE,FALSE,typical,https://www.google.com/travel/flights?tfs=GhwSCjIwMjYtMTItMjIoAGoFEgNOUlRyBRIDVFBFQgEBSAGYAQI=
2026-09-24,2026-12-16,2026-12-22,return,China Airlines,"5:45 PM on Tue, Dec 22","8:55 PM on Tue, Dec 22",4 hr 10 min,0,NT$13976,one_way,FALSE,FALSE,typical,https://www.google.com/travel/flights?tfs=GhwSCjIwMjYtMTItMjIoAGoFEgNOUlRyBRIDVFBFQgEBSAGYAQI=
2026-09-25,2026-12-17,2026-12-23,outbound,China Airlines,"4:25 PM on Thu, Dec 17","8:30 PM on Thu, Dec 17",3 hr 5 min,0,NT$13700,round_trip,FALSE,FALSE,typical,https://www.google.com/travel/flights?tfs=GhwSCjIwMjYtMTItMTcoAGoFEgNUUEVyBRIDTlJUGhwSCjIwMjYtMTItMjMoAGoFEgNOUlRyBRIDVFBFQgEBSAGYAQE=
2026-09-25,2026-12-17,2026-12-23,outbound,Cathay Pacific,"12:50 PM on Thu, Dec 17","4:50 PM on Thu, Dec 17",3 hr,0,NT$13921,round_trip,TRUE,FALSE,typical,https://www.google.com/travel/flights?tfs=GhwSCjIwMjYtMTItMTcoAGoFEgNUUEVyBRIDTlJUGhwSCjIwMjYtMTItMjMoAGoFEgNOUlRyBRIDVFBFQgEBSAGYAQE=
2026-09-25,2026-12-17,2026-12-23,outbound,STARLUX Airlines,"3:00 PM on Thu, Dec 17","7:00 PM on Thu, Dec 17",3 hr,0,NT$14486,round_trip,FALSE,FALSE,typical,https://www.google.com/travel/flights?tfs=GhwSCjIwMjYtMTItMTcoAGoFEgNUUEVyBRIDTlJUGhwSCjIwMjYtMTItMjMoAGoFEgNOUlRyBRIDVFBFQgEBSAGYAQE=
2026-09-25,2026-12-17,2026-12-23,outbound,EVA Air,"3:20 PM on Thu, Dec 17","7:20 PM on Thu, Dec 17",3 hr,0,NT$14655,round_trip,FALSE,FALSE,typical,https://www.google.com/travel/flights?tfs=GhwSCjIwMjYtMTItMTcoAGoFEgNUUEVyBRIDTlJUGhwSCjIwMjYtMTItMjMoAGoFEgNOUlRyBRIDVFBFQgEBSAGYAQE=
2026-09-25,2026-12-17,2026-12-23,outbound,STARLUX Airlines,"10:10 AM on Thu, Dec 17","2:20 PM on Thu, Dec 17",3 hr 10 min,0,NT$14798,round_trip,TRUE,FALSE,typical,https://www.google.com/travel/flights?tfs=GhwSCjIwMjYtMTItMTcoAGoFEgNUUEVyBRIDTlJUGhwSCjIwMjYtMTItMjMoAGoFEgNOUlRyBRIDVFBFQgEBSAGYAQE=
2026-09-25,2026-12-17,2026-12-23,outbound,China Airlines,"9:30 AM on Thu, Dec 17","1:30 PM on Thu, Dec 17",3 hr,0,NT$15300,round_trip,TRUE,FALSE,typical,https://www.google.com/travel/flights?tfs=GhwSCjIwMjYtMTItMTcoAGoFEgNUUEVyBRIDTlJUGhwSCjIwMjYtMTItMjMoAGoFEgNOUlRyBRIDVFBFQgEBSAGYAQE=
2026-09-25,2026-12-17,2026-12-23,outbound,STARLUX Airlines,"8:25 AM on Thu, Dec 17","12:35 PM on Thu, Dec 17",3 hr 10 min,0,NT$15422,round_trip,TRUE,FALSE,typical,https://www.google.com/travel/flights?tfs=GhwSCjIwMjYtMTItMTcoAGoFEgNUUEVyBRIDTlJUGhwSCjIwMjYtMTItMjMoAGoFEgNOUlRyBRIDVFBFQgEBSAGYAQE=
2026-09-25,2026-12-17,2026-12-23,outbound,EVA Air,"7:55 AM on Thu, Dec 17","12:00 PM on Thu, Dec 17",3 hr 5 min,0,NT$15600,round_trip,TRUE,FALSE,typical,https://www.google.com/travel/flights?tfs=GhwSCjIwMjYtMTItMTcoAGoFEgNUUEVyBRIDTlJUGhwSCjIwMjYtMTItMjMoAGoFEgNOUlRyBRIDVFBFQgEBSAGYAQE=
2026-09-25,2026-12-17,2026-12-23,outbound,EVA Air,"8:50 AM on Thu, Dec 17","12:55 PM on Thu, Dec 17",3 hr 5 min,0,NT$15600,round_trip,TRUE,FALSE,typical,https://www.google.com/travel/flights?tfs=GhwSCjIwMjYtMTItMTcoAGoFEgNUUEVyBRIDTlJUGhwSCjIwMjYtMTItMjMoAGoFEgNOUlRyBRIDVFBFQgEBSAGYAQE=
2026-09-25,2026-12-17,2026-12-23,outbound,China Airlines,"2:25 PM on Thu, Dec 17","6:30 PM on Thu, Dec 17",3 hr 5 min,0,NT$15829,round_trip,FALSE,FALSE,typical,https://www.google.com/travel/flights?tfs=GhwSCjIwMjYtMTItMTcoAGoFEgNUUEVyBRIDTlJUGhwSCjIwMjYtMTItMjMoAGoFEgNOUlRyBRIDVFBFQgEBSAGYAQE=
2026-09-25,2026-12-17,2026-12-23,outbound,China Airlines,"12:35 PM on Thu, Dec 17","4:35 PM on Thu, Dec 17",3 hr,0,NT$16516,round_trip,TRUE,FALSE,typical,https://www.google.com/travel/flights?tfs=GhwSCjIwMjYtMTItMTcoAGoFEgNUUEVyBRIDTlJUGhwSCjIwMjYtMTItMjMoAGoFEgNOUlRyBRIDVFBFQgEBSAGYAQE=
2026-09-25,2026-12-17,2026-12-23,return,EVA Air,"1:00 PM on Wed, Dec 23","4:05 PM on Wed, Dec 23",4 hr 5 min,0,NT$7325,one_way,FALSE,TRUE,typical,https://www.google.com/travel/flights?tfs=GhwSCjIwMjYtMTItMjMoAGoFEgNOUlRyBRIDVFBFQgEBSAGYAQI=
2026-09-25,2026-12-17,2026-12-23,return,STARLUX Airlines,"3:40 PM on Wed, Dec 23","6:45 PM on Wed, Dec 23",4 hr 5 min,0,NT$7409,one_way,FALSE,TRUE,typical,https://www.google.com/travel/flights?tfs=GhwSCjIwMjYtMTItMjMoAGoFEgNOUlRyBRIDVFBFQgEBSAGYAQI=
2026-09-25,2026-12-17,2026-12-23,return,STARLUX Airlines,"8:10 PM on Wed, Dec 23","11:20 PM on Wed, Dec 23",4 hr 10 min,0,NT$7409,one_way,TRUE,FALSE,typical,https://www.google.com/travel/flights?tfs=GhwSCjIwMjYtMTItMjMoAGoFEgNOUlRyBRIDVFBFQgEBSAGYAQI=
2026-09-25,2026-12-17,2026-12-23,return,China Airlines,"9:20 AM on Wed, Dec 23","12:30 PM on Wed, Dec 23",4 hr 10 min,0,NT$7747,one_way,FALSE,FALSE,typical,https://www.google.com/travel/flights?tfs=GhwSCjIwMjYtMTItMjMoAGoFEgNOUlRyBRIDVFBFQgEBSAGYAQI=
2026-09-25,2026-12-17,2026-12-23,return,Cathay Pacific,"3:30 PM on Wed, Dec 23","6:35 PM on Wed, Dec 23",4 hr 5 min,0,NT$8403,one_way,FALSE,FALSE,typical,https://www.google.com/travel/flights?tfs=GhwSCjIwMjYtMTItMjMoAGoFEgNOUlRyBRIDVFBFQgEBSAGYAQI=
2026-09-25,2026-12-17,2026-12-23,return,STARLUX Airlines,"1:45 PM on Wed, Dec 23","4:50 PM on Wed, Dec 23",4 hr 5 min,0,NT$8514,one_way,FALSE,FALSE,typical,https://www.google.com/travel/flights?tfs=GhwSCjIwMjYtMTItMjMoAGoFEgNOUlRyBRIDVFBFQgEBSAGYAQI=
2026-09-25,2026-12-17,2026-12-23,return,EVA Air,"2:00 PM on Wed, Dec 23","5:05 PM on Wed, Dec 23",4 hr 5 min,0,NT$10357,one_way,FALSE,FALSE,typical,https://www.google.com/travel/flights?tfs=GhwSCjIwMjYtMTItMjMoAGoFEgNOUlRyBRIDVFBFQgEBSAGYAQI=
2026-09-25,2026-12-17,2026-12-23,return,EVA Air,"8:20 PM on Wed, Dec 23","11:25 PM on Wed, Dec 23",4 hr 5 min,0,NT$10357,one_way,TRUE,FALSE,typical,https://www.google.com/travel/flights?tfs=GhwSCjIwMjYtMTItMjMoAGoFEgNOUlRyBRIDVFBFQgEBSAGYAQI=
2026-09-25,2026-12-17,2026-12-23,return,China Airlines,"2:35 PM on Wed, Dec 23","5:45 PM on Wed, Dec 23",4 hr 10 min,0,NT$11080,one_way,FALSE,FALSE,typical,https://www.google.com/travel/flights?tfs=GhwSCjIwMjYtMTItMjMoAGoFEgNOUlRyBRIDVFBFQgEBSAGYAQI=
2026-09-25,2026-12-17,2026-12-23,return,China Airlines,"5:45 PM on Wed, Dec 23","8:55 PM on Wed, Dec 23",4 hr 10 min,0,NT$13931,one_way,FALSE,FALSE,typical,https://www.google.com/travel/flights?tfs=GhwSCjIwMjYtMTItMjMoAGoFEgNOUlRyBRIDVFBFQgEBSAGYAQI=
2026-09-25,2026-12-17,2026-12-23,return,China Airlines,"7:30 PM on Wed, Dec 23","10:45 PM on Wed, Dec 23",4 hr 15 min,0,NT$13931,one_way,FALSE,FALSE,typical,https://www.google.com/travel/flights?tfs=GhwSCjIwMjYtMTItMjMoAGoFEgNOUlRyBRIDVFBFQgEBSAGYAQI=
2026-09-25,2026-12-16,2026-12-22,outbound,China Airlines,"4:25 PM on Wed, Dec 16","8:30 PM on Wed, Dec 16",3 hr 5 min,0,NT$13399,round_trip,FALSE,FALSE,typical,https://www.google.com/travel/flights?tfs=GhwSCjIwMjYtMTItMTYoAGoFEgNUUEVyBRIDTlJUGhwSCjIwMjYtMTItMjIoAGoFEgNOUlRyBRIDVFBFQgEBSAGYAQE=
2026-09-25,2026-12-16,2026-12-22,outbound,Cathay Pacific,"12:50 PM on Wed, Dec 16","4:50 PM on Wed, Dec 16",3 hr,0,NT$13471,round_trip,TRUE,FALSE,typical,https://www.google.com/travel/flights?tfs=GhwSCjIwMjYtMTItMTYoAGoFEgNUUEVyBRIDTlJUGhwSCjIwMjYtMTItMjIoAGoFEgNOUlRyBRIDVFBFQgEBSAGYAQE=
2026-09-25,2026-12-16,2026-12-22,outbound,China Airlines,"12:35 PM on Wed, Dec 16","4:35 PM on Wed, Dec 16",3 hr,0,NT$13672,round_trip,TRUE,FALSE,typical,https://www.google.com/travel/flights?tfs=GhwSCjIwMjYtMTItMTYoAGoFEgNUUEVyBRIDTlJUGhwSCjIwMjYtMTItMjIoAGoFEgNOUlRyBRIDVFBFQgEBSAGYAQE=
2026-09-25,2026-12-16,2026-12-22,outbound,STARLUX Airlines,"3:00 PM on Wed, Dec 16","7:00 PM on Wed, Dec 16",3 hr,0,NT$14185,round_trip,FALSE,FALSE,typical,https://www.google.com/travel/flights?tfs=GhwSCjIwMjYtMTItMTYoAGoFEgNUUEVyBRIDTlJUGhwSCjIwMjYtMTItMjIoAGoFEgNOUlRyBRIDVFBFQgEBSAGYAQE=
2026-09-25,2026-12-16,2026-12-22,outbound,EVA Air,"3:20 PM on Wed, Dec 16","7:20 PM on Wed, Dec 16",3 hr,0,NT$14354,round_trip,FALSE,FALSE,typical,https://www.google.com/travel/flights?tfs=GhwSCjIwMjYtMTItMTYoAGoFEgNUUEVyBRIDTlJUGhwSCjIwMjYtMTItMjIoAGoFEgNOUlRyBRIDVFBFQgEBSAGYAQE=
2026-09-25,2026-12-16,2026-12-22,outbound,China Airlines,"9:30 AM on Wed, Dec 16","1:30 PM on Wed, Dec 16",3 hr,0,NT$14384,round_trip,TRUE,FALSE,typical,https://www.google.com/travel/flights?tfs=GhwSCjIwMjYtMTItMTYoAGoFEgNUUEVyBRIDTlJUGhwSCjIwMjYtMTItMjIoAGoFEgNOUlRyBRIDVFBFQgEBSAGYAQE=
2026-09-25,2026-12-16,2026-12-22,outbound,STARLUX Airlines,"10:10 AM on Wed, Dec 16","2:20 PM on Wed, Dec 16",3 hr 10 min,0,NT$14497,round_trip,TRUE,FALSE,typical,https://www.google.com/travel/flights?tfs=GhwSCjIwMjYtMTItMTYoAGoFEgNUUEVyBRIDTlJUGhwSCjIwMjYtMTItMjIoAGoFEgNOUlRyBRIDVFBFQgEBSAGYAQE=
2026-09-25,2026-12-16,2026-12-22,outbound,China Airlines,"2:25 PM on Wed, Dec 16","6:30 PM on Wed, Dec 16",3 hr 5 min,0,NT$14904,round_trip,FALSE,FALSE,typical,https://www.google.com/travel/flights?tfs=GhwSCjIwMjYtMTItMTYoAGoFEgNUUEVyBRIDTlJUGhwSCjIwMjYtMTItMjIoAGoFEgNOUlRyBRIDVFBFQgEBSAGYAQE=
2026-09-25,2026-12-16,2026-12-22,outbound,STARLUX Airlines,"8:25 AM on Wed, Dec 16","12:35 PM on Wed, Dec 16",3 hr 10 min,0,NT$15121,round_trip,TRUE,FALSE,typical,https://www.google.com/travel/flights?tfs=GhwSCjIwMjYtMTItMTYoAGoFEgNUUEVyBRIDTlJUGhwSCjIwMjYtMTItMjIoAGoFEgNOUlRyBRIDVFBFQgEBSAGYAQE=
2026-09-25,2026-12-16,2026-12-22,outbound,EVA Air,"7:55 AM on Wed, Dec 16","12:00 PM on Wed, Dec 16",3 hr 5 min,0,NT$15299,round_trip,TRUE,FALSE,typical,https://www.google.com/travel/flights?tfs=GhwSCjIwMjYtMTItMTYoAGoFEgNUUEVyBRIDTlJUGhwSCjIwMjYtMTItMjIoAGoFEgNOUlRyBRIDVFBFQgEBSAGYAQE=
2026-09-25,2026-12-16,2026-12-22,outbound,EVA Air,"8:50 AM on Wed, Dec 16","12:55 PM on Wed, Dec 16",3 hr 5 min,0,NT$15299,round_trip,TRUE,FALSE,typical,https://www.google.com/travel/flights?tfs=GhwSCjIwMjYtMTItMTYoAGoFEgNUUEVyBRIDTlJUGhwSCjIwMjYtMTItMjIoAGoFEgNOUlRyBRIDVFBFQgEBSAGYAQE=
2026-09-25,2026-12-16,2026-12-22,return,EVA Air,"1:00 PM on Tue, Dec 22","4:05 PM on Tue, Dec 22",4 hr 5 min,0,NT$7325,one_way,FALSE,TRUE,typical,https://www.google.com/travel/flights?tfs=GhwSCjIwMjYtMTItMjIoAGoFEgNOUlRyBRIDVFBFQgEBSAGYAQI=
2026-09-25,2026-12-16,2026-12-22,return,STARLUX Airlines,"1:45 PM on Tue, Dec 22","4:50 PM on Tue, Dec 22",4 hr 5 min,0,NT$7409,one_way,FALSE,TRUE,typical,https://www.google.com/travel/flights?tfs=GhwSCjIwMjYtMTItMjIoAGoFEgNOUlRyBRIDVFBFQgEBSAGYAQI=
2026-09-25,2026-12-16,2026-12-22,return,China Airlines,"9:20 AM on Tue, Dec 22","12:30 PM on Tue, Dec 22",4 hr 10 min,0,NT$7747,one_way,FALSE,FALSE,typical,https://www.google.com/travel/flights?tfs=GhwSCjIwMjYtMTItMjIoAGoFEgNOUlRyBRIDVFBFQgEBSAGYAQI=
2026-09-25,2026-12-16,2026-12-22,return,Cathay Pacific,"3:30 PM on Tue, Dec 22","6:35 PM on Tue, Dec 22",4 hr 5 min,0,NT$8403,one_way,FALSE,FALSE,typical,https://www.google.com/travel/flights?tfs=GhwSCjIwMjYtMTItMjIoAGoFEgNOUlRyBRIDVFBFQgEBSAGYAQI=
2026-09-25,2026-12-16,2026-12-22,return,STARLUX Airlines,"3:40 PM on Tue, Dec 22","6:45 PM on Tue, Dec 22",4 hr 5 min,0,NT$8514,one_way,FALSE,FALSE,typical,https://www.google.com/travel/flights?tfs=GhwSCjIwMjYtMTItMjIoAGoFEgNOUlRyBRIDVFBFQgEBSAGYAQI=
2026-09-25,2026-12-16,2026-12-22,return,STARLUX Airlines,"8:10 PM on Tue, Dec 22","11:20 PM on Tue, Dec 22",4 hr 10 min,0,NT$8514,one_way,TRUE,FALSE,typical,https://www.google.com/travel/flights?tfs=GhwSCjIwMjYtMTItMjIoAGoFEgNOUlRyBRIDVFBFQgEBSAGYAQI=
2026-09-25,2026-12-16,2026-12-22,return,JAL,"6:05 PM on Tue, Dec 22","9:15 PM on Tue, Dec 22",4 hr 10 min,0,NT$8666,one_way,FALSE,FALSE,typical,https://www.google.com/travel/flights?tfs=GhwSCjIwMjYtMTItMjIoAGoFEgNOUlRyBRIDVFBFQgEBSAGYAQI=
2026-09-25,2026-12-16,2026-12-22,return,EVA Air,"2:00 PM on Tue, Dec 22","5:05 PM on Tue, Dec 22",4 hr 5 min,0,NT$8992,one_way,FALSE,FALSE,typical,https://www.google.com/travel/flights?tfs=GhwSCjIwMjYtMTItMjIoAGoFEgNOUlRyBRIDVFBFQgEBSAGYAQI=
2026-09-25,2026-12-16,2026-12-22,return,EVA Air,"8:20 PM on Tue, Dec 22","11:25 PM on Tue, Dec 22",4 hr 5 min,0,NT$10357,one_way,TRUE,FALSE,typical,https://www.google.com/travel/flights?tfs=GhwSCjIwMjYtMTItMjIoAGoFEgNOUlRyBRIDVFBFQgEBSAGYAQI=
2026-09-25,2026-12-16,2026-12-22,return,China Airlines,"2:35 PM on Tue, Dec 22","5:45 PM on Tue, Dec 22",4 hr 10 min,0,NT$11080,one_way,FALSE,FALSE,typical,https://www.google.com/travel/flights?tfs=GhwSCjIwMjYtMTItMjIoAGoFEgNOUlRyBRIDVFBFQgEBSAGYAQI=
2026-09-25,2026-12-16,2026-12-22,return,China Airlines,"5:45 PM on Tue, Dec 22","8:55 PM on Tue, Dec 22",4 hr 10 min,0,NT$13931,one_way,FALSE,FALSE,typical,https://www.google.com/travel/flights?tfs=GhwSCjIwMjYtMTItMjIoAGoFEgNOUlRyBRIDVFBFQgEBSAGYAQI=
2026-09-26,2026-12-17,2026-12-23,outbound,China Airlines,"4:25 PM on Thu, Dec 17","8:30 PM on Thu, Dec 17",3 hr 5 min,0,NT$13728,round_trip,FALSE,FALSE,typical,https://www.google.com/travel/flights?tfs=GhwSCjIwMjYtMTItMTcoAGoFEgNUUEVyBRIDTlJUGhwSCjIwMjYtMTItMjMoAGoFEgNOUlRyBRIDVFBFQgEBSAGYAQE=
2026-09-26,2026-12-17,2026-12-23,outbound,Cathay Pacific,"12:50 PM on Thu, Dec 17","4:50 PM on Thu, Dec 17",3 hr,0,NT$13926,round_trip,TRUE,FALSE,typical,https://www.google.com/travel/flights?tfs=GhwSCjIwMjYtMTItMTcoAGoFEgNUUEVyBRIDTlJUGhwSCjIwMjYtMTItMjMoAGoFEgNOUlRyBRIDVFBFQgEBSAGYAQE=
2026-09-26,2026-12-17,2026-12-23,outbound,STARLUX Airlines,"3:00 PM on Thu, Dec 17","7:00 PM on Thu, Dec 17",3 hr,0,NT$14513,round_trip,FALSE,FALSE,typical,https://www.google.com/travel/flights?tfs=GhwSCjIwMjYtMTItMTcoAGoFEgNUUEVyBRIDTlJUGhwSCjIwMjYtMTItMjMoAGoFEgNOUlRyBRIDVFBFQgEBSAGYAQE=
2026-09-26,2026-12-17,2026-12-23,outbound,EVA Air,"3:20 PM on Thu, Dec 17","7:20 PM on Thu, Dec 17",3 hr,0,NT$14683,round_trip,FALSE,FALSE,typical,https://www.google.com/travel/flights?tfs=GhwSCjIwMjYtMTItMTcoAGoFEgNUUEVyBRIDTlJUGhwSCjIwMjYtMTItMjMoAGoFEgNOUlRyBRIDVFBFQgEBSAGYAQE=
2026-09-26,2026-12-17,2026-12-23,outbound,STARLUX Airlines,"10:10 AM on Thu, Dec 17","2:20 PM on Thu, Dec 17",3 hr 10 min,0,NT$14825,round_trip,TRUE,FALSE,typical,https://www.google.com/travel/flights?tfs=GhwSCjIwMjYtMTItMTcoAGoFEgNUUEVyBRIDTlJUGhwSCjIwMjYtMTItMjMoAGoFEgNOUlRyBRIDVFBFQgEBSAGYAQE=
2026-09-26,2026-12-17,2026-12-23,outbound,China Airlines,"9:30 AM on Thu, Dec 17","1:30 PM on Thu, Dec 17",3 hr,0,NT$15328,round_trip,TRUE,FALSE,typical,https://www.google.com/travel/flights?tfs=GhwSCjIwMjYtMTItMTcoAGoFEgNUUEVyBRIDTlJUGhwSCjIwMjYtMTItMjMoAGoFEgNOUlRyBRIDVFBFQgEBSAGYAQE=
2026-09-26,2026-12-17,2026-12-23,outbound,STARLUX Airlines,"8:25 AM on Thu, Dec 17","12:35 PM on Thu, Dec 17",3 hr 10 min,0,NT$15449,round_trip,TRUE,FALSE,typical,https://www.google.com/travel/flights?tfs=GhwSCjIwMjYtMTItMTcoAGoFEgNUUEVyBRIDTlJUGhwSCjIwMjYtMTItMjMoAGoFEgNOUlRyBRIDVFBFQgEBSAGYAQE=
2026-09-26,2026-12-17,2026-12-23,outbound,EVA Air,"7:55 AM on Thu, Dec 17","12:00 PM on Thu, Dec 17",3 hr 5 min,0,NT$15628,round_trip,TRUE,FALSE,typical,https://www.google.com/travel/flights?tfs=GhwSCjIwMjYtMTItMTcoAGoFEgNUUEVyBRIDTlJUGhwSCjIwMjYtMTItMjMoAGoFEgNOUlRyBRIDVFBFQgEBSAGYAQE=
2026-09-26,2026-12-17,2026-12-23,outbound,EVA Air,"8:50 AM on Thu, Dec 17","12:55 PM on Thu, Dec 17",3 hr 5 min,0,NT$15628,round_trip,TRUE,FALSE,typical,https://www.google.com/travel/flights?tfs=GhwSCjIwMjYtMTItMTcoAGoFEgNUUEVyBRIDTlJUGhwSCjIwMjYtMTItMjMoAGoFEgNOUlRyBRIDVFBFQgEBSAGYAQE=
2026-09-26,2026-12-17,2026-12-23,outbound,China Airlines,"12:35 PM on Thu, Dec 17","4:35 PM on Thu, Dec 17",3 hr,0,NT$16544,round_trip,TRUE,FALSE,typical,https://www.google.com/travel/flights?tfs=GhwSCjIwMjYtMTItMTcoAGoFEgNUUEVyBRIDTlJUGhwSCjIwMjYtMTItMjMoAGoFEgNOUlRyBRIDVFBFQgEBSAGYAQE=
2026-09-26,2026-12-17,2026-12-23,outbound,JAL,"10:40 AM on Thu, Dec 17","2:40 PM on Thu, Dec 17",3 hr,0,NT$16856,round_trip,TRUE,FALSE,typical,https://www.google.com/travel/flights?tfs=GhwSCjIwMjYtMTItMTcoAGoFEgNUUEVyBRIDTlJUGhwSCjIwMjYtMTItMjMoAGoFEgNOUlRyBRIDVFBFQgEBSAGYAQE=
2026-09-26,2026-12-17,2026-12-23,return,EVA Air,"1:00 PM on Wed, Dec 23","4:05 PM on Wed, Dec 23",4 hr 5 min,0,NT$7363,one_way,FALSE,TRUE,typical,https://www.google.com/travel/flights?tfs=GhwSCjIwMjYtMTItMjMoAGoFEgNOUlRyBRIDVFBFQgEBSAGYAQI=
2026-09-26,2026-12-17,2026-12-23,return,STARLUX Airlines,"3:40 PM on Wed, Dec 23","6:45 PM on Wed, Dec 23",4 hr 5 min,0,NT$7448,one_way,FALSE,TRUE,typical,https://www.google.com/travel/flights?tfs=GhwSCjIwMjYtMTItMjMoAGoFEgNOUlRyBRIDVFBFQgEBSAGYAQI=
2026-09-26,2026-12-17,2026-12-23,return,STARLUX Airlines,"8:10 PM on Wed, Dec 23","11:20 PM on Wed, Dec 23",4 hr 10 min,0,NT$7448,one_way,TRUE,FALSE,typical,https://www.google.com/travel/flights?tfs=GhwSCjIwMjYtMTItMjMoAGoFEgNOUlRyBRIDVFBFQgEBSAGYAQI=
2026-09-26,2026-12-17,2026-12-23,return,China Airlines,"9:20 AM on Wed, Dec 23","12:30 PM on Wed, Dec 23",4 hr 10 min,0,NT$7787,one_way,FALSE,FALSE,typical,https://www.google.com/travel/flights?tfs=GhwSCjIwMjYtMTItMjMoAGoFEgNOUlRyBRIDVFBFQgEBSAGYAQI=
2026-09-26,2026-12-17,2026-12-23,return,Cathay Pacific,"3:30 PM on Wed, Dec 23","6:35 PM on Wed, Dec 23",4 hr 5 min,0,NT$8444,one_way,FALSE,FALSE,typical,https://www.google.com/travel/flights?tfs=GhwSCjIwMjYtMTItMjMoAGoFEgNOUlRyBRIDVFBFQgEBSAGYAQI=
2026-09-26,2026-12-17,2026-12-23,return,STARLUX Airlines,"1:45 PM on Wed, Dec 23","4:50 PM on Wed, Dec 23",4 hr 5 min,0,NT$8557,one_way,FALSE,FALSE,typical,https://www.google.com/travel/flights?tfs=GhwSCjIwMjYtMTItMjMoAGoFEgNOUlRyBRIDVFBFQgEBSAGYAQI=
2026-09-26,2026-12-17,2026-12-23,return,EVA Air,"2:00 PM on Wed, Dec 23","5:05 PM on Wed, Dec 23",4 hr 5 min,0,NT$10409,one_way,FALSE,FALSE,typical,https://www.google.com/travel/flights?tfs=GhwSCjIwMjYtMTItMjMoAGoFEgNOUlRyBRIDVFBFQgEBSAGYAQI=
2026-09-26,2026-12-17,2026-12-23,return,EVA Air,"8:20 PM on Wed, Dec 23","11:25 PM on Wed, Dec 23",4 hr 5 min,0,NT$10409,one_way,TRUE,FALSE,typical,https://www.google.com/travel/flights?tfs=GhwSCjIwMjYtMTItMjMoAGoFEgNOUlRyBRIDVFBFQgEBSAGYAQI=
2026-09-26,2026-12-17,2026-12-23,return,China Airlines,"2:35 PM on Wed, Dec 23","5:45 PM on Wed, Dec 23",4 hr 10 min,0,NT$11135,one_way,FALSE,FALSE,typical,https://www.google.com/travel/flights?tfs=GhwSCjIwMjYtMTItMjMoAGoFEgNOUlRyBRIDVFBFQgEBSAGYAQI=
2026-09-26,2026-12-17,2026-12-23,return,China Airlines,"5:45 PM on Wed, Dec 23","8:55 PM on Wed, Dec 23",4 hr 10 min,0,NT$13999,one_way,FALSE,FALSE,typical,https://www.google.com/travel/flights?tfs=GhwSCjIwMjYtMTItMjMoAGoFEgNOUlRyBRIDVFBFQgEBSAGYAQI=
2026-09-26,2026-12-17,2026-12-23,return,China Airlines,"7:30 PM on Wed, Dec 23","10:45 PM on Wed, Dec 23",4 hr 15 min,0,NT$13999,one_way,FALSE,FALSE,typical,https://www.google.com/travel/flights?tfs=GhwSCjIwMjYtMTItMjMoAGoFEgNOUlRyBRIDVFBFQgEBSAGYAQI=
2026-09-26,2026-12-16,2026-12-22,outbound,China Airlines,"4:25 PM on Wed, Dec 16","8:30 PM on Wed, Dec 16",3 hr 5 min,0,NT$13426,round_trip,FALSE,FALSE,typical,https://www.google.com/travel/flights?tfs=GhwSCjIwMjYtMTItMTYoAGoFEgNUUEVyBRIDTlJUGhwSCjIwMjYtMTItMjIoAGoFEgNOUlRyBRIDVFBFQgEBSAGYAQE=
2026-09-26,2026-12-16,2026-12-22,outbound,Cathay Pacific,"12:50 PM on Wed, Dec 16","4:50 PM on Wed, Dec 16",3 hr,0,NT$13476,round_trip,TRUE,FALSE,typical,https://www.google.com/travel/flights?tfs=GhwSCjIwMjYtMTItMTYoAGoFEgNUUEVyBRIDTlJUGhwSCjIwMjYtMTItMjIoAGoFEgNOUlRyBRIDVFBFQgEBSAGYAQE=
2026-09-26,2026-12-16,2026-12-22,outbound,China Airlines,"12:35 PM on Wed, Dec 16","4:35 PM on Wed, Dec 16",3 hr,0,NT$13699,round_trip,TRUE,FALSE,typical,https://www.google.com/travel/flights?tfs=GhwSCjIwMjYtMTItMTYoAGoFEgNUUEVyBRIDTlJUGhwSCjIwMjYtMTItMjIoAGoFEgNOUlRyBRIDVFBFQgEBSAGYAQE=
2026-09-26,2026-12-16,2026-12-22,outbound,STARLUX Airlines,"3:00 PM on Wed, Dec 16","7:00 PM on Wed, Dec 16",3 hr,0,NT$14211,round_trip,FALSE,FALSE,typical,https://www.google.com/travel/flights?tfs=GhwSCjIwMjYtMTItMTYoAGoFEgNUUEVyBRIDTlJUGhwSCjIwMjYtMTItMjIoAGoFEgNOUlRyBRIDVFBFQgEBSAGYAQE=
2026-09-26,2026-12-16,2026-12-22,outbound,EVA Air,"3:20 PM on Wed, Dec 16","7:20 PM on Wed, Dec 16",3 hr,0,NT$14381,round_trip,FALSE,FALSE,typical,https://www.google.com/travel/flights?tfs=GhwSCjIwMjYtMTItMTYoAGoFEgNUUEVyBRIDTlJUGhwSCjIwMjYtMTItMjIoAGoFEgNOUlRyBRIDVFBFQgEBSAGYAQE=
2026-09-26,2026-12-16,2026-12-22,outbound,China Airlines,"9:30 AM on Wed, Dec 16","1:30 PM on Wed, Dec 16",3 hr,0,NT$14411,round_trip,TRUE,FALSE,typical,https://www.google.com/travel/flights?tfs=GhwSCjIwMjYtMTItMTYoAGoFEgNUUEVyBRIDTlJUGhwSCjIwMjYtMTItMjIoAGoFEgNOUlRyBRIDVFBFQgEBSAGYAQE=
2026-09-26,2026-12-16,2026-12-22,outbound,STARLUX Airlines,"10:10 AM on Wed, Dec 16","2:20 PM on Wed, Dec 16",3 hr 10 min,0,NT$14523,round_trip,TRUE,FALSE,typical,https://www.google.com/travel/flights?tfs=GhwSCjIwMjYtMTItMTYoAGoFEgNUUEVyBRIDTlJUGhwSCjIwMjYtMTItMjIoAGoFEgNOUlRyBRIDVFBFQgEBSAGYAQE=
2026-09-26,2026-12-16,2026-12-22,outbound,STARLUX Airlines,"8:25 AM on Wed, Dec 16","12:35 PM on Wed, Dec 16",3 hr 10 min,0,NT$15147,round_trip,TRUE,FALSE,typical,https://www.google.com/travel/flights?tfs=GhwSCjIwMjYtMTItMTYoAGoFEgNUUEVyBRIDTlJUGhwSCjIwMjYtMTItMjIoAGoFEgNOUlRyBRIDVFBFQgEBSAGYAQE=
2026-09-26,2026-12-16,2026-12-22,outbound,EVA Air,"7:55 AM on Wed, Dec 16","12:00 PM on Wed, Dec 16",3 hr 5 min,0,NT$15326,round_trip,TRUE,FALSE,typical,https://www.google.com/travel/flights?tfs=GhwSCjIwMjYtMTItMTYoAGoFEgNUUEVyBRIDTlJUGhwSCjIwMjYtMTItMjIoAGoFEgNOUlRyBRIDVFBFQgEBSAGYAQE=
2026-09-26,2026-12-16,2026-12-22,outbound,EVA Air,"8:50 AM on Wed, Dec 16","12:55 PM on Wed, Dec 16",3 hr 5 min,0,NT$15326,round_trip,TRUE,FALSE,typical,https://www.google.com/travel/flights?tfs=GhwSCjIwMjYtMTItMTYoAGoFEgNUUEVyBRIDTlJUGhwSCjIwMjYtMTItMjIoAGoFEgNOUlRyBRIDVFBFQgEBSAGYAQE=
2026-09-26,2026-12-16,2026-12-22,outbound,China Airlines,"2:25 PM on Wed, Dec 16","6:30 PM on Wed, Dec 16",3 hr 5 min,0,NT$15555,round_trip,FALSE,FALSE,typical,https://www.google.com/travel/flights?tfs=GhwSCjIwMjYtMTItMTYoAGoFEgNUUEVyBRIDTlJUGhwSCjIwMjYtMTItMjIoAGoFEgNOUlRyBRIDVFBFQgEBSAGYAQE=
2026-09-26,2026-12-16,2026-12-22,return,EVA Air,"1:00 PM on Tue, Dec 22","4:05 PM on Tue, Dec 22",4 hr 5 min,0,NT$7363,one_way,FALSE,TRUE,typical,https://www.google.com/travel/flights?tfs=GhwSCjIwMjYtMTItMjIoAGoFEgNOUlRyBRIDVFBFQgEBSAGYAQI=
2026-09-26,2026-12-16,2026-12-22,return,STARLUX Airlines,"1:45 PM on Tue, Dec 22","4:50 PM on Tue, Dec 22",4 hr 5 min,0,NT$7448,one_way,FALSE,TRUE,typical,https://www.google.com/travel/flights?tfs=GhwSCjIwMjYtMTItMjIoAGoFEgNOUlRyBRIDVFBFQgEBSAGYAQI=
2026-09-26,2026-12-16,2026-12-22,return,China Airlines,"9:20 AM on Tue, Dec 22","12:30 PM on Tue, Dec 22",4 hr 10 min,0,NT$7787,one_way,FALSE,FALSE,typical,https://www.google.com/travel/flights?tfs=GhwSCjIwMjYtMTItMjIoAGoFEgNOUlRyBRIDVFBFQgEBSAGYAQI=
2026-09-26,2026-12-16,2026-12-22,return,Cathay Pacific,"3:30 PM on Tue, Dec 22","6:35 PM on Tue, Dec 22",4 hr 5 min,0,NT$8444,one_way,FALSE,FALSE,typical,https://www.google.com/travel/flights?tfs=GhwSCjIwMjYtMTItMjIoAGoFEgNOUlRyBRIDVFBFQgEBSAGYAQI=
2026-09-26,2026-12-16,2026-12-22,return,STARLUX Airlines,"3:40 PM on Tue, Dec 22","6:45 PM on Tue, Dec 22",4 hr 5 min,0,NT$8557,one_way,FALSE,FALSE,typical,https://www.google.com/travel/flights?tfs=GhwSCjIwMjYtMTItMjIoAGoFEgNOUlRyBRIDVFBFQgEBSAGYAQI=
2026-09-26,2026-12-16,2026-12-22,return,STARLUX Airlines,"8:10 PM on Tue, Dec 22","11:20 PM on Tue, Dec 22",4 hr 10 min,0,NT$8557,one_way,TRUE,FALSE,typical,https://www.google.com/travel/flights?tfs=GhwSCjIwMjYtMTItMjIoAGoFEgNOUlRyBRIDVFBFQgEBSAGYAQI=
2026-09-26,2026-12-16,2026-12-22,return,JAL,"6:05 PM on Tue, Dec 22","9:15 PM on Tue, Dec 22",4 hr 10 min,0,NT$8707,one_way,FALSE,FALSE,typical,https://www.google.com/travel/flights?tfs=GhwSCjIwMjYtMTItMjIoAGoFEgNOUlRyBRIDVFBFQgEBSAGYAQI=
2026-09-26,2026-12-16,2026-12-22,return,EVA Air,"2:00 PM on Tue, Dec 22","5:05 PM on Tue, Dec 22",4 hr 5 min,0,NT$9037,one_way,FALSE,FALSE,typical,https://www.google.com/travel/flights?tfs=GhwSCjIwMjYtMTItMjIoAGoFEgNOUlRyBRIDVFBFQgEBSAGYAQI=
2026-09-26,2026-12-16,2026-12-22,return,EVA Air,"8:20 PM on Tue, Dec 22","11:25 PM on Tue, Dec 22",4 hr 5 min,0,NT$10409,one_way,TRUE,FALSE,typical,https://www.google.com/travel/flights?tfs=GhwSCjIwMjYtMTItMjIoAGoFEgNOUlRyBRIDVFBFQgEBSAGYAQI=
2026-09-26,2026-12-16,2026-12-22,return,China Airlines,"2:35 PM on Tue, Dec 22","5:45 PM on Tue, Dec 22",4 hr 10 min,0,NT$11135,one_way,FALSE,FALSE,typical,https://www.google.com/travel/flights?tfs=GhwSCjIwMjYtMTItMjIoAGoFEgNOUlRyBRIDVFBFQgEBSAGYAQI=
2026-09-26,2026-12-16,2026-12-22,return,China Airlines,"5:45 PM on Tue, Dec 22","8:55 PM on Tue, Dec 22",4 hr 10 min,0,NT$13999,one_way,FALSE,FALSE,typical,https://www.google.com/travel/flights?tfs=GhwSCjIwMjYtMTItMjIoAGoFEgNOUlRyBRIDVFBFQgEBSAGYAQI=
2026-09-27,2026-12-17,2026-12-23,outbound,Cathay Pacific,"12:50 PM on Thu, Dec 17","4:50 PM on Thu, Dec 17",3 hr,0,NT$13701,round_trip,TRUE,FALSE,typical,https://www.google.com/travel/flights?tfs=GhwSCjIwMjYtMTItMTcoAGoFEgNUUEVyBRIDTlJUGhwSCjIwMjYtMTItMjMoAGoFEgNOUlRyBRIDVFBFQgEBSAGYAQE=
2026-09-27,2026-12-17,2026-12-23,outbound,China Airlines,"4:25 PM on Thu, Dec 17","8:30 PM on Thu, Dec 17",3 hr 5 min,0,NT$13730,round_trip,FALSE,FALSE,typical,https://www.google.com/travel/flights?tfs=GhwSCjIwMjYtMTItMTcoAGoFEgNUUEVyBRIDTlJUGhwSCjIwMjYtMTItMjMoAGoFEgNOUlRyBRIDVFBFQgEBSAGYAQE=
2026-09-27,2026-12-17,2026-12-23,outbound,STARLUX Airlines,"3:00 PM on Thu, Dec 17","7:00 PM on Thu, Dec 17",3 hr,0,NT$14515,round_trip,FALSE,FALSE,typical,https://www.google.com/travel/flights?tfs=GhwSCjIwMjYtMTItMTcoAGoFEgNUUEVyBRIDTlJUGhwSCjIwMjYtMTItMjMoAGoFEgNOUlRyBRIDVFBFQgEBSAGYAQE=
2026-09-27,2026-12-17,2026-12-23,outbound,EVA Air,"3:20 PM on Thu, Dec 17","7:20 PM on Thu, Dec 17",3 hr,0,NT$14685,round_trip,FALSE,FALSE,typical,https://www.google.com/travel/flights?tfs=GhwSCjIwMjYtMTItMTcoAGoFEgNUUEVyBRIDTlJUGhwSCjIwMjYtMTItMjMoAGoFEgNOUlRyBRIDVFBFQgEBSAGYAQE=
2026-09-27,2026-12-17,2026-12-23,outbound,STARLUX Airlines,"10:10 AM on Thu, Dec 17","2:20 PM on Thu, Dec 17",3 hr 10 min,0,NT$14827,round_trip,TRUE,FALSE,typical,https://www.google.com/travel/flights?tfs=GhwSCjIwMjYtMTItMTcoAGoFEgNUUEVyBRIDTlJUGhwSCjIwMjYtMTItMjMoAGoFEgNOUlRyBRIDVFBFQgEBSAGYAQE=
2026-09-27,2026-12-17,2026-12-23,outbound,China Airlines,"9:30 AM on Thu, Dec 17","1:30 PM on Thu, Dec 17",3 hr,0,NT$15330,round_trip,TRUE,FALSE,typical,https://www.google.com/travel/flights?tfs=GhwSCjIwMjYtMTItMTcoAGoFEgNUUEVyBRIDTlJUGhwSCjIwMjYtMTItMjMoAGoFEgNOUlRyBRIDVFBFQgEBSAGYAQE=
2026-09-27,2026-12-17,2026-12-23,outbound,STARLUX Airlines,"8:25 AM on Thu, Dec 17","12:35 PM on Thu, Dec 17",3 hr 10 min,0,NT$15451,round_trip,TRUE,FALSE,typical,https://www.google.com/travel/flights?tfs=GhwSCjIwMjYtMTItMTcoAGoFEgNUUEVyBRIDTlJUGhwSCjIwMjYtMTItMjMoAGoFEgNOUlRyBRIDVFBFQgEBSAGYAQE=
2026-09-27,2026-12-17,2026-12-23,outbound,EVA Air,"7:55 AM on Thu, Dec 17","12:00 PM on Thu, Dec 17",3 hr 5 min,0,NT$15630,round_trip,TRUE,FALSE,typical,https://www.google.com/travel/flights?tfs=GhwSCjIwMjYtMTItMTcoAGoFEgNUUEVyBRIDTlJUGhwSCjIwMjYtMTItMjMoAGoFEgNOUlRyBRIDVFBFQgEBSAGYAQE=
2026-09-27,2026-12-17,2026-12-23,outbound,EVA Air,"8:50 AM on Thu, Dec 17","12:55 PM on Thu, Dec 17",3 hr 5 min,0,NT$15630,round_trip,TRUE,FALSE,typical,https://www.google.com/travel/flights?tfs=GhwSCjIwMjYtMTItMTcoAGoFEgNUUEVyBRIDTlJUGhwSCjIwMjYtMTItMjMoAGoFEgNOUlRyBRIDVFBFQgEBSAGYAQE=
2026-09-27,2026-12-17,2026-12-23,outbound,China Airlines,"12:35 PM on Thu, Dec 17","4:35 PM on Thu, Dec 17",3 hr,0,NT$16546,round_trip,TRUE,FALSE,typical,https://www.google.com/travel/flights?tfs=GhwSCjIwMjYtMTItMTcoAGoFEgNUUEVyBRIDTlJUGhwSCjIwMjYtMTItMjMoAGoFEgNOUlRyBRIDVFBFQgEBSAGYAQE=
2026-09-27,2026-12-17,2026-12-23,outbound,JAL,"10:40 AM on Thu, Dec 17","2:40 PM on Thu, Dec 17",3 hr,0,NT$16858,round_trip,TRUE,FALSE,typical,https://www.google.com/travel/flights?tfs=GhwSCjIwMjYtMTItMTcoAGoFEgNUUEVyBRIDTlJUGhwSCjIwMjYtMTItMjMoAGoFEgNOUlRyBRIDVFBFQgEBSAGYAQE=
2026-09-27,2026-12-17,2026-12-23,return,EVA Air,"1:00 PM on Wed, Dec 23","4:05 PM on Wed, Dec 23",4 hr 5 min,0,NT$7365,one_way,FALSE,FALSE,typical,https://www.google.com/travel/flights?tfs=GhwSCjIwMjYtMTItMjMoAGoFEgNOUlRyBRIDVFBFQgEBSAGYAQI=
2026-09-27,2026-12-17,2026-12-23,return,China Airlines,"9:20 AM on Wed, Dec 23","12:30 PM on Wed, Dec 23",4 hr 10 min,0,NT$7789,one_way,FALSE,FALSE,typical,https://www.google.com/travel/flights?tfs=GhwSCjIwMjYtMTItMjMoAGoFEgNOUlRyBRIDVFBFQgEBSAGYAQI=
2026-09-27,2026-12-17,2026-12-23,return,Cathay Pacific,"3:30 PM on Wed, Dec 23","6:35 PM on Wed, Dec 23",4 hr 5 min,0,NT$8447,one_way,FALSE,FALSE,typical,https://www.google.com/travel/flights?tfs=GhwSCjIwMjYtMTItMjMoAGoFEgNOUlRyBRIDVFBFQgEBSAGYAQI=
2026-09-27,2026-12-17,2026-12-23,return,STARLUX Airlines,"1:45 PM on Wed, Dec 23","4:50 PM on Wed, Dec 23",4 hr 5 min,0,NT$8560,one_way,FALSE,FALSE,typical,https://www.google.com/travel/flights?tfs=GhwSCjIwMjYtMTItMjMoAGoFEgNOUlRyBRIDVFBFQgEBSAGYAQI=
2026-09-27,2026-12-17,2026-12-23,return,STARLUX Airlines,"3:40 PM on Wed, Dec 23","6:45 PM on Wed, Dec 23",4 hr 5 min,0,NT$8560,one_way,FALSE,FALSE,typical,https://www.google.com/travel/flights?tfs=GhwSCjIwMjYtMTItMjMoAGoFEgNOUlRyBRIDVFBFQgEBSAGYAQI=
2026-09-27,2026-12-17,2026-12-23,return,STARLUX Airlines,"8:10 PM on Wed, Dec 23","11:20 PM on Wed, Dec 23",4 hr 10 min,0,NT$8560,one_way,TRUE,FALSE,typical,https://www.google.com/travel/flights?tfs=GhwSCjIwMjYtMTItMjMoAGoFEgNOUlRyBRIDVFBFQgEBSAGYAQI=
2026-09-27,2026-12-17,2026-12-23,return,EVA Air,"2:00 PM on Wed, Dec 23","5:05 PM on Wed, Dec 23",4 hr 5 min,0,NT$10412,one_way,FALSE,FALSE,typical,https://www.google.com/travel/flights?tfs=GhwSCjIwMjYtMTItMjMoAGoFEgNOUlRyBRIDVFBFQgEBSAGYAQI=
2026-09-27,2026-12-17,2026-12-23,return,EVA Air,"8:20 PM on Wed, Dec 23","11:25 PM on Wed, Dec 23",4 hr 5 min,0,NT$10412,one_way,TRUE,FALSE,typical,https://www.google.com/travel/flights?tfs=GhwSCjIwMjYtMTItMjMoAGoFEgNOUlRyBRIDVFBFQgEBSAGYAQI=
2026-09-27,2026-12-17,2026-12-23,return,China Airlines,"2:35 PM on Wed, Dec 23","5:45 PM on Wed, Dec 23",4 hr 10 min,0,NT$11139,one_way,FALSE,FALSE,typical,https://www.google.com/travel/flights?tfs=GhwSCjIwMjYtMTItMjMoAGoFEgNOUlRyBRIDVFBFQgEBSAGYAQI=
2026-09-27,2026-12-17,2026-12-23,return,China Airlines,"5:45 PM on Wed, Dec 23","8:55 PM on Wed, Dec 23",4 hr 10 min,0,NT$14004,one_way,FALSE,FALSE,typical,https://www.google.com/travel/flights?tfs=GhwSCjIwMjYtMTItMjMoAGoFEgNOUlRyBRIDVFBFQgEBSAGYAQI=
2026-09-27,2026-12-17,2026-12-23,return,China Airlines,"7:30 PM on Wed, Dec 23","10:45 PM on Wed, Dec 23",4 hr 15 min,0,NT$14004,one_way,FALSE,FALSE,typical,https://www.google.com/travel/flights?tfs=GhwSCjIwMjYtMTItMjMoAGoFEgNOUlRyBRIDVFBFQgEBSAGYAQI=
2026-09-27,2026-12-16,2026-12-22,outbound,China Airlines,"4:25 PM on Wed, Dec 16","8:30 PM on Wed, Dec 16",3 hr 5 min,0,NT$13427,round_trip,FALSE,FALSE,typical,https://www.google.com/travel/flights?tfs=GhwSCjIwMjYtMTItMTYoAGoFEgNUUEVyBRIDTlJUGhwSCjIwMjYtMTItMjIoAGoFEgNOUlRyBRIDVFBFQgEBSAGYAQE=
2026-09-27,2026-12-16,2026-12-22,outbound,Cathay Pacific,"12:50 PM on Wed, Dec 16","4:50 PM on Wed, Dec 16",3 hr,0,NT$13476,round_trip,TRUE,FALSE,typical,https://www.google.com/travel/flights?tfs=GhwSCjIwMjYtMTItMTYoAGoFEgNUUEVyBRIDTlJUGhwSCjIwMjYtMTItMjIoAGoFEgNOUlRyBRIDVFBFQgEBSAGYAQE=
2026-09-27,2026-12-16,2026-12-22,outbound,China Airlines,"12:35 PM on Wed, Dec 16","4:35 PM on Wed, Dec 16",3 hr,0,NT$13700,round_trip,TRUE,FALSE,typical,https://www.google.com/travel/flights?tfs=GhwSCjIwMjYtMTItMTYoAGoFEgNUUEVyBRIDTlJUGhwSCjIwMjYtMTItMjIoAGoFEgNOUlRyBRIDVFBFQgEBSAGYAQE=
2026-09-27,2026-12-16,2026-12-22,outbound,STARLUX Airlines,"3:00 PM on Wed, Dec 16","7:00 PM on Wed, Dec 16",3 hr,0,NT$14212,round_trip,FALSE,FALSE,typical,https://www.google.com/travel/flights?tfs=GhwSCjIwMjYtMTItMTYoAGoFEgNUUEVyBRIDTlJUGhwSCjIwMjYtMTItMjIoAGoFEgNOUlRyBRIDVFBFQgEBSAGYAQE=
2026-09-27,2026-12-16,2026-12-22,outbound,EVA Air,"3:20 PM on Wed, Dec 16","7:20 PM on Wed, Dec 16",3 hr,0,NT$14382,round_trip,FALSE,FALSE,typical,https://www.google.com/travel/flights?tfs=GhwSCjIwMjYtMTItMTYoAGoFEgNUUEVyBRIDTlJUGhwSCjIwMjYtMTItMjIoAGoFEgNOUlRyBRIDVFBFQgEBSAGYAQE=
2026-09-27,2026-12-16,2026-12-22,outbound,China Airlines,"9:30 AM on Wed, Dec 16","1:30 PM on Wed, Dec 16",3 hr,0,NT$14412,round_trip,TRUE,FALSE,typical,https://www.google.com/travel/flights?tfs=GhwSCjIwMjYtMTItMTYoAGoFEgNUUEVyBRIDTlJUGhwSCjIwMjYtMTItMjIoAGoFEgNOUlRyBRIDVFBFQgEBSAGYAQE=
2026-09-27,2026-12-16,2026-12-22,outbound,STARLUX Airlines,"10:10 AM on Wed, Dec 16","2:20 PM on Wed, Dec 16",3 hr 10 min,0,NT$14524,round_trip,TRUE,FALSE,typical,https://www.google.com/travel/flights?tfs=GhwSCjIwMjYtMTItMTYoAGoFEgNUUEVyBRIDTlJUGhwSCjIwMjYtMTItMjIoAGoFEgNOUlRyBRIDVFBFQgEBSAGYAQE=
2026-09-27,2026-12-16,2026-12-22,outbound,STARLUX Airlines,"8:25 AM on Wed, Dec 16","12:35 PM on Wed, Dec 16",3 hr 10 min,0,NT$15148,round_trip,TRUE,FALSE,typical,https://www.google.com/travel/flights?tfs=GhwSCjIwMjYtMTItMTYoAGoFEgNUUEVyBRIDTlJUGhwSCjIwMjYtMTItMjIoAGoFEgNOUlRyBRIDVFBFQgEBSAGYAQE=
2026-09-27,2026-12-16,2026-12-22,outbound,EVA Air,"7:55 AM on Wed, Dec 16","12:00 PM on Wed, Dec 16",3 hr 5 min,0,NT$15327,round_trip,TRUE,FALSE,typical,https://www.google.com/travel/flights?tfs=GhwSCjIwMjYtMTItMTYoAGoFEgNUUEVyBRIDTlJUGhwSCjIwMjYtMTItMjIoAGoFEgNOUlRyBRIDVFBFQgEBSAGYAQE=
2026-09-27,2026-12-16,2026-12-22,outbound,EVA Air,"8:50 AM on Wed, Dec 16","12:55 PM on Wed, Dec 16",3 hr 5 min,0,NT$15327,round_trip,TRUE,FALSE,typical,https://www.google.com/travel/flights?tfs=GhwSCjIwMjYtMTItMTYoAGoFEgNUUEVyBRIDTlJUGhwSCjIwMjYtMTItMjIoAGoFEgNOUlRyBRIDVFBFQgEBSAGYAQE=
2026-09-27,2026-12-16,2026-12-22,outbound,China Airlines,"2:25 PM on Wed, Dec 16","6:30 PM on Wed, Dec 16",3 hr 5 min,0,NT$15556,round_trip,FALSE,FALSE,typical,https://www.google.com/travel/flights?tfs=GhwSCjIwMjYtMTItMTYoAGoFEgNUUEVyBRIDTlJUGhwSCjIwMjYtMTItMjIoAGoFEgNOUlRyBRIDVFBFQgEBSAGYAQE=
2026-09-27,2026-12-16,2026-12-22,return,EVA Air,"1:00 PM on Tue, Dec 22","4:05 PM on Tue, Dec 22",4 hr 5 min,0,NT$7365,one_way,FALSE,TRUE,typical,https://www.google.com/travel/flights?tfs=GhwSCjIwMjYtMTItMjIoAGoFEgNOUlRyBRIDVFBFQgEBSAGYAQI=
2026-09-27,2026-12-16,2026-12-22,return,STARLUX Airlines,"1:45 PM on Tue, Dec 22","4:50 PM on Tue, Dec 22",4 hr 5 min,0,NT$7450,one_way,FALSE,TRUE,typical,https://www.google.com/travel/flights?tfs=GhwSCjIwMjYtMTItMjIoAGoFEgNOUlRyBRIDVFBFQgEBSAGYAQI=
2026-09-27,2026-12-16,2026-12-22,return,China Airlines,"9:20 AM on Tue, Dec 22","12:30 PM on Tue, Dec 22",4 hr 10 min,0,NT$7789,one_way,FALSE,FALSE,typical,https://www.google.com/travel/flights?tfs=GhwSCjIwMjYtMTItMjIoAGoFEgNOUlRyBRIDVFBFQgEBSAGYAQI=
2026-09-27,2026-12-16,2026-12-22,return,Cathay Pacific,"3:30 PM on Tue, Dec 22","6:35 PM on Tue, Dec 22",4 hr 5 min,0,NT$8447,one_way,FALSE,FALSE,typical,https://www.google.com/travel/flights?tfs=GhwSCjIwMjYtMTItMjIoAGoFEgNOUlRyBRIDVFBFQgEBSAGYAQI=
2026-09-27,2026-12-16,2026-12-22,return,STARLUX Airlines,"3:40 PM on Tue, Dec 22","6:45 PM on Tue, Dec 22",4 hr 5 min,0,NT$8560,one_way,FALSE,FALSE,typical,https://www.google.com/travel/flights?tfs=GhwSCjIwMjYtMTItMjIoAGoFEgNOUlRyBRIDVFBFQgEBSAGYAQI=
2026-09-27,2026-12-16,2026-12-22,return,STARLUX Airlines,"8:10 PM on Tue, Dec 22","11:20 PM on Tue, Dec 22",4 hr 10 min,0,NT$8560,one_way,TRUE,FALSE,typical,https://www.google.com/travel/flights?tfs=GhwSCjIwMjYtMTItMjIoAGoFEgNOUlRyBRIDVFBFQgEBSAGYAQI=
2026-09-27,2026-12-16,2026-12-22,return,EVA Air,"2:00 PM on Tue, Dec 22","5:05 PM on Tue, Dec 22",4 hr 5 min,0,NT$9040,one_way,FALSE,FALSE,typical,https://www.google.com/travel/flights?tfs=GhwSCjIwMjYtMTItMjIoAGoFEgNOUlRyBRIDVFBFQgEBSAGYAQI=
2026-09-27,2026-12-16,2026-12-22,return,EVA Air,"8:20 PM on Tue, Dec 22","11:25 PM on Tue, Dec 22",4 hr 5 min,0,NT$10412,one_way,TRUE,FALSE,typical,https://www.google.com/travel/flights?tfs=GhwSCjIwMjYtMTItMjIoAGoFEgNOUlRyBRIDVFBFQgEBSAGYAQI=
2026-09-27,2026-12-16,2026-12-22,return,China Airlines,"2:35 PM on Tue, Dec 22","5:45 PM on Tue, Dec 22",4 hr 10 min,0,NT$11139,one_way,FALSE,FALSE,typical,https://www.google.com/travel/flights?tfs=GhwSCjIwMjYtMTItMjIoAGoFEgNOUlRyBRIDVFBFQgEBSAGYAQI=
2026-09-27,2026-12-16,2026-12-22,return,China Airlines,"5:45 PM on Tue, Dec 22","8:55 PM on Tue, Dec 22",4 hr 10 min,0,NT$14004,one_way,FALSE,FALSE,typical,https://www.google.com/travel/flights?tfs=GhwSCjIwMjYtMTItMjIoAGoFEgNOUlRyBRIDVFBFQgEBSAGYAQI=
2026-09-27,2026-12-16,2026-12-22,return,China Airlines,"7:30 PM on Tue, Dec 22","10:45 PM on Tue, Dec 22",4 hr 15 min,0,NT$14004,one_way,FALSE,FALSE,typical,https://www.google.com/travel/flights?tfs=GhwSCjIwMjYtMTItMjIoAGoFEgNOUlRyBRIDVFBFQgEBSAGYAQI=
2026-09-28,2026-12-17,2026-12-23,outbound,China Airlines,"4:25 PM on Thu, Dec 17","8:30 PM on Thu, Dec 17",3 hr 5 min,0,NT$13726,round_trip,FALSE,FALSE,typical,https://www.google.com/travel/flights?tfs=GhwSCjIwMjYtMTItMTcoAGoFEgNUUEVyBRIDTlJUGhwSCjIwMjYtMTItMjMoAGoFEgNOUlRyBRIDVFBFQgEBSAGYAQE=
2026-09-28,2026-12-17,2026-12-23,outbound,Cathay Pacific,"12:50 PM on Thu, Dec 17","4:50 PM on Thu, Dec 17",3 hr,0,NT$13926,round_trip,TRUE,FALSE,typical,https://www.google.com/travel/flights?tfs=GhwSCjIwMjYtMTItMTcoAGoFEgNUUEVyBRIDTlJUGhwSCjIwMjYtMTItMjMoAGoFEgNOUlRyBRIDVFBFQgEBSAGYAQE=
2026-09-28,2026-12-17,2026-12-23,outbound,STARLUX Airlines,"3:00 PM on Thu, Dec 17","7:00 PM on Thu, Dec 17",3 hr,0,NT$14511,round_trip,FALSE,FALSE,typical,https://www.google.com/travel/flights?tfs=GhwSCjIwMjYtMTItMTcoAGoFEgNUUEVyBRIDTlJUGhwSCjIwMjYtMTItMjMoAGoFEgNOUlRyBRIDVFBFQgEBSAGYAQE=
2026-09-28,2026-12-17,2026-12-23,outbound,EVA Air,"3:20 PM on Thu, Dec 17","7:20 PM on Thu, Dec 17",3 hr,0,NT$14681,round_trip,FALSE,FALSE,typical,https://www.google.com/travel/flights?tfs=GhwSCjIwMjYtMTItMTcoAGoFEgNUUEVyBRIDTlJUGhwSCjIwMjYtMTItMjMoAGoFEgNOUlRyBRIDVFBFQgEBSAGYAQE=
2026-09-28,2026-12-17,2026-12-23,outbound,China Airlines,"9:30 AM on Thu, Dec 17","1:30 PM on Thu, Dec 17",3 hr,0,NT$14711,round_trip,TRUE,FALSE,typical,https://www.google.com/travel/flights?tfs=GhwSCjIwMjYtMTItMTcoAGoFEgNUUEVyBRIDTlJUGhwSCjIwMjYtMTItMjMoAGoFEgNOUlRyBRIDVFBFQgEBSAGYAQE=
2026-09-28,2026-12-17,2026-12-23,outbound,STARLUX Airlines,"10:10 AM on Thu, Dec 17","2:20 PM on Thu, Dec 17",3 hr 10 min,0,NT$14823,round_trip,TRUE,FALSE,typical,https://www.google.com/travel/flights?tfs=GhwSCjIwMjYtMTItMTcoAGoFEgNUUEVyBRIDTlJUGhwSCjIwMjYtMTItMjMoAGoFEgNOUlRyBRIDVFBFQgEBSAGYAQE=
2026-09-28,2026-12-17,2026-12-23,outbound,STARLUX Airlines,"8:25 AM on Thu, Dec 17","12:35 PM on Thu, Dec 17",3 hr 10 min,0,NT$15447,round_trip,TRUE,FALSE,typical,https://www.google.com/travel/flights?tfs=GhwSCjIwMjYtMTItMTcoAGoFEgNUUEVyBRIDTlJUGhwSCjIwMjYtMTItMjMoAGoFEgNOUlRyBRIDVFBFQgEBSAGYAQE=
2026-09-28,2026-12-17,2026-12-23,outbound,EVA Air,"7:55 AM on Thu, Dec 17","12:00 PM on Thu, Dec 17",3 hr 5 min,0,NT$15626,round_trip,TRUE,FALSE,typical,https://www.google.com/travel/flights?tfs=GhwSCjIwMjYtMTItMTcoAGoFEgNUUEVyBRIDTlJUGhwSCjIwMjYtMTItMjMoAGoFEgNOUlRyBRIDVFBFQgEBSAGYAQE=
2026-09-28,2026-12-17,2026-12-23,outbound,EVA Air,"8:50 AM on Thu, Dec 17","12:55 PM on Thu, Dec 17",3 hr 5 min,0,NT$15626,round_trip,TRUE,FALSE,typical,https://www.google.com/travel/flights?tfs=GhwSCjIwMjYtMTItMTcoAGoFEgNUUEVyBRIDTlJUGhwSCjIwMjYtMTItMjMoAGoFEgNOUlRyBRIDVFBFQgEBSAGYAQE=
2026-09-28,2026-12-17,2026-12-23,outbound,China Airlines,"12:35 PM on Thu, Dec 17","4:35 PM on Thu, Dec 17",3 hr,0,NT$16542,round_trip,TRUE,FALSE,typical,https://www.google.com/travel/flights?tfs=GhwSCjIwMjYtMTItMTcoAGoFEgNUUEVyBRIDTlJUGhwSCjIwMjYtMTItMjMoAGoFEgNOUlRyBRIDVFBFQgEBSAGYAQE=
2026-09-28,2026-12-17,2026-12-23,outbound,JAL,"10:40 AM on Thu, Dec 17","2:40 PM on Thu, Dec 17",3 hr,0,NT$16854,round_trip,TRUE,FALSE,typical,https://www.google.com/travel/flights?tfs=GhwSCjIwMjYtMTItMTcoAGoFEgNUUEVyBRIDTlJUGhwSCjIwMjYtMTItMjMoAGoFEgNOUlRyBRIDVFBFQgEBSAGYAQE=
2026-09-28,2026-12-17,2026-12-23,return,EVA Air,"1:00 PM on Wed, Dec 23","4:05 PM on Wed, Dec 23",4 hr 5 min,0,NT$7360,one_way,FALSE,FALSE,typical,https://www.google.com/travel/flights?tfs=GhwSCjIwMjYtMTItMjMoAGoFEgNOUlRyBRIDVFBFQgEBSAGYAQI=
2026-09-28,2026-12-17,2026-12-23,return,China Airlines,"9:20 AM on Wed, Dec 23","12:30 PM on Wed, Dec 23",4 hr 10 min,0,NT$7783,one_way,FALSE,FALSE,typical,https://www.google.com/travel/flights?tfs=GhwSCjIwMjYtMTItMjMoAGoFEgNOUlRyBRIDVFBFQgEBSAGYAQI=
2026-09-28,2026-12-17,2026-12-23,return,Cathay Pacific,"3:30 PM on Wed, Dec 23","6:35 PM on Wed, Dec 23",4 hr 5 min,0,NT$8440,one_way,FALSE,FALSE,typical,https://www.google.com/travel/flights?tfs=GhwSCjIwMjYtMTItMjMoAGoFEgNOUlRyBRIDVFBFQgEBSAGYAQI=
2026-09-28,2026-12-17,2026-12-23,return,STARLUX Airlines,"1:45 PM on Wed, Dec 23","4:50 PM on Wed, Dec 23",4 hr 5 min,0,NT$8553,one_way,FALSE,FALSE,typical,https://www.google.com/travel/flights?tfs=GhwSCjIwMjYtMTItMjMoAGoFEgNOUlRyBRIDVFBFQgEBSAGYAQI=
2026-09-28,2026-12-17,2026-12-23,return,STARLUX Airlines,"3:40 PM on Wed, Dec 23","6:45 PM on Wed, Dec 23",4 hr 5 min,0,NT$8553,one_way,FALSE,FALSE,typical,https://www.google.com/travel/flights?tfs=GhwSCjIwMjYtMTItMjMoAGoFEgNOUlRyBRIDVFBFQgEBSAGYAQI=
2026-09-28,2026-12-17,2026-12-23,return,STARLUX Airlines,"8:10 PM on Wed, Dec 23","11:20 PM on Wed, Dec 23",4 hr 10 min,0,NT$8553,one_way,TRUE,FALSE,typical,https://www.google.com/travel/flights?tfs=GhwSCjIwMjYtMTItMjMoAGoFEgNOUlRyBRIDVFBFQgEBSAGYAQI=
2026-09-28,2026-12-17,2026-12-23,return,EVA Air,"2:00 PM on Wed, Dec 23","5:05 PM on Wed, Dec 23",4 hr 5 min,0,NT$10404,one_way,FALSE,FALSE,typical,https://www.google.com/travel/flights?tfs=GhwSCjIwMjYtMTItMjMoAGoFEgNOUlRyBRIDVFBFQgEBSAGYAQI=
2026-09-28,2026-12-17,2026-12-23,return,EVA Air,"8:20 PM on Wed, Dec 23","11:25 PM on Wed, Dec 23",4 hr 5 min,0,NT$10404,one_way,TRUE,FALSE,typical,https://www.google.com/travel/flights?tfs=GhwSCjIwMjYtMTItMjMoAGoFEgNOUlRyBRIDVFBFQgEBSAGYAQI=
2026-09-28,2026-12-17,2026-12-23,return,China Airlines,"2:35 PM on Wed, Dec 23","5:45 PM on Wed, Dec 23",4 hr 10 min,0,NT$11130,one_way,FALSE,FALSE,typical,https://www.google.com/travel/flights?tfs=GhwSCjIwMjYtMTItMjMoAGoFEgNOUlRyBRIDVFBFQgEBSAGYAQI=
2026-09-28,2026-12-17,2026-12-23,return,China Airlines,"5:45 PM on Wed, Dec 23","8:55 PM on Wed, Dec 23",4 hr 10 min,0,NT$13993,one_way,FALSE,FALSE,typical,https://www.google.com/travel/flights?tfs=GhwSCjIwMjYtMTItMjMoAGoFEgNOUlRyBRIDVFBFQgEBSAGYAQI=
2026-09-28,2026-12-17,2026-12-23,return,China Airlines,"7:30 PM on Wed, Dec 23","10:45 PM on Wed, Dec 23",4 hr 15 min,0,NT$13993,one_way,FALSE,FALSE,typical,https://www.google.com/travel/flights?tfs=GhwSCjIwMjYtMTItMjMoAGoFEgNOUlRyBRIDVFBFQgEBSAGYAQI=
2026-09-28,2026-12-16,2026-12-22,outbound,China Airlines,"4:25 PM on Wed, Dec 16","8:30 PM on Wed, Dec 16",3 hr 5 min,0,NT$13424,round_trip,FALSE,FALSE,typical,https://www.google.com/travel/flights?tfs=GhwSCjIwMjYtMTItMTYoAGoFEgNUUEVyBRIDTlJUGhwSCjIwMjYtMTItMjIoAGoFEgNOUlRyBRIDVFBFQgEBSAGYAQE=
2026-09-28,2026-12-16,2026-12-22,outbound,Cathay Pacific,"12:50 PM on Wed, Dec 16","4:50 PM on Wed, Dec 16",3 hr,0,NT$13476,round_trip,TRUE,FALSE,typical,https://www.google.com/travel/flights?tfs=GhwSCjIwMjYtMTItMTYoAGoFEgNUUEVyBRIDTlJUGhwSCjIwMjYtMTItMjIoAGoFEgNOUlRyBRIDVFBFQgEBSAGYAQE=
2026-09-28,2026-12-16,2026-12-22,outbound,STARLUX Airlines,"3:00 PM on Wed, Dec 16","7:00 PM on Wed, Dec 16",3 hr,0,NT$14209,round_trip,FALSE,FALSE,typical,https://www.google.com/travel/flights?tfs=GhwSCjIwMjYtMTItMTYoAGoFEgNUUEVyBRIDTlJUGhwSCjIwMjYtMTItMjIoAGoFEgNOUlRyBRIDVFBFQgEBSAGYAQE=
2026-09-28,2026-12-16,2026-12-22,outbound,China Airlines,"12:35 PM on Wed, Dec 16","4:35 PM on Wed, Dec 16",3 hr,0,NT$14243,round_trip,TRUE,FALSE,typical,https://www.google.com/travel/flights?tfs=GhwSCjIwMjYtMTItMTYoAGoFEgNUUEVyBRIDTlJUGhwSCjIwMjYtMTItMjIoAGoFEgNOUlRyBRIDVFBFQgEBSAGYAQE=
2026-09-28,2026-12-16,2026-12-22,outbound,EVA Air,"3:20 PM on Wed, Dec 16","7:20 PM on Wed, Dec 16",3 hr,0,NT$14379,round_trip,FALSE,FALSE,typical,https://www.google.com/travel/flights?tfs=GhwSCjIwMjYtMTItMTYoAGoFEgNUUEVyBRIDTlJUGhwSCjIwMjYtMTItMjIoAGoFEgNOUlRyBRIDVFBFQgEBSAGYAQE=
2026-09-28,2026-12-16,2026-12-22,outbound,China Airlines,"9:30 AM on Wed, Dec 16","1:30 PM on Wed, Dec 16",3 hr,0,NT$14409,round_trip,TRUE,FALSE,typical,https://www.google.com/travel/flights?tfs=GhwSCjIwMjYtMTItMTYoAGoFEgNUUEVyBRIDTlJUGhwSCjIwMjYtMTItMjIoAGoFEgNOUlRyBRIDVFBFQgEBSAGYAQE=
2026-09-28,2026-12-16,2026-12-22,outbound,STARLUX Airlines,"10:10 AM on Wed, Dec 16","2:20 PM on Wed, Dec 16",3 hr 10 min,0,NT$14521,round_trip,TRUE,FALSE,typical,https://www.google.com/travel/flights?tfs=GhwSCjIwMjYtMTItMTYoAGoFEgNUUEVyBRIDTlJUGhwSCjIwMjYtMTItMjIoAGoFEgNOUlRyBRIDVFBFQgEBSAGYAQE=
2026-09-28,2026-12-16,2026-12-22,outbound,STARLUX Airlines,"8:25 AM on Wed, Dec 16","12:35 PM on Wed, Dec 16",3 hr 10 min,0,NT$15145,round_trip,TRUE,FALSE,typical,https://www.google.com/travel/flights?tfs=GhwSCjIwMjYtMTItMTYoAGoFEgNUUEVyBRIDTlJUGhwSCjIwMjYtMTItMjIoAGoFEgNOUlRyBRIDVFBFQgEBSAGYAQE=
2026-09-28,2026-12-16,2026-12-22,outbound,EVA Air,"7:55 AM on Wed, Dec 16","12:00 PM on Wed, Dec 16",3 hr 5 min,0,NT$15324,round_trip,TRUE,FALSE,typical,https://www.google.com/travel/flights?tfs=GhwSCjIwMjYtMTItMTYoAGoFEgNUUEVyBRIDTlJUGhwSCjIwMjYtMTItMjIoAGoFEgNOUlRyBRIDVFBFQgEBSAGYAQE=
2026-09-28,2026-12-16,2026-12-22,outbound,EVA Air,"8:50 AM on Wed, Dec 16","12:55 PM on Wed, Dec 16",3 hr 5 min,0,NT$15324,round_trip,TRUE,FALSE,typical,https://www.google.com/travel/flights?tfs=GhwSCjIwMjYtMTItMTYoAGoFEgNUUEVyBRIDTlJUGhwSCjIwMjYtMTItMjIoAGoFEgNOUlRyBRIDVFBFQgEBSAGYAQE=
2026-09-28,2026-12-16,2026-12-22,outbound,China Airlines,"2:25 PM on Wed, Dec 16","6:30 PM on Wed, Dec 16",3 hr 5 min,0,NT$15553,round_trip,FALSE,FALSE,typical,https://www.google.com/travel/flights?tfs=GhwSCjIwMjYtMTItMTYoAGoFEgNUUEVyBRIDTlJUGhwSCjIwMjYtMTItMjIoAGoFEgNOUlRyBRIDVFBFQgEBSAGYAQE=
2026-09-28,2026-12-16,2026-12-22,return,EVA Air,"1:00 PM on Tue, Dec 22","4:05 PM on Tue, Dec 22",4 hr 5 min,0,NT$7360,one_way,FALSE,TRUE,typical,https://www.google.com/travel/flights?tfs=GhwSCjIwMjYtMTItMjIoAGoFEgNOUlRyBRIDVFBFQgEBSAGYAQI=
2026-09-28,2026-12-16,2026-12-22,return,STARLUX Airlines,"1:45 PM on Tue, Dec 22","4:50 PM on Tue, Dec 22",4 hr 5 min,0,NT$7444,one_way,FALSE,TRUE,typical,https://www.google.com/travel/flights?tfs=GhwSCjIwMjYtMTItMjIoAGoFEgNOUlRyBRIDVFBFQgEBSAGYAQI=
2026-09-28,2026-12-16,2026-12-22,return,China Airlines,"9:20 AM on Tue, Dec 22","12:30 PM on Tue, Dec 22",4 hr 10 min,0,NT$7783,one_way,FALSE,FALSE,typical,https://www.google.com/travel/flights?tfs=GhwSCjIwMjYtMTItMjIoAGoFEgNOUlRyBRIDVFBFQgEBSAGYAQI=
2026-09-28,2026-12-16,2026-12-22,return,Cathay Pacific,"3:30 PM on Tue, Dec 22","6:35 PM on Tue, Dec 22",4 hr 5 min,0,NT$8440,one_way,FALSE,FALSE,typical,https://www.google.com/travel/flights?tfs=GhwSCjIwMjYtMTItMjIoAGoFEgNOUlRyBRIDVFBFQgEBSAGYAQI=
2026-09-28,2026-12-16,2026-12-22,return,STARLUX Airlines,"3:40 PM on Tue, Dec 22","6:45 PM on Tue, Dec 22",4 hr 5 min,0,NT$8553,one_way,FALSE,FALSE,typical,https://www.google.com/travel/flights?tfs=GhwSCjIwMjYtMTItMjIoAGoFEgNOUlRyBRIDVFBFQgEBSAGYAQI=
2026-09-28,2026-12-16,2026-12-22,return,STARLUX Airlines,"8:10 PM on Tue, Dec 22","11:20 PM on Tue, Dec 22",4 hr 10 min,0,NT$8553,one_way,TRUE,FALSE,typical,https://www.google.com/travel/flights?tfs=GhwSCjIwMjYtMTItMjIoAGoFEgNOUlRyBRIDVFBFQgEBSAGYAQI=
2026-09-28,2026-12-16,2026-12-22,return,EVA Air,"2:00 PM on Tue, Dec 22","5:05 PM on Tue, Dec 22",4 hr 5 min,0,NT$9033,one_way,FALSE,FALSE,typical,https://www.google.com/travel/flights?tfs=GhwSCjIwMjYtMTItMjIoAGoFEgNOUlRyBRIDVFBFQgEBSAGYAQI=
2026-09-28,2026-12-16,2026-12-22,return,EVA Air,"8:20 PM on Tue, Dec 22","11:25 PM on Tue, Dec 22",4 hr 5 min,0,NT$10404,one_way,TRUE,FALSE,typical,https://www.google.com/travel/flights?tfs=GhwSCjIwMjYtMTItMjIoAGoFEgNOUlRyBRIDVFBFQgEBSAGYAQI=
2026-09-28,2026-12-16,2026-12-22,return,China Airlines,"2:35 PM on Tue, Dec 22","5:45 PM on Tue, Dec 22",4 hr 10 min,0,NT$11130,one_way,FALSE,FALSE,typical,https://www.google.com/travel/flights?tfs=GhwSCjIwMjYtMTItMjIoAGoFEgNOUlRyBRIDVFBFQgEBSAGYAQI=
2026-09-28,2026-12-16,2026-12-22,return,China Airlines,"5:45 PM on Tue, Dec 22","8:55 PM on Tue, Dec 22",4 hr 10 min,0,NT$13993,one_way,FALSE,FALSE,typical,https://www.google.com/travel/flights?tfs=GhwSCjIwMjYtMTItMjIoAGoFEgNOUlRyBRIDVFBFQgEBSAGYAQI=
2026-09-28,2026-12-16,2026-12-22,return,China Airlines,"7:30 PM on Tue, Dec 22","10:45 PM on Tue, Dec 22",4 hr 15 min,0,NT$13993,one_way,FALSE,FALSE,typical,https://www.google.com/travel/flights?tfs=GhwSCjIwMjYtMTItMjIoAGoFEgNOUlRyBRIDVFBFQgEBSAGYAQI=
2026-09-29,2026-12-17,2026-12-23,outbound,Cathay Pacific,"12:50 PM on Thu, Dec 17","4:50 PM on Thu, Dec 17",3 hr,0,NT$13698,round_trip,TRUE,FALSE,typical,https://www.google.com/travel/flights?tfs=GhwSCjIwMjYtMTItMTcoAGoFEgNUUEVyBRIDTlJUGhwSCjIwMjYtMTItMjMoAGoFEgNOUlRyBRIDVFBFQgEBSAGYAQE=
2026-09-29,2026-12-17,2026-12-23,outbound,China Airlines,"4:25 PM on Thu, Dec 17","8:30 PM on Thu, Dec 17",3 hr 5 min,0,NT$13740,round_trip,FALSE,FALSE,typical,https://www.google.com/travel/flights?tfs=GhwSCjIwMjYtMTItMTcoAGoFEgNUUEVyBRIDTlJUGhwSCjIwMjYtMTItMjMoAGoFEgNOUlRyBRIDVFBFQgEBSAGYAQE=
2026-09-29,2026-12-17,2026-12-23,outbound,STARLUX Airlines,"3:00 PM on Thu, Dec 17","7:00 PM on Thu, Dec 17",3 hr,0,NT$14526,round_trip,FALSE,FALSE,typical,https://www.google.com/travel/flights?tfs=GhwSCjIwMjYtMTItMTcoAGoFEgNUUEVyBRIDTlJUGhwSCjIwMjYtMTItMjMoAGoFEgNOUlRyBRIDVFBFQgEBSAGYAQE=
2026-09-29,2026-12-17,2026-12-23,outbound,EVA Air,"3:20 PM on Thu, Dec 17","7:20 PM on Thu, Dec 17",3 hr,0,NT$14695,round_trip,FALSE,FALSE,typical,https://www.google.com/travel/flights?tfs=GhwSCjIwMjYtMTItMTcoAGoFEgNUUEVyBRIDTlJUGhwSCjIwMjYtMTItMjMoAGoFEgNOUlRyBRIDVFBFQgEBSAGYAQE=
2026-09-29,2026-12-17,2026-12-23,outbound,STARLUX Airlines,"10:10 AM on Thu, Dec 17","2:20 PM on Thu, Dec 17",3 hr 10 min,0,NT$14838,round_trip,TRUE,FALSE,typical,https://www.google.com/travel/flights?tfs=GhwSCjIwMjYtMTItMTcoAGoFEgNUUEVyBRIDTlJUGhwSCjIwMjYtMTItMjMoAGoFEgNOUlRyBRIDVFBFQgEBSAGYAQE=
2026-09-29,2026-12-17,2026-12-23,outbound,China Airlines,"9:30 AM on Thu, Dec 17","1:30 PM on Thu, Dec 17",3 hr,0,NT$15233,round_trip,TRUE,FALSE,typical,https://www.google.com/travel/flights?tfs=GhwSCjIwMjYtMTItMTcoAGoFEgNUUEVyBRIDTlJUGhwSCjIwMjYtMTItMjMoAGoFEgNOUlRyBRIDVFBFQgEBSAGYAQE=
2026-09-29,2026-12-17,2026-12-23,outbound,EVA Air,"7:55 AM on Thu, Dec 17","12:00 PM on Thu, Dec 17",3 hr 5 min,0,NT$15640,round_trip,TRUE,FALSE,typical,https://www.google.com/travel/flights?tfs=GhwSCjIwMjYtMTItMTcoAGoFEgNUUEVyBRIDTlJUGhwSCjIwMjYtMTItMjMoAGoFEgNOUlRyBRIDVFBFQgEBSAGYAQE=
2026-09-29,2026-12-17,2026-12-23,outbound,EVA Air,"8:50 AM on Thu, Dec 17","12:55 PM on Thu, Dec 17",3 hr 5 min,0,NT$15640,round_trip,TRUE,FALSE,typical,https://www.google.com/travel/flights?tfs=GhwSCjIwMjYtMTItMTcoAGoFEgNUUEVyBRIDTlJUGhwSCjIwMjYtMTItMjMoAGoFEgNOUlRyBRIDVFBFQgEBSAGYAQE=
2026-09-29,2026-12-17,2026-12-23,outbound,STARLUX Airlines,"8:25 AM on Thu, Dec 17","12:35 PM on Thu, Dec 17",3 hr 10 min,0,NT$16149,round_trip,TRUE,FALSE,typical,https://www.google.com/travel/flights?tfs=GhwSCjIwMjYtMTItMTcoAGoFEgNUUEVyBRIDTlJUGhwSCjIwMjYtMTItMjMoAGoFEgNOUlRyBRIDVFBFQgEBSAGYAQE=
2026-09-29,2026-12-17,2026-12-23,outbound,China Airlines,"12:35 PM on Thu, Dec 17","4:35 PM on Thu, Dec 17",3 hr,0,NT$16556,round_trip,TRUE,FALSE,typical,https://www.google.com/travel/flights?tfs=GhwSCjIwMjYtMTItMTcoAGoFEgNUUEVyBRIDTlJUGhwSCjIwMjYtMTItMjMoAGoFEgNOUlRyBRIDVFBFQgEBSAGYAQE=
2026-09-29,2026-12-17,2026-12-23,outbound,JAL,"10:40 AM on Thu, Dec 17","2:40 PM on Thu, Dec 17",3 hr,0,NT$16866,round_trip,TRUE,FALSE,typical,https://www.google.com/travel/flights?tfs=GhwSCjIwMjYtMTItMTcoAGoFEgNUUEVyBRIDTlJUGhwSCjIwMjYtMTItMjMoAGoFEgNOUlRyBRIDVFBFQgEBSAGYAQE=
2026-09-29,2026-12-17,2026-12-23,return,EVA Air,"1:00 PM on Wed, Dec 23","4:05 PM on Wed, Dec 23",4 hr 5 min,0,NT$7384,one_way,FALSE,FALSE,typical,https://www.google.com/travel/flights?tfs=GhwSCjIwMjYtMTItMjMoAGoFEgNOUlRyBRIDVFBFQgEBSAGYAQI=
2026-09-29,2026-12-17,2026-12-23,return,Cathay Pacific,"3:30 PM on Wed, Dec 23","6:35 PM on Wed, Dec 23",4 hr 5 min,0,NT$8476,one_way,FALSE,FALSE,typical,https://www.google.com/travel/flights?tfs=GhwSCjIwMjYtMTItMjMoAGoFEgNOUlRyBRIDVFBFQgEBSAGYAQI=
2026-09-29,2026-12-17,2026-12-23,return,STARLUX Airlines,"1:45 PM on Wed, Dec 23","4:50 PM on Wed, Dec 23",4 hr 5 min,0,NT$8583,one_way,FALSE,FALSE,typical,https://www.google.com/travel/flights?tfs=GhwSCjIwMjYtMTItMjMoAGoFEgNOUlRyBRIDVFBFQgEBSAGYAQI=
2026-09-29,2026-12-17,2026-12-23,return,STARLUX Airlines,"3:40 PM on Wed, Dec 23","6:45 PM on Wed, Dec 23",4 hr 5 min,0,NT$8583,one_way,FALSE,FALSE,typical,https://www.google.com/travel/flights?tfs=GhwSCjIwMjYtMTItMjMoAGoFEgNOUlRyBRIDVFBFQgEBSAGYAQI=
2026-09-29,2026-12-17,2026-12-23,return,STARLUX Airlines,"8:10 PM on Wed, Dec 23","11:20 PM on Wed, Dec 23",4 hr 10 min,0,NT$8583,one_way,TRUE,FALSE,typical,https://www.google.com/travel/flights?tfs=GhwSCjIwMjYtMTItMjMoAGoFEgNOUlRyBRIDVFBFQgEBSAGYAQI=
2026-09-29,2026-12-17,2026-12-23,return,China Airlines,"9:20 AM on Wed, Dec 23","12:30 PM on Wed, Dec 23",4 hr 10 min,0,NT$9146,one_way,FALSE,FALSE,typical,https://www.google.com/travel/flights?tfs=GhwSCjIwMjYtMTItMjMoAGoFEgNOUlRyBRIDVFBFQgEBSAGYAQI=
2026-09-29,2026-12-17,2026-12-23,return,EVA Air,"2:00 PM on Wed, Dec 23","5:05 PM on Wed, Dec 23",4 hr 5 min,0,NT$10442,one_way,FALSE,FALSE,typical,https://www.google.com/travel/flights?tfs=GhwSCjIwMjYtMTItMjMoAGoFEgNOUlRyBRIDVFBFQgEBSAGYAQI=
2026-09-29,2026-12-17,2026-12-23,return,EVA Air,"8:20 PM on Wed, Dec 23","11:25 PM on Wed, Dec 23",4 hr 5 min,0,NT$10442,one_way,TRUE,FALSE,typical,https://www.google.com/travel/flights?tfs=GhwSCjIwMjYtMTItMjMoAGoFEgNOUlRyBRIDVFBFQgEBSAGYAQI=
2026-09-29,2026-12-17,2026-12-23,return,China Airlines,"2:35 PM on Wed, Dec 23","5:45 PM on Wed, Dec 23",4 hr 10 min,0,NT$11171,one_way,FALSE,FALSE,typical,https://www.google.com/travel/flights?tfs=GhwSCjIwMjYtMTItMjMoAGoFEgNOUlRyBRIDVFBFQgEBSAGYAQI=
2026-09-29,2026-12-17,2026-12-23,return,China Airlines,"5:45 PM on Wed, Dec 23","8:55 PM on Wed, Dec 23",4 hr 10 min,0,NT$14047,one_way,FALSE,FALSE,typical,https://www.google.com/travel/flights?tfs=GhwSCjIwMjYtMTItMjMoAGoFEgNOUlRyBRIDVFBFQgEBSAGYAQI=
2026-09-29,2026-12-17,2026-12-23,return,China Airlines,"7:30 PM on Wed, Dec 23","10:45 PM on Wed, Dec 23",4 hr 15 min,0,NT$14047,one_way,FALSE,FALSE,typical,https://www.google.com/travel/flights?tfs=GhwSCjIwMjYtMTItMjMoAGoFEgNOUlRyBRIDVFBFQgEBSAGYAQI=
2026-09-29,2026-12-16,2026-12-22,outbound,China Airlines,"4:25 PM on Wed, Dec 16","8:30 PM on Wed, Dec 16",3 hr 5 min,0,NT$13132,round_trip,FALSE,FALSE,typical,https://www.google.com/travel/flights?tfs=GhwSCjIwMjYtMTItMTYoAGoFEgNUUEVyBRIDTlJUGhwSCjIwMjYtMTItMjIoAGoFEgNOUlRyBRIDVFBFQgEBSAGYAQE=
2026-09-29,2026-12-16,2026-12-22,outbound,Cathay Pacific,"12:50 PM on Wed, Dec 16","4:50 PM on Wed, Dec 16",3 hr,0,NT$13473,round_trip,TRUE,FALSE,typical,https://www.google.com/travel/flights?tfs=GhwSCjIwMjYtMTItMTYoAGoFEgNUUEVyBRIDTlJUGhwSCjIwMjYtMTItMjIoAGoFEgNOUlRyBRIDVFBFQgEBSAGYAQE=
2026-09-29,2026-12-16,2026-12-22,outbound,STARLUX Airlines,"3:00 PM on Wed, Dec 16","7:00 PM on Wed, Dec 16",3 hr,0,NT$13918,round_trip,FALSE,FALSE,typical,https://www.google.com/travel/flights?tfs=GhwSCjIwMjYtMTItMTYoAGoFEgNUUEVyBRIDTlJUGhwSCjIwMjYtMTItMjIoAGoFEgNOUlRyBRIDVFBFQgEBSAGYAQE=
2026-09-29,2026-12-16,2026-12-22,outbound,China Airlines,"12:35 PM on Wed, Dec 16","4:35 PM on Wed, Dec 16",3 hr,0,NT$13951,round_trip,TRUE,FALSE,typical,https://www.google.com/travel/flights?tfs=GhwSCjIwMjYtMTItMTYoAGoFEgNUUEVyBRIDTlJUGhwSCjIwMjYtMTItMjIoAGoFEgNOUlRyBRIDVFBFQgEBSAGYAQE=
2026-09-29,2026-12-16,2026-12-22,outbound,EVA Air,"3:20 PM on Wed, Dec 16","7:20 PM on Wed, Dec 16",3 hr,0,NT$14087,round_trip,FALSE,FALSE,typical,https://www.google.com/travel/flights?tfs=GhwSCjIwMjYtMTItMTYoAGoFEgNUUEVyBRIDTlJUGhwSCjIwMjYtMTItMjIoAGoFEgNOUlRyBRIDVFBFQgEBSAGYAQE=
2026-09-29,2026-12-16,2026-12-22,outbound,China Airlines,"9:30 AM on Wed, Dec 16","1:30 PM on Wed, Dec 16",3 hr,0,NT$14117,round_trip,TRUE,FALSE,typical,https://www.google.com/travel/flights?tfs=GhwSCjIwMjYtMTItMTYoAGoFEgNUUEVyBRIDTlJUGhwSCjIwMjYtMTItMjIoAGoFEgNOUlRyBRIDVFBFQgEBSAGYAQE=
2026-09-29,2026-12-16,2026-12-22,outbound,EVA Air,"7:55 AM on Wed, Dec 16","12:00 PM on Wed, Dec 16",3 hr 5 min,0,NT$15032,round_trip,TRUE,FALSE,typical,https://www.google.com/travel/flights?tfs=GhwSCjIwMjYtMTItMTYoAGoFEgNUUEVyBRIDTlJUGhwSCjIwMjYtMTItMjIoAGoFEgNOUlRyBRIDVFBFQgEBSAGYAQE=
2026-09-29,2026-12-16,2026-12-22,outbound,EVA Air,"8:50 AM on Wed, Dec 16","12:55 PM on Wed, Dec 16",3 hr 5 min,0,NT$15032,round_trip,TRUE,FALSE,typical,https://www.google.com/travel/flights?tfs=GhwSCjIwMjYtMTItMTYoAGoFEgNUUEVyBRIDTlJUGhwSCjIwMjYtMTItMjIoAGoFEgNOUlRyBRIDVFBFQgEBSAGYAQE=
2026-09-29,2026-12-16,2026-12-22,outbound,China Airlines,"2:25 PM on Wed, Dec 16","6:30 PM on Wed, Dec 16",3 hr 5 min,0,NT$15261,round_trip,FALSE,FALSE,typical,https://www.google.com/travel/flights?tfs=GhwSCjIwMjYtMTItMTYoAGoFEgNUUEVyBRIDTlJUGhwSCjIwMjYtMTItMjIoAGoFEgNOUlRyBRIDVFBFQgEBSAGYAQE=
2026-09-29,2026-12-16,2026-12-22,outbound,STARLUX Airlines,"8:25 AM on Wed, Dec 16","12:35 PM on Wed, Dec 16",3 hr 10 min,0,NT$15541,round_trip,TRUE,FALSE,typical,https://www.google.com/travel/flights?tfs=GhwSCjIwMjYtMTItMTYoAGoFEgNUUEVyBRIDTlJUGhwSCjIwMjYtMTItMjIoAGoFEgNOUlRyBRIDVFBFQgEBSAGYAQE=
2026-09-29,2026-12-16,2026-12-22,outbound,STARLUX Airlines,"10:10 AM on Wed, Dec 16","2:20 PM on Wed, Dec 16",3 hr 10 min,0,NT$15541,round_trip,TRUE,FALSE,typical,https://www.google.com/travel/flights?tfs=GhwSCjIwMjYtMTItMTYoAGoFEgNUUEVyBRIDTlJUGhwSCjIwMjYtMTItMjIoAGoFEgNOUlRyBRIDVFBFQgEBSAGYAQE=
2026-09-29,2026-12-16,2026-12-22,return,EVA Air,"1:00 PM on Tue, Dec 22","4:05 PM on Tue, Dec 22",4 hr 5 min,0,NT$7384,one_way,FALSE,FALSE,typical,https://www.google.com/travel/flights?tfs=GhwSCjIwMjYtMTItMjIoAGoFEgNOUlRyBRIDVFBFQgEBSAGYAQI=
2026-09-29,2026-12-16,2026-12-22,return,STARLUX Airlines,"1:45 PM on Tue, Dec 22","4:50 PM on Tue, Dec 22",4 hr 5 min,0,NT$7469,one_way,FALSE,FALSE,typical,https://www.google.com/travel/flights?tfs=GhwSCjIwMjYtMTItMjIoAGoFEgNOUlRyBRIDVFBFQgEBSAGYAQI=
2026-09-29,2026-12-16,2026-12-22,return,China Airlines,"9:20 AM on Tue, Dec 22","12:30 PM on Tue, Dec 22",4 hr 10 min,0,NT$7809,one_way,FALSE,FALSE,typical,https://www.google.com/travel/flights?tfs=GhwSCjIwMjYtMTItMjIoAGoFEgNOUlRyBRIDVFBFQgEBSAGYAQI=
2026-09-29,2026-12-16,2026-12-22,return,Cathay Pacific,"3:30 PM on Tue, Dec 22","6:35 PM on Tue, Dec 22",4 hr 5 min,0,NT$8476,one_way,FALSE,FALSE,typical,https://www.google.com/travel/flights?tfs=GhwSCjIwMjYtMTItMjIoAGoFEgNOUlRyBRIDVFBFQgEBSAGYAQI=
2026-09-29,2026-12-16,2026-12-22,return,STARLUX Airlines,"3:40 PM on Tue, Dec 22","6:45 PM on Tue, Dec 22",4 hr 5 min,0,NT$8583,one_way,FALSE,FALSE,typical,https://www.google.com/travel/flights?tfs=GhwSCjIwMjYtMTItMjIoAGoFEgNOUlRyBRIDVFBFQgEBSAGYAQI=
2026-09-29,2026-12-16,2026-12-22,return,STARLUX Airlines,"8:10 PM on Tue, Dec 22","11:20 PM on Tue, Dec 22",4 hr 10 min,0,NT$9595,one_way,TRUE,FALSE,typical,https://www.google.com/travel/flights?tfs=GhwSCjIwMjYtMTItMjIoAGoFEgNOUlRyBRIDVFBFQgEBSAGYAQI=
2026-09-29,2026-12-16,2026-12-22,return,EVA Air,"2:00 PM on Tue, Dec 22","5:05 PM on Tue, Dec 22",4 hr 5 min,0,NT$10442,one_way,FALSE,FALSE,typical,https://www.google.com/travel/flights?tfs=GhwSCjIwMjYtMTItMjIoAGoFEgNOUlRyBRIDVFBFQgEBSAGYAQI=
2026-09-29,2026-12-16,2026-12-22,return,EVA Air,"8:20 PM on Tue, Dec 22","11:25 PM on Tue, Dec 22",4 hr 5 min,0,NT$10442,one_way,TRUE,FALSE,typical,https://www.google.com/travel/flights?tfs=GhwSCjIwMjYtMTItMjIoAGoFEgNOUlRyBRIDVFBFQgEBSAGYAQI=
2026-09-29,2026-12-16,2026-12-22,return,China Airlines,"2:35 PM on Tue, Dec 22","5:45 PM on Tue, Dec 22",4 hr 10 min,0,NT$11171,one_way,FALSE,FALSE,typical,https://www.google.com/travel/flights?tfs=GhwSCjIwMjYtMTItMjIoAGoFEgNOUlRyBRIDVFBFQgEBSAGYAQI=
2026-09-29,2026-12-16,2026-12-22,return,China Airlines,"5:45 PM on Tue, Dec 22","8:55 PM on Tue, Dec 22",4 hr 10 min,0,NT$14047,one_way,FALSE,FALSE,typical,https://www.google.com/travel/flights?tfs=GhwSCjIwMjYtMTItMjIoAGoFEgNOUlRyBRIDVFBFQgEBSAGYAQI=
2026-09-29,2026-12-16,2026-12-22,return,China Airlines,"7:30 PM on Tue, Dec 22","10:45 PM on Tue, Dec 22",4 hr 15 min,0,NT$14047,one_way,FALSE,FALSE,typical,https://www.google.com/travel/flights?tfs=GhwSCjIwMjYtMTItMjIoAGoFEgNOUlRyBRIDVFBFQgEBSAGYAQI=
2026-09-30,2026-12-17,2026-12-23,outbound,Cathay Pacific,"12:50 PM on Thu, Dec 17","4:50 PM on Thu, Dec 17",3 hr,0,NT$13708,round_trip,TRUE,FALSE,typical,https://www.google.com/travel/flights?tfs=GhwSCjIwMjYtMTItMTcoAGoFEgNUUEVyBRIDTlJUGhwSCjIwMjYtMTItMjMoAGoFEgNOUlRyBRIDVFBFQgEBSAGYAQE=
2026-09-30,2026-12-17,2026-12-23,outbound,China Airlines,"4:25 PM on Thu, Dec 17","8:30 PM on Thu, Dec 17",3 hr 5 min,0,NT$13755,round_trip,FALSE,FALSE,typical,https://www.google.com/travel/flights?tfs=GhwSCjIwMjYtMTItMTcoAGoFEgNUUEVyBRIDTlJUGhwSCjIwMjYtMTItMjMoAGoFEgNOUlRyBRIDVFBFQgEBSAGYAQE=
2026-09-30,2026-12-17,2026-12-23,outbound,STARLUX Airlines,"3:00 PM on Thu, Dec 17","7:00 PM on Thu, Dec 17",3 hr,0,NT$14540,round_trip,FALSE,FALSE,typical,https://www.google.com/travel/flights?tfs=GhwSCjIwMjYtMTItMTcoAGoFEgNUUEVyBRIDTlJUGhwSCjIwMjYtMTItMjMoAGoFEgNOUlRyBRIDVFBFQgEBSAGYAQE=
2026-09-30,2026-12-17,2026-12-23,outbound,EVA Air,"3:20 PM on Thu, Dec 17","7:20 PM on Thu, Dec 17",3 hr,0,NT$14710,round_trip,FALSE,FALSE,typical,https://www.google.com/travel/flights?tfs=GhwSCjIwMjYtMTItMTcoAGoFEgNUUEVyBRIDTlJUGhwSCjIwMjYtMTItMjMoAGoFEgNOUlRyBRIDVFBFQgEBSAGYAQE=
2026-09-30,2026-12-17,2026-12-23,outbound,STARLUX Airlines,"10:10 AM on Thu, Dec 17","2:20 PM on Thu, Dec 17",3 hr 10 min,0,NT$14852,round_trip,TRUE,FALSE,typical,https://www.google.com/travel/flights?tfs=GhwSCjIwMjYtMTItMTcoAGoFEgNUUEVyBRIDTlJUGhwSCjIwMjYtMTItMjMoAGoFEgNOUlRyBRIDVFBFQgEBSAGYAQE=
2026-09-30,2026-12-17,2026-12-23,outbound,China Airlines,"9:30 AM on Thu, Dec 17","1:30 PM on Thu, Dec 17",3 hr,0,NT$15355,round_trip,TRUE,FALSE,typical,https://www.google.com/travel/flights?tfs=GhwSCjIwMjYtMTItMTcoAGoFEgNUUEVyBRIDTlJUGhwSCjIwMjYtMTItMjMoAGoFEgNOUlRyBRIDVFBFQgEBSAGYAQE=
2026-09-30,2026-12-17,2026-12-23,outbound,EVA Air,"7:55 AM on Thu, Dec 17","12:00 PM on Thu, Dec 17",3 hr 5 min,0,NT$15655,round_trip,TRUE,FALSE,typical,https://www.google.com/travel/flights?tfs=GhwSCjIwMjYtMTItMTcoAGoFEgNUUEVyBRIDTlJUGhwSCjIwMjYtMTItMjMoAGoFEgNOUlRyBRIDVFBFQgEBSAGYAQE=
2026-09-30,2026-12-17,2026-12-23,outbound,EVA Air,"8:50 AM on Thu, Dec 17","12:55 PM on Thu, Dec 17",3 hr 5 min,0,NT$15655,round_trip,TRUE,FALSE,typical,https://www.google.com/travel/flights?tfs=GhwSCjIwMjYtMTItMTcoAGoFEgNUUEVyBRIDTlJUGhwSCjIwMjYtMTItMjMoAGoFEgNOUlRyBRIDVFBFQgEBSAGYAQE=
2026-09-30,2026-12-17,2026-12-23,outbound,STARLUX Airlines,"8:25 AM on Thu, Dec 17","12:35 PM on Thu, Dec 17",3 hr 10 min,0,NT$16163,round_trip,TRUE,FALSE,typical,https://www.google.com/travel/flights?tfs=GhwSCjIwMjYtMTItMTcoAGoFEgNUUEVyBRIDTlJUGhwSCjIwMjYtMTItMjMoAGoFEgNOUlRyBRIDVFBFQgEBSAGYAQE=
2026-09-30,2026-12-17,2026-12-23,outbound,China Airlines,"12:35 PM on Thu, Dec 17","4:35 PM on Thu, Dec 17",3 hr,0,NT$16571,round_trip,TRUE,FALSE,typical,https://www.google.com/travel/flights?tfs=GhwSCjIwMjYtMTItMTcoAGoFEgNUUEVyBRIDTlJUGhwSCjIwMjYtMTItMjMoAGoFEgNOUlRyBRIDVFBFQgEBSAGYAQE=
2026-09-30,2026-12-17,2026-12-23,outbound,JAL,"10:40 AM on Thu, Dec 17","2:40 PM on Thu, Dec 17",3 hr,0,NT$16883,round_trip,TRUE,FALSE,typical,https://www.google.com/travel/flights?tfs=GhwSCjIwMjYtMTItMTcoAGoFEgNUUEVyBRIDTlJUGhwSCjIwMjYtMTItMjMoAGoFEgNOUlRyBRIDVFBFQgEBSAGYAQE=
2026-09-30,2026-12-17,2026-12-23,return,EVA Air,"1:00 PM on Wed, Dec 23","4:05 PM on Wed, Dec 23",4 hr 5 min,0,NT$7400,one_way,FALSE,FALSE,typical,https://www.google.com/travel/flights?tfs=GhwSCjIwMjYtMTItMjMoAGoFEgNOUlRyBRIDVFBFQgEBSAGYAQI=
2026-09-30,2026-12-17,2026-12-23,return,Cathay Pacific,"3:30 PM on Wed, Dec 23","6:35 PM on Wed, Dec 23",4 hr 5 min,0,NT$8494,one_way,FALSE,FALSE,typical,https://www.google.com/travel/flights?tfs=GhwSCjIwMjYtMTItMjMoAGoFEgNOUlRyBRIDVFBFQgEBSAGYAQI=
2026-09-30,2026-12-17,2026-12-23,return,STARLUX Airlines,"1:45 PM on Wed, Dec 23","4:50 PM on Wed, Dec 23",4 hr 5 min,0,NT$8603,one_way,FALSE,FALSE,typical,https://www.google.com/travel/flights?tfs=GhwSCjIwMjYtMTItMjMoAGoFEgNOUlRyBRIDVFBFQgEBSAGYAQI=
2026-09-30,2026-12-17,2026-12-23,return,STARLUX Airlines,"3:40 PM on Wed, Dec 23","6:45 PM on Wed, Dec 23",4 hr 5 min,0,NT$8603,one_way,FALSE,FALSE,typical,https://www.google.com/travel/flights?tfs=GhwSCjIwMjYtMTItMjMoAGoFEgNOUlRyBRIDVFBFQgEBSAGYAQI=
2026-09-30,2026-12-17,2026-12-23,return,STARLUX Airlines,"8:10 PM on Wed, Dec 23","11:20 PM on Wed, Dec 23",4 hr 10 min,0,NT$8603,one_way,TRUE,FALSE,typical,https://www.google.com/travel/flights?tfs=GhwSCjIwMjYtMTItMjMoAGoFEgNOUlRyBRIDVFBFQgEBSAGYAQI=
2026-09-30,2026-12-17,2026-12-23,return,China Airlines,"9:20 AM on Wed, Dec 23","12:30 PM on Wed, Dec 23",4 hr 10 min,0,NT$9166,one_way,FALSE,FALSE,typical,https://www.google.com/travel/flights?tfs=GhwSCjIwMjYtMTItMjMoAGoFEgNOUlRyBRIDVFBFQgEBSAGYAQI=
2026-09-30,2026-12-17,2026-12-23,return,EVA Air,"2:00 PM on Wed, Dec 23","5:05 PM on Wed, Dec 23",4 hr 5 min,0,NT$10464,one_way,FALSE,FALSE,typical,https://www.google.com/travel/flights?tfs=GhwSCjIwMjYtMTItMjMoAGoFEgNOUlRyBRIDVFBFQgEBSAGYAQI=
2026-09-30,2026-12-17,2026-12-23,return,EVA Air,"8:20 PM on Wed, Dec 23","11:25 PM on Wed, Dec 23",4 hr 5 min,0,NT$10464,one_way,TRUE,FALSE,typical,https://www.google.com/travel/flights?tfs=GhwSCjIwMjYtMTItMjMoAGoFEgNOUlRyBRIDVFBFQgEBSAGYAQI=
2026-09-30,2026-12-17,2026-12-23,return,China Airlines,"2:35 PM on Wed, Dec 23","5:45 PM on Wed, Dec 23",4 hr 10 min,0,NT$11195,one_way,FALSE,FALSE,typical,https://www.google.com/travel/flights?tfs=GhwSCjIwMjYtMTItMjMoAGoFEgNOUlRyBRIDVFBFQgEBSAGYAQI=
2026-09-30,2026-12-17,2026-12-23,return,China Airlines,"5:45 PM on Wed, Dec 23","8:55 PM on Wed, Dec 23",4 hr 10 min,0,NT$14077,one_way,FALSE,FALSE,typical,https://www.google.com/travel/flights?tfs=GhwSCjIwMjYtMTItMjMoAGoFEgNOUlRyBRIDVFBFQgEBSAGYAQI=
2026-09-30,2026-12-17,2026-12-23,return,China Airlines,"7:30 PM on Wed, Dec 23","10:45 PM on Wed, Dec 23",4 hr 15 min,0,NT$14077,one_way,FALSE,FALSE,typical,https://www.google.com/travel/flights?tfs=GhwSCjIwMjYtMTItMjMoAGoFEgNOUlRyBRIDVFBFQgEBSAGYAQI=
2026-09-30,2026-12-16,2026-12-22,outbound,China Airlines,"4:25 PM on Wed, Dec 16","8:30 PM on Wed, Dec 16",3 hr 5 min,0,NT$13146,round_trip,FALSE,FALSE,typical,https://www.google.com/travel/flights?tfs=GhwSCjIwMjYtMTItMTYoAGoFEgNUUEVyBRIDTlJUGhwSCjIwMjYtMTItMjIoAGoFEgNOUlRyBRIDVFBFQgEBSAGYAQE=
2026-09-30,2026-12-16,2026-12-22,outbound,Cathay Pacific,"12:50 PM on Wed, Dec 16","4:50 PM on Wed, Dec 16",3 hr,0,NT$13483,round_trip,TRUE,FALSE,typical,https://www.google.com/travel/flights?tfs=GhwSCjIwMjYtMTItMTYoAGoFEgNUUEVyBRIDTlJUGhwSCjIwMjYtMTItMjIoAGoFEgNOUlRyBRIDVFBFQgEBSAGYAQE=
2026-09-30,2026-12-16,2026-12-22,outbound,STARLUX Airlines,"3:00 PM on Wed, Dec 16","7:00 PM on Wed, Dec 16",3 hr,0,NT$13931,round_trip,FALSE,FALSE,typical,https://www.google.com/travel/flights?tfs=GhwSCjIwMjYtMTItMTYoAGoFEgNUUEVyBRIDTlJUGhwSCjIwMjYtMTItMjIoAGoFEgNOUlRyBRIDVFBFQgEBSAGYAQE=
2026-09-30,2026-12-16,2026-12-22,outbound,China Airlines,"12:35 PM on Wed, Dec 16","4:35 PM on Wed, Dec 16",3 hr,0,NT$13965,round_trip,TRUE,FALSE,typical,https://www.google.com/travel/flights?tfs=GhwSCjIwMjYtMTItMTYoAGoFEgNUUEVyBRIDTlJUGhwSCjIwMjYtMTItMjIoAGoFEgNOUlRyBRIDVFBFQgEBSAGYAQE=
2026-09-30,2026-12-16,2026-12-22,outbound,EVA Air,"3:20 PM on Wed, Dec 16","7:20 PM on Wed, Dec 16",3 hr,0,NT$14101,round_trip,FALSE,FALSE,typical,https://www.google.com/travel/flights?tfs=GhwSCjIwMjYtMTItMTYoAGoFEgNUUEVyBRIDTlJUGhwSCjIwMjYtMTItMjIoAGoFEgNOUlRyBRIDVFBFQgEBSAGYAQE=
2026-09-30,2026-12-16,2026-12-22,outbound,China Airlines,"9:30 AM on Wed, Dec 16","1:30 PM on Wed, Dec 16",3 hr,0,NT$14131,round_trip,TRUE,FALSE,typical,https://www.google.com/travel/flights?tfs=GhwSCjIwMjYtMTItMTYoAGoFEgNUUEVyBRIDTlJUGhwSCjIwMjYtMTItMjIoAGoFEgNOUlRyBRIDVFBFQgEBSAGYAQE=
2026-09-30,2026-12-16,2026-12-22,outbound,EVA Air,"7:55 AM on Wed, Dec 16","12:00 PM on Wed, Dec 16",3 hr 5 min,0,NT$15046,round_trip,TRUE,FALSE,typical,https://www.google.com/travel/flights?tfs=GhwSCjIwMjYtMTItMTYoAGoFEgNUUEVyBRIDTlJUGhwSCjIwMjYtMTItMjIoAGoFEgNOUlRyBRIDVFBFQgEBSAGYAQE=
2026-09-30,2026-12-16,2026-12-22,outbound,EVA Air,"8:50 AM on Wed, Dec 16","12:55 PM on Wed, Dec 16",3 hr 5 min,0,NT$15046,round_trip,TRUE,FALSE,typical,https://www.google.com/travel/flights?tfs=GhwSCjIwMjYtMTItMTYoAGoFEgNUUEVyBRIDTlJUGhwSCjIwMjYtMTItMjIoAGoFEgNOUlRyBRIDVFBFQgEBSAGYAQE=
2026-09-30,2026-12-16,2026-12-22,outbound,China Airlines,"2:25 PM on Wed, Dec 16","6:30 PM on Wed, Dec 16",3 hr 5 min,0,NT$15275,round_trip,FALSE,FALSE,typical,https://www.google.com/travel/flights?tfs=GhwSCjIwMjYtMTItMTYoAGoFEgNUUEVyBRIDTlJUGhwSCjIwMjYtMTItMjIoAGoFEgNOUlRyBRIDVFBFQgEBSAGYAQE=
2026-09-30,2026-12-16,2026-12-22,outbound,STARLUX Airlines,"8:25 AM on Wed, Dec 16","12:35 PM on Wed, Dec 16",3 hr 10 min,0,NT$15554,round_trip,TRUE,FALSE,typical,https://www.google.com/travel/flights?tfs=GhwSCjIwMjYtMTItMTYoAGoFEgNUUEVyBRIDTlJUGhwSCjIwMjYtMTItMjIoAGoFEgNOUlRyBRIDVFBFQgEBSAGYAQE=
2026-09-30,2026-12-16,2026-12-22,outbound,STARLUX Airlines,"10:10 AM on Wed, Dec 16","2:20 PM on Wed, Dec 16",3 hr 10 min,0,NT$15554,round_trip,TRUE,FALSE,typical,https://www.google.com/travel/flights?tfs=GhwSCjIwMjYtMTItMTYoAGoFEgNUUEVyBRIDTlJUGhwSCjIwMjYtMTItMjIoAGoFEgNOUlRyBRIDVFBFQgEBSAGYAQE=
2026-09-30,2026-12-16,2026-12-22,return,EVA Air,"1:00 PM on Tue, Dec 22","4:05 PM on Tue, Dec 22",4 hr 5 min,0,NT$7400,one_way,FALSE,FALSE,typical,https://www.google.com/travel/flights?tfs=GhwSCjIwMjYtMTItMjIoAGoFEgNOUlRyBRIDVFBFQgEBSAGYAQI=
2026-09-30,2026-12-16,2026-12-22,return,STARLUX Airlines,"1:45 PM on Tue, Dec 22","4:50 PM on Tue, Dec 22",4 hr 5 min,0,NT$7487,one_way,FALSE,FALSE,typical,https://www.google.com/travel/flights?tfs=GhwSCjIwMjYtMTItMjIoAGoFEgNOUlRyBRIDVFBFQgEBSAGYAQI=
2026-09-30,2026-12-16,2026-12-22,return,China Airlines,"9:20 AM on Tue, Dec 22","12:30 PM on Tue, Dec 22",4 hr 10 min,0,NT$7826,one_way,FALSE,FALSE,typical,https://www.google.com/travel/flights?tfs=GhwSCjIwMjYtMTItMjIoAGoFEgNOUlRyBRIDVFBFQgEBSAGYAQI=
2026-09-30,2026-12-16,2026-12-22,return,Cathay Pacific,"3:30 PM on Tue, Dec 22","6:35 PM on Tue, Dec 22",4 hr 5 min,0,NT$8494,one_way,FALSE,FALSE,typical,https://www.google.com/travel/flights?tfs=GhwSCjIwMjYtMTItMjIoAGoFEgNOUlRyBRIDVFBFQgEBSAGYAQI=
2026-09-30,2026-12-16,2026-12-22,return,STARLUX Airlines,"3:40 PM on Tue, Dec 22","6:45 PM on Tue, Dec 22",4 hr 5 min,0,NT$9618,one_way,FALSE,FALSE,typical,https://www.google.com/travel/flights?tfs=GhwSCjIwMjYtMTItMjIoAGoFEgNOUlRyBRIDVFBFQgEBSAGYAQI=
2026-09-30,2026-12-16,2026-12-22,return,STARLUX Airlines,"8:10 PM on Tue, Dec 22","11:20 PM on Tue, Dec 22",4 hr 10 min,0,NT$9618,one_way,TRUE,FALSE,typical,https://www.google.com/travel/flights?tfs=GhwSCjIwMjYtMTItMjIoAGoFEgNOUlRyBRIDVFBFQgEBSAGYAQI=
2026-09-30,2026-12-16,2026-12-22,return,EVA Air,"2:00 PM on Tue, Dec 22","5:05 PM on Tue, Dec 22",4 hr 5 min,0,NT$10464,one_way,FALSE,FALSE,typical,https://www.google.com/travel/flights?tfs=GhwSCjIwMjYtMTItMjIoAGoFEgNOUlRyBRIDVFBFQgEBSAGYAQI=
2026-09-30,2026-12-16,2026-12-22,return,EVA Air,"8:20 PM on Tue, Dec 22","11:25 PM on Tue, Dec 22",4 hr 5 min,0,NT$10464,one_way,TRUE,FALSE,typical,https://www.google.com/travel/flights?tfs=GhwSCjIwMjYtMTItMjIoAGoFEgNOUlRyBRIDVFBFQgEBSAGYAQI=
2026-09-30,2026-12-16,2026-12-22,return,China Airlines,"2:35 PM on Tue, Dec 22","5:45 PM on Tue, Dec 22",4 hr 10 min,0,NT$11195,one_way,FALSE,FALSE,typical,https://www.google.com/travel/flights?tfs=GhwSCjIwMjYtMTItMjIoAGoFEgNOUlRyBRIDVFBFQgEBSAGYAQI=
2026-09-30,2026-12-16,2026-12-22,return,China Airlines,"5:45 PM on Tue, Dec 22","8:55 PM on Tue, Dec 22",4 hr 10 min,0,NT$14077,one_way,FALSE,FALSE,typical,https://www.google.com/travel/flights?tfs=GhwSCjIwMjYtMTItMjIoAGoFEgNOUlRyBRIDVFBFQgEBSAGYAQI=
2026-09-30,2026-12-16,2026-12-22,return,China Airlines,"7:30 PM on Tue, Dec 22","10:45 PM on Tue, Dec 22",4 hr 15 min,0,NT$14077,one_way,FALSE,FALSE,typical,https://www.google.com/travel/flights?tfs=GhwSCjIwMjYtMTItMjIoAGoFEgNOUlRyBRIDVFBFQgEBSAGYAQI=
2026-10-01,2026-12-17,2026-12-23,outbound,STARLUX Airlines,"3:00 PM on Thu, Dec 17","7:00 PM on Thu, Dec 17",3 hr,0,NT$14214,round_trip,FALSE,FALSE,typical,https://www.google.com/travel/flights?tfs=GhwSCjIwMjYtMTItMTcoAGoFEgNUUEVyBRIDTlJUGhwSCjIwMjYtMTItMjMoAGoFEgNOUlRyBRIDVFBFQgEBSAGYAQE=
2026-10-01,2026-12-17,2026-12-23,outbound,China Airlines,"4:25 PM on Thu, Dec 17","8:30 PM on Thu, Dec 17",3 hr 5 min,0,NT$14310,round_trip,FALSE,FALSE,typical,https://www.google.com/travel/flights?tfs=GhwSCjIwMjYtMTItMTcoAGoFEgNUUEVyBRIDTlJUGhwSCjIwMjYtMTItMjMoAGoFEgNOUlRyBRIDVFBFQgEBSAGYAQE=
2026-10-01,2026-12-17,2026-12-23,outbound,EVA Air,"3:20 PM on Thu, Dec 17","7:20 PM on Thu, Dec 17",3 hr,0,NT$14384,round_trip,FALSE,FALSE,typical,https://www.google.com/travel/flights?tfs=GhwSCjIwMjYtMTItMTcoAGoFEgNUUEVyBRIDTlJUGhwSCjIwMjYtMTItMjMoAGoFEgNOUlRyBRIDVFBFQgEBSAGYAQE=
2026-10-01,2026-12-17,2026-12-23,outbound,STARLUX Airlines,"10:10 AM on Thu, Dec 17","2:20 PM on Thu, Dec 17",3 hr 10 min,0,NT$14526,round_trip,TRUE,FALSE,typical,https://www.google.com/travel/flights?tfs=GhwSCjIwMjYtMTItMTcoAGoFEgNUUEVyBRIDTlJUGhwSCjIwMjYtMTItMjMoAGoFEgNOUlRyBRIDVFBFQgEBSAGYAQE=
2026-10-01,2026-12-17,2026-12-23,outbound,Cathay Pacific,"12:50 PM on Thu, Dec 17","4:50 PM on Thu, Dec 17",3 hr,0,NT$14698,round_trip,TRUE,FALSE,typical,https://www.google.com/travel/flights?tfs=GhwSCjIwMjYtMTItMTcoAGoFEgNUUEVyBRIDTlJUGhwSCjIwMjYtMTItMjMoAGoFEgNOUlRyBRIDVFBFQgEBSAGYAQE=
2026-10-01,2026-12-17,2026-12-23,outbound,EVA Air,"7:55 AM on Thu, Dec 17","12:00 PM on Thu, Dec 17",3 hr 5 min,0,NT$15329,round_trip,TRUE,FALSE,typical,https://www.google.com/travel/flights?tfs=GhwSCjIwMjYtMTItMTcoAGoFEgNUUEVyBRIDTlJUGhwSCjIwMjYtMTItMjMoAGoFEgNOUlRyBRIDVFBFQgEBSAGYAQE=
2026-10-01,2026-12-17,2026-12-23,outbound,EVA Air,"8:50 AM on Thu, Dec 17","12:55 PM on Thu, Dec 17",3 hr 5 min,0,NT$15329,round_trip,TRUE,FALSE,typical,https://www.google.com/travel/flights?tfs=GhwSCjIwMjYtMTItMTcoAGoFEgNUUEVyBRIDTlJUGhwSCjIwMjYtMTItMjMoAGoFEgNOUlRyBRIDVFBFQgEBSAGYAQE=
2026-10-01,2026-12-17,2026-12-23,outbound,STARLUX Airlines,"8:25 AM on Thu, Dec 17","12:35 PM on Thu, Dec 17",3 hr 10 min,0,NT$15837,round_trip,TRUE,FALSE,typical,https://www.google.com/travel/flights?tfs=GhwSCjIwMjYtMTItMTcoAGoFEgNUUEVyBRIDTlJUGhwSCjIwMjYtMTItMjMoAGoFEgNOUlRyBRIDVFBFQgEBSAGYAQE=
2026-10-01,2026-12-17,2026-12-23,outbound,China Airlines,"9:30 AM on Thu, Dec 17","1:30 PM on Thu, Dec 17",3 hr,0,NT$15933,round_trip,TRUE,FALSE,typical,https://www.google.com/travel/flights?tfs=GhwSCjIwMjYtMTItMTcoAGoFEgNUUEVyBRIDTlJUGhwSCjIwMjYtMTItMjMoAGoFEgNOUlRyBRIDVFBFQgEBSAGYAQE=
2026-10-01,2026-12-17,2026-12-23,outbound,China Airlines,"12:35 PM on Thu, Dec 17","4:35 PM on Thu, Dec 17",3 hr,0,NT$16245,round_trip,TRUE,FALSE,typical,https://www.google.com/travel/flights?tfs=GhwSCjIwMjYtMTItMTcoAGoFEgNUUEVyBRIDTlJUGhwSCjIwMjYtMTItMjMoAGoFEgNOUlRyBRIDVFBFQgEBSAGYAQE=
2026-10-01,2026-12-17,2026-12-23,outbound,JAL,"10:40 AM on Thu, Dec 17","2:40 PM on Thu, Dec 17",3 hr,0,NT$16556,round_trip,TRUE,FALSE,typical,https://www.google.com/travel/flights?tfs=GhwSCjIwMjYtMTItMTcoAGoFEgNUUEVyBRIDTlJUGhwSCjIwMjYtMTItMjMoAGoFEgNOUlRyBRIDVFBFQgEBSAGYAQE=
2026-10-01,2026-12-17,2026-12-23,return,EVA Air,"1:00 PM on Wed, Dec 23","4:05 PM on Wed, Dec 23",4 hr 5 min,0,NT$7538,one_way,FALSE,FALSE,typical,https://www.google.com/travel/flights?tfs=GhwSCjIwMjYtMTItMjMoAGoFEgNOUlRyBRIDVFBFQgEBSAGYAQI=
2026-10-01,2026-12-17,2026-12-23,return,STARLUX Airlines,"1:45 PM on Wed, Dec 23","4:50 PM on Wed, Dec 23",4 hr 5 min,0,NT$8553,one_way,FALSE,FALSE,typical,https://www.google.com/travel/flights?tfs=GhwSCjIwMjYtMTItMjMoAGoFEgNOUlRyBRIDVFBFQgEBSAGYAQI=
2026-10-01,2026-12-17,2026-12-23,return,STARLUX Airlines,"3:40 PM on Wed, Dec 23","6:45 PM on Wed, Dec 23",4 hr 5 min,0,NT$8553,one_way,FALSE,FALSE,typical,https://www.google.com/travel/flights?tfs=GhwSCjIwMjYtMTItMjMoAGoFEgNOUlRyBRIDVFBFQgEBSAGYAQI=
2026-10-01,2026-12-17,2026-12-23,return,STARLUX Airlines,"8:10 PM on Wed, Dec 23","11:20 PM on Wed, Dec 23",4 hr 10 min,0,NT$8553,one_way,TRUE,FALSE,typical,https://www.google.com/travel/flights?tfs=GhwSCjIwMjYtMTItMjMoAGoFEgNOUlRyBRIDVFBFQgEBSAGYAQI=
2026-10-01,2026-12-17,2026-12-23,return,China Airlines,"9:20 AM on Wed, Dec 23","12:30 PM on Wed, Dec 23",4 hr 10 min,0,NT$9112,one_way,FALSE,FALSE,typical,https://www.google.com/travel/flights?tfs=GhwSCjIwMjYtMTItMjMoAGoFEgNOUlRyBRIDVFBFQgEBSAGYAQI=
2026-10-01,2026-12-17,2026-12-23,return,Cathay Pacific,"3:30 PM on Wed, Dec 23","6:35 PM on Wed, Dec 23",4 hr 5 min,0,NT$9675,one_way,FALSE,FALSE,typical,https://www.google.com/travel/flights?tfs=GhwSCjIwMjYtMTItMjMoAGoFEgNOUlRyBRIDVFBFQgEBSAGYAQI=
2026-10-01,2026-12-17,2026-12-23,return,EVA Air,"2:00 PM on Wed, Dec 23","5:05 PM on Wed, Dec 23",4 hr 5 min,0,NT$11130,one_way,FALSE,FALSE,typical,https://www.google.com/travel/flights?tfs=GhwSCjIwMjYtMTItMjMoAGoFEgNOUlRyBRIDVFBFQgEBSAGYAQI=
2026-10-01,2026-12-17,2026-12-23,return,China Airlines,"2:35 PM on Wed, Dec 23","5:45 PM on Wed, Dec 23",4 hr 10 min,0,NT$11130,one_way,FALSE,FALSE,typical,https://www.google.com/travel/flights?tfs=GhwSCjIwMjYtMTItMjMoAGoFEgNOUlRyBRIDVFBFQgEBSAGYAQI=
2026-10-01,2026-12-17,2026-12-23,return,EVA Air,"8:20 PM on Wed, Dec 23","11:25 PM on Wed, Dec 23",4 hr 5 min,0,NT$11130,one_way,TRUE,FALSE,typical,https://www.google.com/travel/flights?tfs=GhwSCjIwMjYtMTItMjMoAGoFEgNOUlRyBRIDVFBFQgEBSAGYAQI=
2026-10-01,2026-12-17,2026-12-23,return,China Airlines,"5:45 PM on Wed, Dec 23","8:55 PM on Wed, Dec 23",4 hr 10 min,0,NT$13995,one_way,FALSE,FALSE,typical,https://www.google.com/travel/flights?tfs=GhwSCjIwMjYtMTItMjMoAGoFEgNOUlRyBRIDVFBFQgEBSAGYAQI=
2026-10-01,2026-12-17,2026-12-23,return,China Airlines,"7:30 PM on Wed, Dec 23","10:45 PM on Wed, Dec 23",4 hr 15 min,0,NT$13995,one_way,FALSE,FALSE,typical,https://www.google.com/travel/flights?tfs=GhwSCjIwMjYtMTItMjMoAGoFEgNOUlRyBRIDVFBFQgEBSAGYAQI=
2026-10-01,2026-12-16,2026-12-22,outbound,STARLUX Airlines,"3:00 PM on Wed, Dec 16","7:00 PM on Wed, Dec 16",3 hr,0,NT$13608,round_trip,FALSE,FALSE,typical,https://www.google.com/travel/flights?tfs=GhwSCjIwMjYtMTItMTYoAGoFEgNUUEVyBRIDTlJUGhwSCjIwMjYtMTItMjIoAGoFEgNOUlRyBRIDVFBFQgEBSAGYAQE=
2026-10-01,2026-12-16,2026-12-22,outbound,China Airlines,"4:25 PM on Wed, Dec 16","8:30 PM on Wed, Dec 16",3 hr 5 min,0,NT$13704,round_trip,FALSE,FALSE,typical,https://www.google.com/travel/flights?tfs=GhwSCjIwMjYtMTItMTYoAGoFEgNUUEVyBRIDTlJUGhwSCjIwMjYtMTItMjIoAGoFEgNOUlRyBRIDVFBFQgEBSAGYAQE=
2026-10-01,2026-12-16,2026-12-22,outbound,EVA Air,"3:20 PM on Wed, Dec 16","7:20 PM on Wed, Dec 16",3 hr,0,NT$13778,round_trip,FALSE,FALSE,typical,https://www.google.com/travel/flights?tfs=GhwSCjIwMjYtMTItMTYoAGoFEgNUUEVyBRIDTlJUGhwSCjIwMjYtMTItMjIoAGoFEgNOUlRyBRIDVFBFQgEBSAGYAQE=
2026-10-01,2026-12-16,2026-12-22,outbound,Cathay Pacific,"12:50 PM on Wed, Dec 16","4:50 PM on Wed, Dec 16",3 hr,0,NT$14390,round_trip,TRUE,FALSE,typical,https://www.google.com/travel/flights?tfs=GhwSCjIwMjYtMTItMTYoAGoFEgNUUEVyBRIDTlJUGhwSCjIwMjYtMTItMjIoAGoFEgNOUlRyBRIDVFBFQgEBSAGYAQE=
2026-10-01,2026-12-16,2026-12-22,outbound,China Airlines,"9:30 AM on Wed, Dec 16","1:30 PM on Wed, Dec 16",3 hr,0,NT$14640,round_trip,TRUE,FALSE,typical,https://www.google.com/travel/flights?tfs=GhwSCjIwMjYtMTItMTYoAGoFEgNUUEVyBRIDTlJUGhwSCjIwMjYtMTItMjIoAGoFEgNOUlRyBRIDVFBFQgEBSAGYAQE=
2026-10-01,2026-12-16,2026-12-22,outbound,China Airlines,"12:35 PM on Wed, Dec 16","4:35 PM on Wed, Dec 16",3 hr,0,NT$14640,round_trip,TRUE,FALSE,typical,https://www.google.com/travel/flights?tfs=GhwSCjIwMjYtMTItMTYoAGoFEgNUUEVyBRIDTlJUGhwSCjIwMjYtMTItMjIoAGoFEgNOUlRyBRIDVFBFQgEBSAGYAQE=
2026-10-01,2026-12-16,2026-12-22,outbound,EVA Air,"7:55 AM on Wed, Dec 16","12:00 PM on Wed, Dec 16",3 hr 5 min,0,NT$14723,round_trip,TRUE,FALSE,typical,https://www.google.com/travel/flights?tfs=GhwSCjIwMjYtMTItMTYoAGoFEgNUUEVyBRIDTlJUGhwSCjIwMjYtMTItMjIoAGoFEgNOUlRyBRIDVFBFQgEBSAGYAQE=
2026-10-01,2026-12-16,2026-12-22,outbound,EVA Air,"8:50 AM on Wed, Dec 16","12:55 PM on Wed, Dec 16",3 hr 5 min,0,NT$14723,round_trip,TRUE,FALSE,typical,https://www.google.com/travel/flights?tfs=GhwSCjIwMjYtMTItMTYoAGoFEgNUUEVyBRIDTlJUGhwSCjIwMjYtMTItMjIoAGoFEgNOUlRyBRIDVFBFQgEBSAGYAQE=
2026-10-01,2026-12-16,2026-12-22,outbound,China Airlines,"2:25 PM on Wed, Dec 16","6:30 PM on Wed, Dec 16",3 hr 5 min,0,NT$14952,round_trip,FALSE,FALSE,typical,https://www.google.com/travel/flights?tfs=GhwSCjIwMjYtMTItMTYoAGoFEgNUUEVyBRIDTlJUGhwSCjIwMjYtMTItMjIoAGoFEgNOUlRyBRIDVFBFQgEBSAGYAQE=
2026-10-01,2026-12-16,2026-12-22,outbound,STARLUX Airlines,"8:25 AM on Wed, Dec 16","12:35 PM on Wed, Dec 16",3 hr 10 min,0,NT$15231,round_trip,TRUE,FALSE,typical,https://www.google.com/travel/flights?tfs=GhwSCjIwMjYtMTItMTYoAGoFEgNUUEVyBRIDTlJUGhwSCjIwMjYtMTItMjIoAGoFEgNOUlRyBRIDVFBFQgEBSAGYAQE=
2026-10-01,2026-12-16,2026-12-22,outbound,STARLUX Airlines,"10:10 AM on Wed, Dec 16","2:20 PM on Wed, Dec 16",3 hr 10 min,0,NT$15231,round_trip,TRUE,FALSE,typical,https://www.google.com/travel/flights?tfs=GhwSCjIwMjYtMTItMTYoAGoFEgNUUEVyBRIDTlJUGhwSCjIwMjYtMTItMjIoAGoFEgNOUlRyBRIDVFBFQgEBSAGYAQE=
2026-10-01,2026-12-16,2026-12-22,return,STARLUX Airlines,"1:45 PM on Tue, Dec 22","4:50 PM on Tue, Dec 22",4 hr 5 min,0,NT$7444,one_way,FALSE,FALSE,typical,https://www.google.com/travel/flights?tfs=GhwSCjIwMjYtMTItMjIoAGoFEgNOUlRyBRIDVFBFQgEBSAGYAQI=
2026-10-01,2026-12-16,2026-12-22,return,EVA Air,"1:00 PM on Tue, Dec 22","4:05 PM on Tue, Dec 22",4 hr 5 min,0,NT$7538,one_way,FALSE,FALSE,typical,https://www.google.com/travel/flights?tfs=GhwSCjIwMjYtMTItMjIoAGoFEgNOUlRyBRIDVFBFQgEBSAGYAQI=
2026-10-01,2026-12-16,2026-12-22,return,China Airlines,"9:20 AM on Tue, Dec 22","12:30 PM on Tue, Dec 22",4 hr 10 min,0,NT$7781,one_way,FALSE,FALSE,typical,https://www.google.com/travel/flights?tfs=GhwSCjIwMjYtMTItMjIoAGoFEgNOUlRyBRIDVFBFQgEBSAGYAQI=
2026-10-01,2026-12-16,2026-12-22,return,STARLUX Airlines,"3:40 PM on Tue, Dec 22","6:45 PM on Tue, Dec 22",4 hr 5 min,0,NT$9562,one_way,FALSE,FALSE,typical,https://www.google.com/travel/flights?tfs=GhwSCjIwMjYtMTItMjIoAGoFEgNOUlRyBRIDVFBFQgEBSAGYAQI=
2026-10-01,2026-12-16,2026-12-22,return,STARLUX Airlines,"8:10 PM on Tue, Dec 22","11:20 PM on Tue, Dec 22",4 hr 10 min,0,NT$9562,one_way,TRUE,FALSE,typical,https://www.google.com/travel/flights?tfs=GhwSCjIwMjYtMTItMjIoAGoFEgNOUlRyBRIDVFBFQgEBSAGYAQI=
2026-10-01,2026-12-16,2026-12-22,return,EVA Air,"2:00 PM on Tue, Dec 22","5:05 PM on Tue, Dec 22",4 hr 5 min,0,NT$9597,one_way,FALSE,FALSE,typical,https://www.google.com/travel/flights?tfs=GhwSCjIwMjYtMTItMjIoAGoFEgNOUlRyBRIDVFBFQgEBSAGYAQI=
2026-10-01,2026-12-16,2026-12-22,return,Cathay Pacific,"3:30 PM on Tue, Dec 22","6:35 PM on Tue, Dec 22",4 hr 5 min,0,NT$9675,one_way,FALSE,FALSE,typical,https://www.google.com/travel/flights?tfs=GhwSCjIwMjYtMTItMjIoAGoFEgNOUlRyBRIDVFBFQgEBSAGYAQI=
2026-10-01,2026-12-16,2026-12-22,return,China Airlines,"2:35 PM on Tue, Dec 22","5:45 PM on Tue, Dec 22",4 hr 10 min,0,NT$11130,one_way,FALSE,FALSE,typical,https://www.google.com/travel/flights?tfs=GhwSCjIwMjYtMTItMjIoAGoFEgNOUlRyBRIDVFBFQgEBSAGYAQI=
2026-10-01,2026-12-16,2026-12-22,return,EVA Air,"8:20 PM on Tue, Dec 22","11:25 PM on Tue, Dec 22",4 hr 5 min,0,NT$11130,one_way,TRUE,FALSE,typical,https://www.google.com/travel/flights?tfs=GhwSCjIwMjYtMTItMjIoAGoFEgNOUlRyBRIDVFBFQgEBSAGYAQI=
2026-10-01,2026-12-16,2026-12-22,return,China Airlines,"5:45 PM on Tue, Dec 22","8:55 PM on Tue, Dec 22",4 hr 10 min,0,NT$13995,one_way,FALSE,FALSE,typical,https://www.google.com/travel/flights?tfs=GhwSCjIwMjYtMTItMjIoAGoFEgNOUlRyBRIDVFBFQgEBSAGYAQI=
2026-10-01,2026-12-16,2026-12-22,return,China Airlines,"7:30 PM on Tue, Dec 22","10:45 PM on Tue, Dec 22",4 hr 15 min,0,NT$13995,one_way,FALSE,FALSE,typical,https://www.google.com/travel/flights?tfs=GhwSCjIwMjYtMTItMjIoAGoFEgNOUlRyBRIDVFBFQgEBSAGYAQI=
2026-10-02,2026-12-17,2026-12-23,outbound,STARLUX Airlines,"3:00 PM on Thu, Dec 17","7:00 PM on Thu, Dec 17",3 hr,0,NT$14229,round_trip,FALSE,FALSE,typical,https://www.google.com/travel/flights?tfs=GhwSCjIwMjYtMTItMTcoAGoFEgNUUEVyBRIDTlJUGhwSCjIwMjYtMTItMjMoAGoFEgNOUlRyBRIDVFBFQgEBSAGYAQE=
2026-10-02,2026-12-17,2026-12-23,outbound,China Airlines,"4:25 PM on Thu, Dec 17","8:30 PM on Thu, Dec 17",3 hr 5 min,0,NT$14325,round_trip,FALSE,FALSE,typical,https://www.google.com/travel/flights?tfs=GhwSCjIwMjYtMTItMTcoAGoFEgNUUEVyBRIDTlJUGhwSCjIwMjYtMTItMjMoAGoFEgNOUlRyBRIDVFBFQgEBSAGYAQE=
2026-10-02,2026-12-17,2026-12-23,outbound,Cathay Pacific,"12:50 PM on Thu, Dec 17","4:50 PM on Thu, Dec 17",3 hr,0,NT$14953,round_trip,TRUE,FALSE,typical,https://www.google.com/travel/flights?tfs=GhwSCjIwMjYtMTItMTcoAGoFEgNUUEVyBRIDTlJUGhwSCjIwMjYtMTItMjMoAGoFEgNOUlRyBRIDVFBFQgEBSAGYAQE=
2026-10-02,2026-12-17,2026-12-23,outbound,STARLUX Airlines,"8:25 AM on Thu, Dec 17","12:35 PM on Thu, Dec 17",3 hr 10 min,0,NT$15852,round_trip,TRUE,FALSE,typical,https://www.google.com/travel/flights?tfs=GhwSCjIwMjYtMTItMTcoAGoFEgNUUEVyBRIDTlJUGhwSCjIwMjYtMTItMjMoAGoFEgNOUlRyBRIDVFBFQgEBSAGYAQE=
2026-10-02,2026-12-17,2026-12-23,outbound,STARLUX Airlines,"10:10 AM on Thu, Dec 17","2:20 PM on Thu, Dec 17",3 hr 10 min,0,NT$15852,round_trip,TRUE,FALSE,typical,https://www.google.com/travel/flights?tfs=GhwSCjIwMjYtMTItMTcoAGoFEgNUUEVyBRIDTlJUGhwSCjIwMjYtMTItMjMoAGoFEgNOUlRyBRIDVFBFQgEBSAGYAQE=
2026-10-02,2026-12-17,2026-12-23,outbound,China Airlines,"9:30 AM on Thu, Dec 17","1:30 PM on Thu, Dec 17",3 hr,0,NT$15948,round_trip,TRUE,FALSE,typical,https://www.google.com/travel/flights?tfs=GhwSCjIwMjYtMTItMTcoAGoFEgNUUEVyBRIDTlJUGhwSCjIwMjYtMTItMjMoAGoFEgNOUlRyBRIDVFBFQgEBSAGYAQE=
2026-10-02,2026-12-17,2026-12-23,outbound,EVA Air,"3:20 PM on Thu, Dec 17","7:20 PM on Thu, Dec 17",3 hr,0,NT$16038,round_trip,FALSE,FALSE,typical,https://www.google.com/travel/flights?tfs=GhwSCjIwMjYtMTItMTcoAGoFEgNUUEVyBRIDTlJUGhwSCjIwMjYtMTItMjMoAGoFEgNOUlRyBRIDVFBFQgEBSAGYAQE=
2026-10-02,2026-12-17,2026-12-23,outbound,China Airlines,"12:35 PM on Thu, Dec 17","4:35 PM on Thu, Dec 17",3 hr,0,NT$16260,round_trip,TRUE,FALSE,typical,https://www.google.com/travel/flights?tfs=GhwSCjIwMjYtMTItMTcoAGoFEgNUUEVyBRIDTlJUGhwSCjIwMjYtMTItMjMoAGoFEgNOUlRyBRIDVFBFQgEBSAGYAQE=
2026-10-02,2026-12-17,2026-12-23,outbound,JAL,"10:40 AM on Thu, Dec 17","2:40 PM on Thu, Dec 17",3 hr,0,NT$16572,round_trip,TRUE,FALSE,typical,https://www.google.com/travel/flights?tfs=GhwSCjIwMjYtMTItMTcoAGoFEgNUUEVyBRIDTlJUGhwSCjIwMjYtMTItMjMoAGoFEgNOUlRyBRIDVFBFQgEBSAGYAQE=
2026-10-02,2026-12-17,2026-12-23,outbound,EVA Air,"8:50 AM on Thu, Dec 17","12:55 PM on Thu, Dec 17",3 hr 5 min,0,NT$16668,round_trip,TRUE,FALSE,typical,https://www.google.com/travel/flights?tfs=GhwSCjIwMjYtMTItMTcoAGoFEgNUUEVyBRIDTlJUGhwSCjIwMjYtMTItMjMoAGoFEgNOUlRyBRIDVFBFQgEBSAGYAQE=
2026-10-02,2026-12-17,2026-12-23,outbound,China Airlines,"2:25 PM on Thu, Dec 17","6:30 PM on Thu, Dec 17",3 hr 5 min,0,NT$17236,round_trip,FALSE,FALSE,typical,https://www.google.com/travel/flights?tfs=GhwSCjIwMjYtMTItMTcoAGoFEgNUUEVyBRIDTlJUGhwSCjIwMjYtMTItMjMoAGoFEgNOUlRyBRIDVFBFQgEBSAGYAQE=
2026-10-02,2026-12-17,2026-12-23,return,EVA Air,"1:00 PM on Wed, Dec 23","4:05 PM on Wed, Dec 23",4 hr 5 min,0,NT$7558,one_way,FALSE,TRUE,typical,https://www.google.com/travel/flights?tfs=GhwSCjIwMjYtMTItMjMoAGoFEgNOUlRyBRIDVFBFQgEBSAGYAQI=
2026-10-02,2026-12-17,2026-12-23,return,STARLUX Airlines,"1:45 PM on Wed, Dec 23","4:50 PM on Wed, Dec 23",4 hr 5 min,0,NT$8576,one_way,FALSE,TRUE,typical,https://www.google.com/travel/flights?tfs=GhwSCjIwMjYtMTItMjMoAGoFEgNOUlRyBRIDVFBFQgEBSAGYAQI=
2026-10-02,2026-12-17,2026-12-23,return,STARLUX Airlines,"3:40 PM on Wed, Dec 23","6:45 PM on Wed, Dec 23",4 hr 5 min,0,NT$8576,one_way,FALSE,FALSE,typical,https://www.google.com/travel/flights?tfs=GhwSCjIwMjYtMTItMjMoAGoFEgNOUlRyBRIDVFBFQgEBSAGYAQI=
2026-10-02,2026-12-17,2026-12-23,return,STARLUX Airlines,"8:10 PM on Wed, Dec 23","11:20 PM on Wed, Dec 23",4 hr 10 min,0,NT$8576,one_way,TRUE,FALSE,typical,https://www.google.com/travel/flights?tfs=GhwSCjIwMjYtMTItMjMoAGoFEgNOUlRyBRIDVFBFQgEBSAGYAQI=
2026-10-02,2026-12-17,2026-12-23,return,Cathay Pacific,"3:30 PM on Wed, Dec 23","6:35 PM on Wed, Dec 23",4 hr 5 min,0,NT$9096,one_way,FALSE,FALSE,typical,https://www.google.com/travel/flights?tfs=GhwSCjIwMjYtMTItMjMoAGoFEgNOUlRyBRIDVFBFQgEBSAGYAQI=
2026-10-02,2026-12-17,2026-12-23,return,China Airlines,"9:20 AM on Wed, Dec 23","12:30 PM on Wed, Dec 23",4 hr 10 min,0,NT$9137,one_way,FALSE,FALSE,typical,https://www.google.com/travel/flights?tfs=GhwSCjIwMjYtMTItMjMoAGoFEgNOUlRyBRIDVFBFQgEBSAGYAQI=
2026-10-02,2026-12-17,2026-12-23,return,EVA Air,"2:00 PM on Wed, Dec 23","5:05 PM on Wed, Dec 23",4 hr 5 min,0,NT$11160,one_way,FALSE,FALSE,typical,https://www.google.com/travel/flights?tfs=GhwSCjIwMjYtMTItMjMoAGoFEgNOUlRyBRIDVFBFQgEBSAGYAQI=
2026-10-02,2026-12-17,2026-12-23,return,China Airlines,"2:35 PM on Wed, Dec 23","5:45 PM on Wed, Dec 23",4 hr 10 min,0,NT$11160,one_way,FALSE,FALSE,typical,https://www.google.com/travel/flights?tfs=GhwSCjIwMjYtMTItMjMoAGoFEgNOUlRyBRIDVFBFQgEBSAGYAQI=
2026-10-02,2026-12-17,2026-12-23,return,EVA Air,"8:20 PM on Wed, Dec 23","11:25 PM on Wed, Dec 23",4 hr 5 min,0,NT$11160,one_way,TRUE,FALSE,typical,https://www.google.com/travel/flights?tfs=GhwSCjIwMjYtMTItMjMoAGoFEgNOUlRyBRIDVFBFQgEBSAGYAQI=
2026-10-02,2026-12-17,2026-12-23,return,China Airlines,"5:45 PM on Wed, Dec 23","8:55 PM on Wed, Dec 23",4 hr 10 min,0,NT$14034,one_way,FALSE,FALSE,typical,https://www.google.com/travel/flights?tfs=GhwSCjIwMjYtMTItMjMoAGoFEgNOUlRyBRIDVFBFQgEBSAGYAQI=
2026-10-02,2026-12-17,2026-12-23,return,China Airlines,"7:30 PM on Wed, Dec 23","10:45 PM on Wed, Dec 23",4 hr 15 min,0,NT$14034,one_way,FALSE,FALSE,typical,https://www.google.com/travel/flights?tfs=GhwSCjIwMjYtMTItMjMoAGoFEgNOUlRyBRIDVFBFQgEBSAGYAQI=
2026-10-02,2026-12-16,2026-12-22,outbound,STARLUX Airlines,"3:00 PM on Wed, Dec 16","7:00 PM on Wed, Dec 16",3 hr,0,NT$13621,round_trip,FALSE,FALSE,typical,https://www.google.com/travel/flights?tfs=GhwSCjIwMjYtMTItMTYoAGoFEgNUUEVyBRIDTlJUGhwSCjIwMjYtMTItMjIoAGoFEgNOUlRyBRIDVFBFQgEBSAGYAQE=
2026-10-02,2026-12-16,2026-12-22,outbound,China Airlines,"4:25 PM on Wed, Dec 16","8:30 PM on Wed, Dec 16",3 hr 5 min,0,NT$13717,round_trip,FALSE,FALSE,typical,https://www.google.com/travel/flights?tfs=GhwSCjIwMjYtMTItMTYoAGoFEgNUUEVyBRIDTlJUGhwSCjIwMjYtMTItMjIoAGoFEgNOUlRyBRIDVFBFQgEBSAGYAQE=
2026-10-02,2026-12-16,2026-12-22,outbound,EVA Air,"3:20 PM on Wed, Dec 16","7:20 PM on Wed, Dec 16",3 hr,0,NT$13791,round_trip,FALSE,FALSE,typical,https://www.google.com/travel/flights?tfs=GhwSCjIwMjYtMTItMTYoAGoFEgNUUEVyBRIDTlJUGhwSCjIwMjYtMTItMjIoAGoFEgNOUlRyBRIDVFBFQgEBSAGYAQE=
2026-10-02,2026-12-16,2026-12-22,outbound,Cathay Pacific,"12:50 PM on Wed, Dec 16","4:50 PM on Wed, Dec 16",3 hr,0,NT$14402,round_trip,TRUE,FALSE,typical,https://www.google.com/travel/flights?tfs=GhwSCjIwMjYtMTItMTYoAGoFEgNUUEVyBRIDTlJUGhwSCjIwMjYtMTItMjIoAGoFEgNOUlRyBRIDVFBFQgEBSAGYAQE=
2026-10-02,2026-12-16,2026-12-22,outbound,China Airlines,"9:30 AM on Wed, Dec 16","1:30 PM on Wed, Dec 16",3 hr,0,NT$14653,round_trip,TRUE,FALSE,typical,https://www.google.com/travel/flights?tfs=GhwSCjIwMjYtMTItMTYoAGoFEgNUUEVyBRIDTlJUGhwSCjIwMjYtMTItMjIoAGoFEgNOUlRyBRIDVFBFQgEBSAGYAQE=
2026-10-02,2026-12-16,2026-12-22,outbound,China Airlines,"12:35 PM on Wed, Dec 16","4:35 PM on Wed, Dec 16",3 hr,0,NT$14653,round_trip,TRUE,FALSE,typical,https://www.google.com/travel/flights?tfs=GhwSCjIwMjYtMTItMTYoAGoFEgNUUEVyBRIDTlJUGhwSCjIwMjYtMTItMjIoAGoFEgNOUlRyBRIDVFBFQgEBSAGYAQE=
2026-10-02,2026-12-16,2026-12-22,outbound,EVA Air,"7:55 AM on Wed, Dec 16","12:00 PM on Wed, Dec 16",3 hr 5 min,0,NT$14736,round_trip,TRUE,FALSE,typical,https://www.google.com/travel/flights?tfs=GhwSCjIwMjYtMTItMTYoAGoFEgNUUEVyBRIDTlJUGhwSCjIwMjYtMTItMjIoAGoFEgNOUlRyBRIDVFBFQgEBSAGYAQE=
2026-10-02,2026-12-16,2026-12-22,outbound,EVA Air,"8:50 AM on Wed, Dec 16","12:55 PM on Wed, Dec 16",3 hr 5 min,0,NT$14736,round_trip,TRUE,FALSE,typical,https://www.google.com/travel/flights?tfs=GhwSCjIwMjYtMTItMTYoAGoFEgNUUEVyBRIDTlJUGhwSCjIwMjYtMTItMjIoAGoFEgNOUlRyBRIDVFBFQgEBSAGYAQE=
2026-10-02,2026-12-16,2026-12-22,outbound,China Airlines,"2:25 PM on Wed, Dec 16","6:30 PM on Wed, Dec 16",3 hr 5 min,0,NT$14965,round_trip,FALSE,FALSE,typical,https://www.google.com/travel/flights?tfs=GhwSCjIwMjYtMTItMTYoAGoFEgNUUEVyBRIDTlJUGhwSCjIwMjYtMTItMjIoAGoFEgNOUlRyBRIDVFBFQgEBSAGYAQE=
2026-10-02,2026-12-16,2026-12-22,outbound,STARLUX Airlines,"10:10 AM on Wed, Dec 16","2:20 PM on Wed, Dec 16",3 hr 10 min,0,NT$15244,round_trip,TRUE,FALSE,typical,https://www.google.com/travel/flights?tfs=GhwSCjIwMjYtMTItMTYoAGoFEgNUUEVyBRIDTlJUGhwSCjIwMjYtMTItMjIoAGoFEgNOUlRyBRIDVFBFQgEBSAGYAQE=
2026-10-02,2026-12-16,2026-12-22,outbound,STARLUX Airlines,"8:25 AM on Wed, Dec 16","12:35 PM on Wed, Dec 16",3 hr 10 min,0,NT$15868,round_trip,TRUE,FALSE,typical,https://www.google.com/travel/flights?tfs=GhwSCjIwMjYtMTItMTYoAGoFEgNUUEVyBRIDTlJUGhwSCjIwMjYtMTItMjIoAGoFEgNOUlRyBRIDVFBFQgEBSAGYAQE=
2026-10-02,2026-12-16,2026-12-22,return,EVA Air,"1:00 PM on Tue, Dec 22","4:05 PM on Tue, Dec 22",4 hr 5 min,0,NT$7558,one_way,FALSE,TRUE,typical,https://www.google.com/travel/flights?tfs=GhwSCjIwMjYtMTItMjIoAGoFEgNOUlRyBRIDVFBFQgEBSAGYAQI=
2026-10-02,2026-12-16,2026-12-22,return,STARLUX Airlines,"1:45 PM on Tue, Dec 22","4:50 PM on Tue, Dec 22",4 hr 5 min,0,NT$8576,one_way,FALSE,TRUE,typical,https://www.google.com/travel/flights?tfs=GhwSCjIwMjYtMTItMjIoAGoFEgNOUlRyBRIDVFBFQgEBSAGYAQI=
2026-10-02,2026-12-16,2026-12-22,return,China Airlines,"9:20 AM on Tue, Dec 22","12:30 PM on Tue, Dec 22",4 hr 10 min,0,NT$7801,one_way,FALSE,FALSE,typical,https://www.google.com/travel/flights?tfs=GhwSCjIwMjYtMTItMjIoAGoFEgNOUlRyBRIDVFBFQgEBSAGYAQI=
2026-10-02,2026-12-16,2026-12-22,return,Cathay Pacific,"3:30 PM on Tue, Dec 22","6:35 PM on Tue, Dec 22",4 hr 5 min,0,NT$9096,one_way,FALSE,FALSE,typical,https://www.google.com/travel/flights?tfs=GhwSCjIwMjYtMTItMjIoAGoFEgNOUlRyBRIDVFBFQgEBSAGYAQI=
2026-10-02,2026-12-16,2026-12-22,return,STARLUX Airlines,"3:40 PM on Tue, Dec 22","6:45 PM on Tue, Dec 22",4 hr 5 min,0,NT$9588,one_way,FALSE,FALSE,typical,https://www.google.com/travel/flights?tfs=GhwSCjIwMjYtMTItMjIoAGoFEgNOUlRyBRIDVFBFQgEBSAGYAQI=
2026-10-02,2026-12-16,2026-12-22,return,STARLUX Airlines,"8:10 PM on Tue, Dec 22","11:20 PM on Tue, Dec 22",4 hr 10 min,0,NT$9588,one_way,TRUE,FALSE,typical,https://www.google.com/travel/flights?tfs=GhwSCjIwMjYtMTItMjIoAGoFEgNOUlRyBRIDVFBFQgEBSAGYAQI=
2026-10-02,2026-12-16,2026-12-22,return,EVA Air,"2:00 PM on Tue, Dec 22","5:05 PM on Tue, Dec 22",4 hr 5 min,0,NT$9622,one_way,FALSE,FALSE,typical,https://www.google.com/travel/flights?tfs=GhwSCjIwMjYtMTItMjIoAGoFEgNOUlRyBRIDVFBFQgEBSAGYAQI=
2026-10-02,2026-12-16,2026-12-22,return,China Airlines,"2:35 PM on Tue, Dec 22","5:45 PM on Tue, Dec 22",4 hr 10 min,0,NT$11160,one_way,FALSE,FALSE,typical,https://www.google.com/travel/flights?tfs=GhwSCjIwMjYtMTItMjIoAGoFEgNOUlRyBRIDVFBFQgEBSAGYAQI=
2026-10-02,2026-12-16,2026-12-22,return,EVA Air,"8:20 PM on Tue, Dec 22","11:25 PM on Tue, Dec 22",4 hr 5 min,0,NT$12152,one_way,TRUE,FALSE,typical,https://www.google.com/travel/flights?tfs=GhwSCjIwMjYtMTItMjIoAGoFEgNOUlRyBRIDVFBFQgEBSAGYAQI=
2026-10-02,2026-12-16,2026-12-22,return,China Airlines,"5:45 PM on Tue, Dec 22","8:55 PM on Tue, Dec 22",4 hr 10 min,0,NT$14034,one_way,FALSE,FALSE,typical,https://www.google.com/travel/flights?tfs=GhwSCjIwMjYtMTItMjIoAGoFEgNOUlRyBRIDVFBFQgEBSAGYAQI=
2026-10-02,2026-12-16,2026-12-22,return,China Airlines,"7:30 PM on Tue, Dec 22","10:45 PM on Tue, Dec 22",4 hr 15 min,0,NT$14034,one_way,FALSE,FALSE,typical,https://www.google.com/travel/flights?tfs=GhwSCjIwMjYtMTItMjIoAGoFEgNOUlRyBRIDVFBFQgEBSAGYAQI=
2026-10-03,2026-12-17,2026-12-23,outbound,STARLUX Airlines,"3:00 PM on Thu, Dec 17","7:00 PM on Thu, Dec 17",3 hr,0,NT$14216,round_trip,FALSE,FALSE,typical,https://www.google.com/travel/flights?tfs=GhwSCjIwMjYtMTItMTcoAGoFEgNUUEVyBRIDTlJUGhwSCjIwMjYtMTItMjMoAGoFEgNOUlRyBRIDVFBFQgEBSAGYAQE=
2026-10-03,2026-12-17,2026-12-23,outbound,China Airlines,"4:25 PM on Thu, Dec 17","8:30 PM on Thu, Dec 17",3 hr 5 min,0,NT$14312,round_trip,FALSE,FALSE,typical,https://www.google.com/travel/flights?tfs=GhwSCjIwMjYtMTItMTcoAGoFEgNUUEVyBRIDTlJUGhwSCjIwMjYtMTItMjMoAGoFEgNOUlRyBRIDVFBFQgEBSAGYAQE=
2026-10-03,2026-12-17,2026-12-23,outbound,Cathay Pacific,"12:50 PM on Thu, Dec 17","4:50 PM on Thu, Dec 17",3 hr,0,NT$14996,round_trip,TRUE,FALSE,typical,https://www.google.com/travel/flights?tfs=GhwSCjIwMjYtMTItMTcoAGoFEgNUUEVyBRIDTlJUGhwSCjIwMjYtMTItMjMoAGoFEgNOUlRyBRIDVFBFQgEBSAGYAQE=
2026-10-03,2026-12-17,2026-12-23,outbound,China Airlines,"9:30 AM on Thu, Dec 17","1:30 PM on Thu, Dec 17",3 hr,0,NT$15248,round_trip,TRUE,FALSE,typical,https://www.google.com/travel/flights?tfs=GhwSCjIwMjYtMTItMTcoAGoFEgNUUEVyBRIDTlJUGhwSCjIwMjYtMTItMjMoAGoFEgNOUlRyBRIDVFBFQgEBSAGYAQE=
2026-10-03,2026-12-17,2026-12-23,outbound,China Airlines,"12:35 PM on Thu, Dec 17","4:35 PM on Thu, Dec 17",3 hr,0,NT$15560,round_trip,TRUE,FALSE,typical,https://www.google.com/travel/flights?tfs=GhwSCjIwMjYtMTItMTcoAGoFEgNUUEVyBRIDTlJUGhwSCjIwMjYtMTItMjMoAGoFEgNOUlRyBRIDVFBFQgEBSAGYAQE=
2026-10-03,2026-12-17,2026-12-23,outbound,STARLUX Airlines,"8:25 AM on Thu, Dec 17","12:35 PM on Thu, Dec 17",3 hr 10 min,0,NT$15839,round_trip,TRUE,FALSE,typical,https://www.google.com/travel/flights?tfs=GhwSCjIwMjYtMTItMTcoAGoFEgNUUEVyBRIDTlJUGhwSCjIwMjYtMTItMjMoAGoFEgNOUlRyBRIDVFBFQgEBSAGYAQE=
2026-10-03,2026-12-17,2026-12-23,outbound,STARLUX Airlines,"10:10 AM on Thu, Dec 17","2:20 PM on Thu, Dec 17",3 hr 10 min,0,NT$15839,round_trip,TRUE,FALSE,typical,https://www.google.com/travel/flights?tfs=GhwSCjIwMjYtMTItMTcoAGoFEgNUUEVyBRIDTlJUGhwSCjIwMjYtMTItMjMoAGoFEgNOUlRyBRIDVFBFQgEBSAGYAQE=
2026-10-03,2026-12-17,2026-12-23,outbound,EVA Air,"3:20 PM on Thu, Dec 17","7:20 PM on Thu, Dec 17",3 hr,0,NT$16025,round_trip,FALSE,FALSE,typical,https://www.google.com/travel/flights?tfs=GhwSCjIwMjYtMTItMTcoAGoFEgNUUEVyBRIDTlJUGhwSCjIwMjYtMTItMjMoAGoFEgNOUlRyBRIDVFBFQgEBSAGYAQE=
2026-10-03,2026-12-17,2026-12-23,outbound,JAL,"10:40 AM on Thu, Dec 17","2:40 PM on Thu, Dec 17",3 hr,0,NT$16559,round_trip,TRUE,FALSE,typical,https://www.google.com/travel/flights?tfs=GhwSCjIwMjYtMTItMTcoAGoFEgNUUEVyBRIDTlJUGhwSCjIwMjYtMTItMjMoAGoFEgNOUlRyBRIDVFBFQgEBSAGYAQE=
2026-10-03,2026-12-17,2026-12-23,outbound,EVA Air,"8:50 AM on Thu, Dec 17","12:55 PM on Thu, Dec 17",3 hr 5 min,0,NT$16655,round_trip,TRUE,FALSE,typical,https://www.google.com/travel/flights?tfs=GhwSCjIwMjYtMTItMTcoAGoFEgNUUEVyBRIDTlJUGhwSCjIwMjYtMTItMjMoAGoFEgNOUlRyBRIDVFBFQgEBSAGYAQE=
2026-10-03,2026-12-17,2026-12-23,outbound,China Airlines,"2:25 PM on Thu, Dec 17","6:30 PM on Thu, Dec 17",3 hr 5 min,0,NT$17223,round_trip,FALSE,FALSE,typical,https://www.google.com/travel/flights?tfs=GhwSCjIwMjYtMTItMTcoAGoFEgNUUEVyBRIDTlJUGhwSCjIwMjYtMTItMjMoAGoFEgNOUlRyBRIDVFBFQgEBSAGYAQE=
2026-10-03,2026-12-17,2026-12-23,return,EVA Air,"1:00 PM on Wed, Dec 23","4:05 PM on Wed, Dec 23",4 hr 5 min,0,NT$7537,one_way,FALSE,TRUE,typical,https://www.google.com/travel/flights?tfs=GhwSCjIwMjYtMTItMjMoAGoFEgNOUlRyBRIDVFBFQgEBSAGYAQI=
2026-10-03,2026-12-17,2026-12-23,return,STARLUX Airlines,"1:45 PM on Wed, Dec 23","4:50 PM on Wed, Dec 23",4 hr 5 min,0,NT$8551,one_way,FALSE,TRUE,typical,https://www.google.com/travel/flights?tfs=GhwSCjIwMjYtMTItMjMoAGoFEgNOUlRyBRIDVFBFQgEBSAGYAQI=
2026-10-03,2026-12-17,2026-12-23,return,STARLUX Airlines,"3:40 PM on Wed, Dec 23","6:45 PM on Wed, Dec 23",4 hr 5 min,0,NT$8551,one_way,FALSE,FALSE,typical,https://www.google.com/travel/flights?tfs=GhwSCjIwMjYtMTItMjMoAGoFEgNOUlRyBRIDVFBFQgEBSAGYAQI=
2026-10-03,2026-12-17,2026-12-23,return,STARLUX Airlines,"8:10 PM on Wed, Dec 23","11:20 PM on Wed, Dec 23",4 hr 10 min,0,NT$8551,one_way,TRUE,FALSE,typical,https://www.google.com/travel/flights?tfs=GhwSCjIwMjYtMTItMjMoAGoFEgNOUlRyBRIDVFBFQgEBSAGYAQI=
2026-10-03,2026-12-17,2026-12-23,return,Cathay Pacific,"3:30 PM on Wed, Dec 23","6:35 PM on Wed, Dec 23",4 hr 5 min,0,NT$9063,one_way,FALSE,FALSE,typical,https://www.google.com/travel/flights?tfs=GhwSCjIwMjYtMTItMjMoAGoFEgNOUlRyBRIDVFBFQgEBSAGYAQI=
2026-10-03,2026-12-17,2026-12-23,return,China Airlines,"9:20 AM on Wed, Dec 23","12:30 PM on Wed, Dec 23",4 hr 10 min,0,NT$9109,one_way,FALSE,FALSE,typical,https://www.google.com/travel/flights?tfs=GhwSCjIwMjYtMTItMjMoAGoFEgNOUlRyBRIDVFBFQgEBSAGYAQI=
2026-10-03,2026-12-17,2026-12-23,return,EVA Air,"2:00 PM on Wed, Dec 23","5:05 PM on Wed, Dec 23",4 hr 5 min,0,NT$11126,one_way,FALSE,FALSE,typical,https://www.google.com/travel/flights?tfs=GhwSCjIwMjYtMTItMjMoAGoFEgNOUlRyBRIDVFBFQgEBSAGYAQI=
2026-10-03,2026-12-17,2026-12-23,return,China Airlines,"2:35 PM on Wed, Dec 23","5:45 PM on Wed, Dec 23",4 hr 10 min,0,NT$11126,one_way,FALSE,FALSE,typical,https://www.google.com/travel/flights?tfs=GhwSCjIwMjYtMTItMjMoAGoFEgNOUlRyBRIDVFBFQgEBSAGYAQI=
2026-10-03,2026-12-17,2026-12-23,return,EVA Air,"8:20 PM on Wed, Dec 23","11:25 PM on Wed, Dec 23",4 hr 5 min,0,NT$11126,one_way,TRUE,FALSE,typical,https://www.google.com/travel/flights?tfs=GhwSCjIwMjYtMTItMjMoAGoFEgNOUlRyBRIDVFBFQgEBSAGYAQI=
2026-10-03,2026-12-17,2026-12-23,return,China Airlines,"5:45 PM on Wed, Dec 23","8:55 PM on Wed, Dec 23",4 hr 10 min,0,NT$13989,one_way,FALSE,FALSE,typical,https://www.google.com/travel/flights?tfs=GhwSCjIwMjYtMTItMjMoAGoFEgNOUlRyBRIDVFBFQgEBSAGYAQI=
2026-10-03,2026-12-17,2026-12-23,return,China Airlines,"7:30 PM on Wed, Dec 23","10:45 PM on Wed, Dec 23",4 hr 15 min,0,NT$13989,one_way,FALSE,FALSE,typical,https://www.google.com/travel/flights?tfs=GhwSCjIwMjYtMTItMjMoAGoFEgNOUlRyBRIDVFBFQgEBSAGYAQI=
2026-10-03,2026-12-16,2026-12-22,outbound,STARLUX Airlines,"3:00 PM on Wed, Dec 16","7:00 PM on Wed, Dec 16",3 hr,0,NT$13612,round_trip,FALSE,FALSE,typical,https://www.google.com/travel/flights?tfs=GhwSCjIwMjYtMTItMTYoAGoFEgNUUEVyBRIDTlJUGhwSCjIwMjYtMTItMjIoAGoFEgNOUlRyBRIDVFBFQgEBSAGYAQE=
2026-10-03,2026-12-16,2026-12-22,outbound,China Airlines,"4:25 PM on Wed, Dec 16","8:30 PM on Wed, Dec 16",3 hr 5 min,0,NT$13708,round_trip,FALSE,FALSE,typical,https://www.google.com/travel/flights?tfs=GhwSCjIwMjYtMTItMTYoAGoFEgNUUEVyBRIDTlJUGhwSCjIwMjYtMTItMjIoAGoFEgNOUlRyBRIDVFBFQgEBSAGYAQE=
2026-10-03,2026-12-16,2026-12-22,outbound,EVA Air,"3:20 PM on Wed, Dec 16","7:20 PM on Wed, Dec 16",3 hr,0,NT$13782,round_trip,FALSE,FALSE,typical,https://www.google.com/travel/flights?tfs=GhwSCjIwMjYtMTItMTYoAGoFEgNUUEVyBRIDTlJUGhwSCjIwMjYtMTItMjIoAGoFEgNOUlRyBRIDVFBFQgEBSAGYAQE=
2026-10-03,2026-12-16,2026-12-22,outbound,China Airlines,"2:25 PM on Wed, Dec 16","6:30 PM on Wed, Dec 16",3 hr 5 min,0,NT$14332,round_trip,FALSE,FALSE,typical,https://www.google.com/travel/flights?tfs=GhwSCjIwMjYtMTItMTYoAGoFEgNUUEVyBRIDTlJUGhwSCjIwMjYtMTItMjIoAGoFEgNOUlRyBRIDVFBFQgEBSAGYAQE=
2026-10-03,2026-12-16,2026-12-22,outbound,Cathay Pacific,"12:50 PM on Wed, Dec 16","4:50 PM on Wed, Dec 16",3 hr,0,NT$14392,round_trip,TRUE,FALSE,typical,https://www.google.com/travel/flights?tfs=GhwSCjIwMjYtMTItMTYoAGoFEgNUUEVyBRIDTlJUGhwSCjIwMjYtMTItMjIoAGoFEgNOUlRyBRIDVFBFQgEBSAGYAQE=
2026-10-03,2026-12-16,2026-12-22,outbound,China Airlines,"9:30 AM on Wed, Dec 16","1:30 PM on Wed, Dec 16",3 hr,0,NT$14644,round_trip,TRUE,FALSE,typical,https://www.google.com/travel/flights?tfs=GhwSCjIwMjYtMTItMTYoAGoFEgNUUEVyBRIDTlJUGhwSCjIwMjYtMTItMjIoAGoFEgNOUlRyBRIDVFBFQgEBSAGYAQE=
2026-10-03,2026-12-16,2026-12-22,outbound,China Airlines,"12:35 PM on Wed, Dec 16","4:35 PM on Wed, Dec 16",3 hr,0,NT$14644,round_trip,TRUE,FALSE,typical,https://www.google.com/travel/flights?tfs=GhwSCjIwMjYtMTItMTYoAGoFEgNUUEVyBRIDTlJUGhwSCjIwMjYtMTItMjIoAGoFEgNOUlRyBRIDVFBFQgEBSAGYAQE=
2026-10-03,2026-12-16,2026-12-22,outbound,EVA Air,"7:55 AM on Wed, Dec 16","12:00 PM on Wed, Dec 16",3 hr 5 min,0,NT$14727,round_trip,TRUE,FALSE,typical,https://www.google.com/travel/flights?tfs=GhwSCjIwMjYtMTItMTYoAGoFEgNUUEVyBRIDTlJUGhwSCjIwMjYtMTItMjIoAGoFEgNOUlRyBRIDVFBFQgEBSAGYAQE=
2026-10-03,2026-12-16,2026-12-22,outbound,EVA Air,"8:50 AM on Wed, Dec 16","12:55 PM on Wed, Dec 16",3 hr 5 min,0,NT$14727,round_trip,TRUE,FALSE,typical,https://www.google.com/travel/flights?tfs=GhwSCjIwMjYtMTItMTYoAGoFEgNUUEVyBRIDTlJUGhwSCjIwMjYtMTItMjIoAGoFEgNOUlRyBRIDVFBFQgEBSAGYAQE=
2026-10-03,2026-12-16,2026-12-22,outbound,STARLUX Airlines,"10:10 AM on Wed, Dec 16","2:20 PM on Wed, Dec 16",3 hr 10 min,0,NT$15235,round_trip,TRUE,FALSE,typical,https://www.google.com/travel/flights?tfs=GhwSCjIwMjYtMTItMTYoAGoFEgNUUEVyBRIDTlJUGhwSCjIwMjYtMTItMjIoAGoFEgNOUlRyBRIDVFBFQgEBSAGYAQE=
2026-10-03,2026-12-16,2026-12-22,outbound,STARLUX Airlines,"8:25 AM on Wed, Dec 16","12:35 PM on Wed, Dec 16",3 hr 10 min,0,NT$15859,round_trip,TRUE,FALSE,typical,https://www.google.com/travel/flights?tfs=GhwSCjIwMjYtMTItMTYoAGoFEgNUUEVyBRIDTlJUGhwSCjIwMjYtMTItMjIoAGoFEgNOUlRyBRIDVFBFQgEBSAGYAQE=
2026-10-03,2026-12-16,2026-12-22,return,EVA Air,"1:00 PM on Tue, Dec 22","4:05 PM on Tue, Dec 22",4 hr 5 min,0,NT$7537,one_way,FALSE,FALSE,typical,https://www.google.com/travel/flights?tfs=GhwSCjIwMjYtMTItMjIoAGoFEgNOUlRyBRIDVFBFQgEBSAGYAQI=
2026-10-03,2026-12-16,2026-12-22,return,China Airlines,"9:20 AM on Tue, Dec 22","12:30 PM on Tue, Dec 22",4 hr 10 min,0,NT$7779,one_way,FALSE,FALSE,typical,https://www.google.com/travel/flights?tfs=GhwSCjIwMjYtMTItMjIoAGoFEgNOUlRyBRIDVFBFQgEBSAGYAQI=
2026-10-03,2026-12-16,2026-12-22,return,STARLUX Airlines,"1:45 PM on Tue, Dec 22","4:50 PM on Tue, Dec 22",4 hr 5 min,0,NT$8551,one_way,FALSE,FALSE,typical,https://www.google.com/travel/flights?tfs=GhwSCjIwMjYtMTItMjIoAGoFEgNOUlRyBRIDVFBFQgEBSAGYAQI=
2026-10-03,2026-12-16,2026-12-22,return,Cathay Pacific,"3:30 PM on Tue, Dec 22","6:35 PM on Tue, Dec 22",4 hr 5 min,0,NT$9063,one_way,FALSE,FALSE,typical,https://www.google.com/travel/flights?tfs=GhwSCjIwMjYtMTItMjIoAGoFEgNOUlRyBRIDVFBFQgEBSAGYAQI=
2026-10-03,2026-12-16,2026-12-22,return,STARLUX Airlines,"3:40 PM on Tue, Dec 22","6:45 PM on Tue, Dec 22",4 hr 5 min,0,NT$9559,one_way,FALSE,FALSE,typical,https://www.google.com/travel/flights?tfs=GhwSCjIwMjYtMTItMjIoAGoFEgNOUlRyBRIDVFBFQgEBSAGYAQI=
2026-10-03,2026-12-16,2026-12-22,return,STARLUX Airlines,"8:10 PM on Tue, Dec 22","11:20 PM on Tue, Dec 22",4 hr 10 min,0,NT$9559,one_way,TRUE,FALSE,typical,https://www.google.com/travel/flights?tfs=GhwSCjIwMjYtMTItMjIoAGoFEgNOUlRyBRIDVFBFQgEBSAGYAQI=
2026-10-03,2026-12-16,2026-12-22,return,EVA Air,"2:00 PM on Tue, Dec 22","5:05 PM on Tue, Dec 22",4 hr 5 min,0,NT$9593,one_way,FALSE,FALSE,typical,https://www.google.com/travel/flights?tfs=GhwSCjIwMjYtMTItMjIoAGoFEgNOUlRyBRIDVFBFQgEBSAGYAQI=
2026-10-03,2026-12-16,2026-12-22,return,China Airlines,"2:35 PM on Tue, Dec 22","5:45 PM on Tue, Dec 22",4 hr 10 min,0,NT$11126,one_way,FALSE,FALSE,typical,https://www.google.com/travel/flights?tfs=GhwSCjIwMjYtMTItMjIoAGoFEgNOUlRyBRIDVFBFQgEBSAGYAQI=
2026-10-03,2026-12-16,2026-12-22,return,EVA Air,"8:20 PM on Tue, Dec 22","11:25 PM on Tue, Dec 22",4 hr 5 min,0,NT$11126,one_way,TRUE,FALSE,typical,https://www.google.com/travel/flights?tfs=GhwSCjIwMjYtMTItMjIoAGoFEgNOUlRyBRIDVFBFQgEBSAGYAQI=
2026-10-03,2026-12-16,2026-12-22,return,China Airlines,"5:45 PM on Tue, Dec 22","8:55 PM on Tue, Dec 22",4 hr 10 min,0,NT$13989,one_way,FALSE,FALSE,typical,https://www.google.com/travel/flights?tfs=GhwSCjIwMjYtMTItMjIoAGoFEgNOUlRyBRIDVFBFQgEBSAGYAQI=
2026-10-03,2026-12-16,2026-12-22,return,China Airlines,"7:30 PM on Tue, Dec 22","10:45 PM on Tue, Dec 22",4 hr 15 min,0,NT$13989,one_way,FALSE,FALSE,typical,https://www.google.com/travel/flights?tfs=GhwSCjIwMjYtMTItMjIoAGoFEgNOUlRyBRIDVFBFQgEBSAGYAQI=
2026-10-04,2026-12-17,2026-12-23,outbound,STARLUX Airlines,"3:00 PM on Thu, Dec 17","7:00 PM on Thu, Dec 17",3 hr,0,NT$14216,round_trip,FALSE,FALSE,typical,https://www.google.com/travel/flights?tfs=GhwSCjIwMjYtMTItMTcoAGoFEgNUUEVyBRIDTlJUGhwSCjIwMjYtMTItMjMoAGoFEgNOUlRyBRIDVFBFQgEBSAGYAQE=
2026-10-04,2026-12-17,2026-12-23,outbound,China Airlines,"4:25 PM on Thu, Dec 17","8:30 PM on Thu, Dec 17",3 hr 5 min,0,NT$14312,round_trip,FALSE,FALSE,typical,https://www.google.com/travel/flights?tfs=GhwSCjIwMjYtMTItMTcoAGoFEgNUUEVyBRIDTlJUGhwSCjIwMjYtMTItMjMoAGoFEgNOUlRyBRIDVFBFQgEBSAGYAQE=
2026-10-04,2026-12-17,2026-12-23,outbound,Cathay Pacific,"12:50 PM on Thu, Dec 17","4:50 PM on Thu, Dec 17",3 hr,0,NT$14996,round_trip,TRUE,FALSE,typical,https://www.google.com/travel/flights?tfs=GhwSCjIwMjYtMTItMTcoAGoFEgNUUEVyBRIDTlJUGhwSCjIwMjYtMTItMjMoAGoFEgNOUlRyBRIDVFBFQgEBSAGYAQE=
2026-10-04,2026-12-17,2026-12-23,outbound,China Airlines,"9:30 AM on Thu, Dec 17","1:30 PM on Thu, Dec 17",3 hr,0,NT$15248,round_trip,TRUE,FALSE,typical,https://www.google.com/travel/flights?tfs=GhwSCjIwMjYtMTItMTcoAGoFEgNUUEVyBRIDTlJUGhwSCjIwMjYtMTItMjMoAGoFEgNOUlRyBRIDVFBFQgEBSAGYAQE=
2026-10-04,2026-12-17,2026-12-23,outbound,STARLUX Airlines,"8:25 AM on Thu, Dec 17","12:35 PM on Thu, Dec 17",3 hr 10 min,0,NT$15839,round_trip,TRUE,FALSE,typical,https://www.google.com/travel/flights?tfs=GhwSCjIwMjYtMTItMTcoAGoFEgNUUEVyBRIDTlJUGhwSCjIwMjYtMTItMjMoAGoFEgNOUlRyBRIDVFBFQgEBSAGYAQE=
2026-10-04,2026-12-17,2026-12-23,outbound,STARLUX Airlines,"10:10 AM on Thu, Dec 17","2:20 PM on Thu, Dec 17",3 hr 10 min,0,NT$15839,round_trip,TRUE,FALSE,typical,https://www.google.com/travel/flights?tfs=GhwSCjIwMjYtMTItMTcoAGoFEgNUUEVyBRIDTlJUGhwSCjIwMjYtMTItMjMoAGoFEgNOUlRyBRIDVFBFQgEBSAGYAQE=
2026-10-04,2026-12-17,2026-12-23,outbound,EVA Air,"3:20 PM on Thu, Dec 17","7:20 PM on Thu, Dec 17",3 hr,0,NT$16025,round_trip,FALSE,FALSE,typical,https://www.google.com/travel/flights?tfs=GhwSCjIwMjYtMTItMTcoAGoFEgNUUEVyBRIDTlJUGhwSCjIwMjYtMTItMjMoAGoFEgNOUlRyBRIDVFBFQgEBSAGYAQE=
2026-10-04,2026-12-17,2026-12-23,outbound,China Airlines,"12:35 PM on Thu, Dec 17","4:35 PM on Thu, Dec 17",3 hr,0,NT$16247,round_trip,TRUE,FALSE,typical,https://www.google.com/travel/flights?tfs=GhwSCjIwMjYtMTItMTcoAGoFEgNUUEVyBRIDTlJUGhwSCjIwMjYtMTItMjMoAGoFEgNOUlRyBRIDVFBFQgEBSAGYAQE=
2026-10-04,2026-12-17,2026-12-23,outbound,JAL,"10:40 AM on Thu, Dec 17","2:40 PM on Thu, Dec 17",3 hr,0,NT$16559,round_trip,TRUE,FALSE,typical,https://www.google.com/travel/flights?tfs=GhwSCjIwMjYtMTItMTcoAGoFEgNUUEVyBRIDTlJUGhwSCjIwMjYtMTItMjMoAGoFEgNOUlRyBRIDVFBFQgEBSAGYAQE=
2026-10-04,2026-12-17,2026-12-23,outbound,EVA Air,"8:50 AM on Thu, Dec 17","12:55 PM on Thu, Dec 17",3 hr 5 min,0,NT$16655,round_trip,TRUE,FALSE,typical,https://www.google.com/travel/flights?tfs=GhwSCjIwMjYtMTItMTcoAGoFEgNUUEVyBRIDTlJUGhwSCjIwMjYtMTItMjMoAGoFEgNOUlRyBRIDVFBFQgEBSAGYAQE=
2026-10-04,2026-12-17,2026-12-23,outbound,China Airlines,"2:25 PM on Thu, Dec 17","6:30 PM on Thu, Dec 17",3 hr 5 min,0,NT$17223,round_trip,FALSE,FALSE,typical,https://www.google.com/travel/flights?tfs=GhwSCjIwMjYtMTItMTcoAGoFEgNUUEVyBRIDTlJUGhwSCjIwMjYtMTItMjMoAGoFEgNOUlRyBRIDVFBFQgEBSAGYAQE=
2026-10-04,2026-12-17,2026-12-23,return,EVA Air,"1:00 PM on Wed, Dec 23","4:05 PM on Wed, Dec 23",4 hr 5 min,0,NT$7535,one_way,FALSE,TRUE,typical,https://www.google.com/travel/flights?tfs=GhwSCjIwMjYtMTItMjMoAGoFEgNOUlRyBRIDVFBFQgEBSAGYAQI=
2026-10-04,2026-12-17,2026-12-23,return,STARLUX Airlines,"1:45 PM on Wed, Dec 23","4:50 PM on Wed, Dec 23",4 hr 5 min,0,NT$8549,one_way,FALSE,TRUE,typical,https://www.google.com/travel/flights?tfs=GhwSCjIwMjYtMTItMjMoAGoFEgNOUlRyBRIDVFBFQgEBSAGYAQI=
2026-10-04,2026-12-17,2026-12-23,return,STARLUX Airlines,"8:10 PM on Wed, Dec 23","11:20 PM on Wed, Dec 23",4 hr 10 min,0,NT$8549,one_way,TRUE,FALSE,typical,https://www.google.com/travel/flights?tfs=GhwSCjIwMjYtMTItMjMoAGoFEgNOUlRyBRIDVFBFQgEBSAGYAQI=
2026-10-04,2026-12-17,2026-12-23,return,Cathay Pacific,"3:30 PM on Wed, Dec 23","6:35 PM on Wed, Dec 23",4 hr 5 min,0,NT$9061,one_way,FALSE,FALSE,typical,https://www.google.com/travel/flights?tfs=GhwSCjIwMjYtMTItMjMoAGoFEgNOUlRyBRIDVFBFQgEBSAGYAQI=
2026-10-04,2026-12-17,2026-12-23,return,China Airlines,"9:20 AM on Wed, Dec 23","12:30 PM on Wed, Dec 23",4 hr 10 min,0,NT$9108,one_way,FALSE,FALSE,typical,https://www.google.com/travel/flights?tfs=GhwSCjIwMjYtMTItMjMoAGoFEgNOUlRyBRIDVFBFQgEBSAGYAQI=
2026-10-04,2026-12-17,2026-12-23,return,STARLUX Airlines,"3:40 PM on Wed, Dec 23","6:45 PM on Wed, Dec 23",4 hr 5 min,0,NT$9557,one_way,FALSE,FALSE,typical,https://www.google.com/travel/flights?tfs=GhwSCjIwMjYtMTItMjMoAGoFEgNOUlRyBRIDVFBFQgEBSAGYAQI=
2026-10-04,2026-12-17,2026-12-23,return,EVA Air,"2:00 PM on Wed, Dec 23","5:05 PM on Wed, Dec 23",4 hr 5 min,0,NT$11123,one_way,FALSE,FALSE,typical,https://www.google.com/travel/flights?tfs=GhwSCjIwMjYtMTItMjMoAGoFEgNOUlRyBRIDVFBFQgEBSAGYAQI=
2026-10-04,2026-12-17,2026-12-23,return,China Airlines,"2:35 PM on Wed, Dec 23","5:45 PM on Wed, Dec 23",4 hr 10 min,0,NT$11123,one_way,FALSE,FALSE,typical,https://www.google.com/travel/flights?tfs=GhwSCjIwMjYtMTItMjMoAGoFEgNOUlRyBRIDVFBFQgEBSAGYAQI=
2026-10-04,2026-12-17,2026-12-23,return,EVA Air,"8:20 PM on Wed, Dec 23","11:25 PM on Wed, Dec 23",4 hr 5 min,0,NT$11123,one_way,TRUE,FALSE,typical,https://www.google.com/travel/flights?tfs=GhwSCjIwMjYtMTItMjMoAGoFEgNOUlRyBRIDVFBFQgEBSAGYAQI=
2026-10-04,2026-12-17,2026-12-23,return,China Airlines,"5:45 PM on Wed, Dec 23","8:55 PM on Wed, Dec 23",4 hr 10 min,0,NT$13986,one_way,FALSE,FALSE,typical,https://www.google.com/travel/flights?tfs=GhwSCjIwMjYtMTItMjMoAGoFEgNOUlRyBRIDVFBFQgEBSAGYAQI=
2026-10-04,2026-12-17,2026-12-23,return,China Airlines,"7:30 PM on Wed, Dec 23","10:45 PM on Wed, Dec 23",4 hr 15 min,0,NT$13986,one_way,FALSE,FALSE,typical,https://www.google.com/travel/flights?tfs=GhwSCjIwMjYtMTItMjMoAGoFEgNOUlRyBRIDVFBFQgEBSAGYAQI=
2026-10-04,2026-12-16,2026-12-22,outbound,STARLUX Airlines,"3:00 PM on Wed, Dec 16","7:00 PM on Wed, Dec 16",3 hr,0,NT$13611,round_trip,FALSE,FALSE,typical,https://www.google.com/travel/flights?tfs=GhwSCjIwMjYtMTItMTYoAGoFEgNUUEVyBRIDTlJUGhwSCjIwMjYtMTItMjIoAGoFEgNOUlRyBRIDVFBFQgEBSAGYAQE=
2026-10-04,2026-12-16,2026-12-22,outbound,China Airlines,"4:25 PM on Wed, Dec 16","8:30 PM on Wed, Dec 16",3 hr 5 min,0,NT$13707,round_trip,FALSE,FALSE,typical,https://www.google.com/travel/flights?tfs=GhwSCjIwMjYtMTItMTYoAGoFEgNUUEVyBRIDTlJUGhwSCjIwMjYtMTItMjIoAGoFEgNOUlRyBRIDVFBFQgEBSAGYAQE=
2026-10-04,2026-12-16,2026-12-22,outbound,EVA Air,"3:20 PM on Wed, Dec 16","7:20 PM on Wed, Dec 16",3 hr,0,NT$13781,round_trip,FALSE,FALSE,typical,https://www.google.com/travel/flights?tfs=GhwSCjIwMjYtMTItMTYoAGoFEgNUUEVyBRIDTlJUGhwSCjIwMjYtMTItMjIoAGoFEgNOUlRyBRIDVFBFQgEBSAGYAQE=
2026-10-04,2026-12-16,2026-12-22,outbound,Cathay Pacific,"12:50 PM on Wed, Dec 16","4:50 PM on Wed, Dec 16",3 hr,0,NT$14391,round_trip,TRUE,FALSE,typical,https://www.google.com/travel/flights?tfs=GhwSCjIwMjYtMTItMTYoAGoFEgNUUEVyBRIDTlJUGhwSCjIwMjYtMTItMjIoAGoFEgNOUlRyBRIDVFBFQgEBSAGYAQE=
2026-10-04,2026-12-16,2026-12-22,outbound,China Airlines,"9:30 AM on Wed, Dec 16","1:30 PM on Wed, Dec 16",3 hr,0,NT$14643,round_trip,TRUE,FALSE,typical,https://www.google.com/travel/flights?tfs=GhwSCjIwMjYtMTItMTYoAGoFEgNUUEVyBRIDTlJUGhwSCjIwMjYtMTItMjIoAGoFEgNOUlRyBRIDVFBFQgEBSAGYAQE=
2026-10-04,2026-12-16,2026-12-22,outbound,China Airlines,"12:35 PM on Wed, Dec 16","4:35 PM on Wed, Dec 16",3 hr,0,NT$14643,round_trip,TRUE,FALSE,typical,https://www.google.com/travel/flights?tfs=GhwSCjIwMjYtMTItMTYoAGoFEgNUUEVyBRIDTlJUGhwSCjIwMjYtMTItMjIoAGoFEgNOUlRyBRIDVFBFQgEBSAGYAQE=
2026-10-04,2026-12-16,2026-12-22,outbound,EVA Air,"7:55 AM on Wed, Dec 16","12:00 PM on Wed, Dec 16",3 hr 5 min,0,NT$14726,round_trip,TRUE,FALSE,typical,https://www.google.com/travel/flights?tfs=GhwSCjIwMjYtMTItMTYoAGoFEgNUUEVyBRIDTlJUGhwSCjIwMjYtMTItMjIoAGoFEgNOUlRyBRIDVFBFQgEBSAGYAQE=
2026-10-04,2026-12-16,2026-12-22,outbound,EVA Air,"8:50 AM on Wed, Dec 16","12:55 PM on Wed, Dec 16",3 hr 5 min,0,NT$14726,round_trip,TRUE,FALSE,typical,https://www.google.com/travel/flights?tfs=GhwSCjIwMjYtMTItMTYoAGoFEgNUUEVyBRIDTlJUGhwSCjIwMjYtMTItMjIoAGoFEgNOUlRyBRIDVFBFQgEBSAGYAQE=
2026-10-04,2026-12-16,2026-12-22,outbound,China Airlines,"2:25 PM on Wed, Dec 16","6:30 PM on Wed, Dec 16",3 hr 5 min,0,NT$14955,round_trip,FALSE,FALSE,typical,https://www.google.com/travel/flights?tfs=GhwSCjIwMjYtMTItMTYoAGoFEgNUUEVyBRIDTlJUGhwSCjIwMjYtMTItMjIoAGoFEgNOUlRyBRIDVFBFQgEBSAGYAQE=
2026-10-04,2026-12-16,2026-12-22,outbound,STARLUX Airlines,"8:25 AM on Wed, Dec 16","12:35 PM on Wed, Dec 16",3 hr 10 min,0,NT$15858,round_trip,TRUE,FALSE,typical,https://www.google.com/travel/flights?tfs=GhwSCjIwMjYtMTItMTYoAGoFEgNUUEVyBRIDTlJUGhwSCjIwMjYtMTItMjIoAGoFEgNOUlRyBRIDVFBFQgEBSAGYAQE=
2026-10-04,2026-12-16,2026-12-22,outbound,STARLUX Airlines,"10:10 AM on Wed, Dec 16","2:20 PM on Wed, Dec 16",3 hr 10 min,0,NT$15858,round_trip,TRUE,FALSE,typical,https://www.google.com/travel/flights?tfs=GhwSCjIwMjYtMTItMTYoAGoFEgNUUEVyBRIDTlJUGhwSCjIwMjYtMTItMjIoAGoFEgNOUlRyBRIDVFBFQgEBSAGYAQE=
2026-10-04,2026-12-16,2026-12-22,return,EVA Air,"1:00 PM on Tue, Dec 22","4:05 PM on Tue, Dec 22",4 hr 5 min,0,NT$7535,one_way,FALSE,FALSE,typical,https://www.google.com/travel/flights?tfs=GhwSCjIwMjYtMTItMjIoAGoFEgNOUlRyBRIDVFBFQgEBSAGYAQI=
2026-10-04,2026-12-16,2026-12-22,return,China Airlines,"9:20 AM on Tue, Dec 22","12:30 PM on Tue, Dec 22",4 hr 10 min,0,NT$7777,one_way,FALSE,FALSE,typical,https://www.google.com/travel/flights?tfs=GhwSCjIwMjYtMTItMjIoAGoFEgNOUlRyBRIDVFBFQgEBSAGYAQI=
2026-10-04,2026-12-16,2026-12-22,return,STARLUX Airlines,"1:45 PM on Tue, Dec 22","4:50 PM on Tue, Dec 22",4 hr 5 min,0,NT$8549,one_way,FALSE,FALSE,typical,https://www.google.com/travel/flights?tfs=GhwSCjIwMjYtMTItMjIoAGoFEgNOUlRyBRIDVFBFQgEBSAGYAQI=
2026-10-04,2026-12-16,2026-12-22,return,Cathay Pacific,"3:30 PM on Tue, Dec 22","6:35 PM on Tue, Dec 22",4 hr 5 min,0,NT$9061,one_way,FALSE,FALSE,typical,https://www.google.com/travel/flights?tfs=GhwSCjIwMjYtMTItMjIoAGoFEgNOUlRyBRIDVFBFQgEBSAGYAQI=
2026-10-04,2026-12-16,2026-12-22,return,STARLUX Airlines,"3:40 PM on Tue, Dec 22","6:45 PM on Tue, Dec 22",4 hr 5 min,0,NT$9557,one_way,FALSE,FALSE,typical,https://www.google.com/travel/flights?tfs=GhwSCjIwMjYtMTItMjIoAGoFEgNOUlRyBRIDVFBFQgEBSAGYAQI=
2026-10-04,2026-12-16,2026-12-22,return,STARLUX Airlines,"8:10 PM on Tue, Dec 22","11:20 PM on Tue, Dec 22",4 hr 10 min,0,NT$9557,one_way,TRUE,FALSE,typical,https://www.google.com/travel/flights?tfs=GhwSCjIwMjYtMTItMjIoAGoFEgNOUlRyBRIDVFBFQgEBSAGYAQI=
2026-10-04,2026-12-16,2026-12-22,return,EVA Air,"2:00 PM on Tue, Dec 22","5:05 PM on Tue, Dec 22",4 hr 5 min,0,NT$9591,one_way,FALSE,FALSE,typical,https://www.google.com/travel/flights?tfs=GhwSCjIwMjYtMTItMjIoAGoFEgNOUlRyBRIDVFBFQgEBSAGYAQI=
2026-10-04,2026-12-16,2026-12-22,return,China Airlines,"2:35 PM on Tue, Dec 22","5:45 PM on Tue, Dec 22",4 hr 10 min,0,NT$11123,one_way,FALSE,FALSE,typical,https://www.google.com/travel/flights?tfs=GhwSCjIwMjYtMTItMjIoAGoFEgNOUlRyBRIDVFBFQgEBSAGYAQI=
2026-10-04,2026-12-16,2026-12-22,return,EVA Air,"8:20 PM on Tue, Dec 22","11:25 PM on Tue, Dec 22",4 hr 5 min,0,NT$11123,one_way,TRUE,FALSE,typical,https://www.google.com/travel/flights?tfs=GhwSCjIwMjYtMTItMjIoAGoFEgNOUlRyBRIDVFBFQgEBSAGYAQI=
2026-10-04,2026-12-16,2026-12-22,return,China Airlines,"5:45 PM on Tue, Dec 22","8:55 PM on Tue, Dec 22",4 hr 10 min,0,NT$13986,one_way,FALSE,FALSE,typical,https://www.google.com/travel/flights?tfs=GhwSCjIwMjYtMTItMjIoAGoFEgNOUlRyBRIDVFBFQgEBSAGYAQI=
2026-10-04,2026-12-16,2026-12-22,return,China Airlines,"7:30 PM on Tue, Dec 22","10:45 PM on Tue, Dec 22",4 hr 15 min,0,NT$13986,one_way,FALSE,FALSE,typical,https://www.google.com/travel/flights?tfs=GhwSCjIwMjYtMTItMjIoAGoFEgNOUlRyBRIDVFBFQgEBSAGYAQI=
2026-10-05,2026-12-17,2026-12-23,outbound,STARLUX Airlines,"3:00 PM on Thu, Dec 17","7:00 PM on Thu, Dec 17",3 hr,0,NT$14212,round_trip,FALSE,FALSE,typical,https://www.google.com/travel/flights?tfs=GhwSCjIwMjYtMTItMTcoAGoFEgNUUEVyBRIDTlJUGhwSCjIwMjYtMTItMjMoAGoFEgNOUlRyBRIDVFBFQgEBSAGYAQE=
2026-10-05,2026-12-17,2026-12-23,outbound,China Airlines,"4:25 PM on Thu, Dec 17","8:30 PM on Thu, Dec 17",3 hr 5 min,0,NT$14308,round_trip,FALSE,FALSE,typical,https://www.google.com/travel/flights?tfs=GhwSCjIwMjYtMTItMTcoAGoFEgNUUEVyBRIDTlJUGhwSCjIwMjYtMTItMjMoAGoFEgNOUlRyBRIDVFBFQgEBSAGYAQE=
2026-10-05,2026-12-17,2026-12-23,outbound,Cathay Pacific,"12:50 PM on Thu, Dec 17","4:50 PM on Thu, Dec 17",3 hr,0,NT$14992,round_trip,TRUE,FALSE,typical,https://www.google.com/travel/flights?tfs=GhwSCjIwMjYtMTItMTcoAGoFEgNUUEVyBRIDTlJUGhwSCjIwMjYtMTItMjMoAGoFEgNOUlRyBRIDVFBFQgEBSAGYAQE=
2026-10-05,2026-12-17,2026-12-23,outbound,China Airlines,"9:30 AM on Thu, Dec 17","1:30 PM on Thu, Dec 17",3 hr,0,NT$15244,round_trip,TRUE,FALSE,typical,https://www.google.com/travel/flights?tfs=GhwSCjIwMjYtMTItMTcoAGoFEgNUUEVyBRIDTlJUGhwSCjIwMjYtMTItMjMoAGoFEgNOUlRyBRIDVFBFQgEBSAGYAQE=
2026-10-05,2026-12-17,2026-12-23,outbound,China Airlines,"12:35 PM on Thu, Dec 17","4:35 PM on Thu, Dec 17",3 hr,0,NT$15556,round_trip,TRUE,FALSE,typical,https://www.google.com/travel/flights?tfs=GhwSCjIwMjYtMTItMTcoAGoFEgNUUEVyBRIDTlJUGhwSCjIwMjYtMTItMjMoAGoFEgNOUlRyBRIDVFBFQgEBSAGYAQE=
2026-10-05,2026-12-17,2026-12-23,outbound,STARLUX Airlines,"8:25 AM on Thu, Dec 17","12:35 PM on Thu, Dec 17",3 hr 10 min,0,NT$15835,round_trip,TRUE,FALSE,typical,https://www.google.com/travel/flights?tfs=GhwSCjIwMjYtMTItMTcoAGoFEgNUUEVyBRIDTlJUGhwSCjIwMjYtMTItMjMoAGoFEgNOUlRyBRIDVFBFQgEBSAGYAQE=
2026-10-05,2026-12-17,2026-12-23,outbound,STARLUX Airlines,"10:10 AM on Thu, Dec 17","2:20 PM on Thu, Dec 17",3 hr 10 min,0,NT$15835,round_trip,TRUE,FALSE,typical,https://www.google.com/travel/flights?tfs=GhwSCjIwMjYtMTItMTcoAGoFEgNUUEVyBRIDTlJUGhwSCjIwMjYtMTItMjMoAGoFEgNOUlRyBRIDVFBFQgEBSAGYAQE=
2026-10-05,2026-12-17,2026-12-23,outbound,EVA Air,"3:20 PM on Thu, Dec 17","7:20 PM on Thu, Dec 17",3 hr,0,NT$16021,round_trip,FALSE,FALSE,typical,https://www.google.com/travel/flights?tfs=GhwSCjIwMjYtMTItMTcoAGoFEgNUUEVyBRIDTlJUGhwSCjIwMjYtMTItMjMoAGoFEgNOUlRyBRIDVFBFQgEBSAGYAQE=
2026-10-05,2026-12-17,2026-12-23,outbound,JAL,"10:40 AM on Thu, Dec 17","2:40 PM on Thu, Dec 17",3 hr,0,NT$16555,round_trip,TRUE,FALSE,typical,https://www.google.com/travel/flights?tfs=GhwSCjIwMjYtMTItMTcoAGoFEgNUUEVyBRIDTlJUGhwSCjIwMjYtMTItMjMoAGoFEgNOUlRyBRIDVFBFQgEBSAGYAQE=
2026-10-05,2026-12-17,2026-12-23,outbound,EVA Air,"8:50 AM on Thu, Dec 17","12:55 PM on Thu, Dec 17",3 hr 5 min,0,NT$16651,round_trip,TRUE,FALSE,typical,https://www.google.com/travel/flights?tfs=GhwSCjIwMjYtMTItMTcoAGoFEgNUUEVyBRIDTlJUGhwSCjIwMjYtMTItMjMoAGoFEgNOUlRyBRIDVFBFQgEBSAGYAQE=
2026-10-05,2026-12-17,2026-12-23,outbound,China Airlines,"2:25 PM on Thu, Dec 17","6:30 PM on Thu, Dec 17",3 hr 5 min,0,NT$17219,round_trip,FALSE,FALSE,typical,https://www.google.com/travel/flights?tfs=GhwSCjIwMjYtMTItMTcoAGoFEgNUUEVyBRIDTlJUGhwSCjIwMjYtMTItMjMoAGoFEgNOUlRyBRIDVFBFQgEBSAGYAQE=
2026-10-05,2026-12-17,2026-12-23,return,EVA Air,"1:00 PM on Wed, Dec 23","4:05 PM on Wed, Dec 23",4 hr 5 min,0,NT$7529,one_way,FALSE,TRUE,typical,https://www.google.com/travel/flights?tfs=GhwSCjIwMjYtMTItMjMoAGoFEgNOUlRyBRIDVFBFQgEBSAGYAQI=
2026-10-05,2026-12-17,2026-12-23,return,STARLUX Airlines,"1:45 PM on Wed, Dec 23","4:50 PM on Wed, Dec 23",4 hr 5 min,0,NT$8542,one_way,FALSE,TRUE,typical,https://www.google.com/travel/flights?tfs=GhwSCjIwMjYtMTItMjMoAGoFEgNOUlRyBRIDVFBFQgEBSAGYAQI=
2026-10-05,2026-12-17,2026-12-23,return,STARLUX Airlines,"8:10 PM on Wed, Dec 23","11:20 PM on Wed, Dec 23",4 hr 10 min,0,NT$8542,one_way,TRUE,FALSE,typical,https://www.google.com/travel/flights?tfs=GhwSCjIwMjYtMTItMjMoAGoFEgNOUlRyBRIDVFBFQgEBSAGYAQI=
2026-10-05,2026-12-17,2026-12-23,return,China Airlines,"9:20 AM on Wed, Dec 23","12:30 PM on Wed, Dec 23",4 hr 10 min,0,NT$9100,one_way,FALSE,FALSE,typical,https://www.google.com/travel/flights?tfs=GhwSCjIwMjYtMTItMjMoAGoFEgNOUlRyBRIDVFBFQgEBSAGYAQI=
2026-10-05,2026-12-17,2026-12-23,return,STARLUX Airlines,"3:40 PM on Wed, Dec 23","6:45 PM on Wed, Dec 23",4 hr 5 min,0,NT$9549,one_way,FALSE,FALSE,typical,https://www.google.com/travel/flights?tfs=GhwSCjIwMjYtMTItMjMoAGoFEgNOUlRyBRIDVFBFQgEBSAGYAQI=
2026-10-05,2026-12-17,2026-12-23,return,Cathay Pacific,"3:30 PM on Wed, Dec 23","6:35 PM on Wed, Dec 23",4 hr 5 min,0,NT$9658,one_way,FALSE,FALSE,typical,https://www.google.com/travel/flights?tfs=GhwSCjIwMjYtMTItMjMoAGoFEgNOUlRyBRIDVFBFQgEBSAGYAQI=
2026-10-05,2026-12-17,2026-12-23,return,EVA Air,"2:00 PM on Wed, Dec 23","5:05 PM on Wed, Dec 23",4 hr 5 min,0,NT$11114,one_way,FALSE,FALSE,typical,https://www.google.com/travel/flights?tfs=GhwSCjIwMjYtMTItMjMoAGoFEgNOUlRyBRIDVFBFQgEBSAGYAQI=
2026-10-05,2026-12-17,2026-12-23,return,China Airlines,"2:35 PM on Wed, Dec 23","5:45 PM on Wed, Dec 23",4 hr 10 min,0,NT$11114,one_way,FALSE,FALSE,typical,https://www.google.com/travel/flights?tfs=GhwSCjIwMjYtMTItMjMoAGoFEgNOUlRyBRIDVFBFQgEBSAGYAQI=
2026-10-05,2026-12-17,2026-12-23,return,EVA Air,"8:20 PM on Wed, Dec 23","11:25 PM on Wed, Dec 23",4 hr 5 min,0,NT$11114,one_way,TRUE,FALSE,typical,https://www.google.com/travel/flights?tfs=GhwSCjIwMjYtMTItMjMoAGoFEgNOUlRyBRIDVFBFQgEBSAGYAQI=
2026-10-05,2026-12-17,2026-12-23,return,China Airlines,"5:45 PM on Wed, Dec 23","8:55 PM on Wed, Dec 23",4 hr 10 min,0,NT$13973,one_way,FALSE,FALSE,typical,https://www.google.com/travel/flights?tfs=GhwSCjIwMjYtMTItMjMoAGoFEgNOUlRyBRIDVFBFQgEBSAGYAQI=
2026-10-05,2026-12-17,2026-12-23,return,China Airlines,"7:30 PM on Wed, Dec 23","10:45 PM on Wed, Dec 23",4 hr 15 min,0,NT$13973,one_way,FALSE,FALSE,typical,https://www.google.com/travel/flights?tfs=GhwSCjIwMjYtMTItMjMoAGoFEgNOUlRyBRIDVFBFQgEBSAGYAQI=
2026-10-05,2026-12-16,2026-12-22,outbound,STARLUX Airlines,"3:00 PM on Wed, Dec 16","7:00 PM on Wed, Dec 16",3 hr,0,NT$13325,round_trip,FALSE,FALSE,typical,https://www.google.com/travel/flights?tfs=GhwSCjIwMjYtMTItMTYoAGoFEgNUUEVyBRIDTlJUGhwSCjIwMjYtMTItMjIoAGoFEgNOUlRyBRIDVFBFQgEBSAGYAQE=
2026-10-05,2026-12-16,2026-12-22,outbound,China Airlines,"4:25 PM on Wed, Dec 16","8:30 PM on Wed, Dec 16",3 hr 5 min,0,NT$13421,round_trip,FALSE,FALSE,typical,https://www.google.com/travel/flights?tfs=GhwSCjIwMjYtMTItMTYoAGoFEgNUUEVyBRIDTlJUGhwSCjIwMjYtMTItMjIoAGoFEgNOUlRyBRIDVFBFQgEBSAGYAQE=
2026-10-05,2026-12-16,2026-12-22,outbound,EVA Air,"3:20 PM on Wed, Dec 16","7:20 PM on Wed, Dec 16",3 hr,0,NT$13495,round_trip,FALSE,FALSE,typical,https://www.google.com/travel/flights?tfs=GhwSCjIwMjYtMTItMTYoAGoFEgNUUEVyBRIDTlJUGhwSCjIwMjYtMTItMjIoAGoFEgNOUlRyBRIDVFBFQgEBSAGYAQE=
2026-10-05,2026-12-16,2026-12-22,outbound,China Airlines,"2:25 PM on Wed, Dec 16","6:30 PM on Wed, Dec 16",3 hr 5 min,0,NT$14045,round_trip,FALSE,FALSE,typical,https://www.google.com/travel/flights?tfs=GhwSCjIwMjYtMTItMTYoAGoFEgNUUEVyBRIDTlJUGhwSCjIwMjYtMTItMjIoAGoFEgNOUlRyBRIDVFBFQgEBSAGYAQE=
2026-10-05,2026-12-16,2026-12-22,outbound,Cathay Pacific,"12:50 PM on Wed, Dec 16","4:50 PM on Wed, Dec 16",3 hr,0,NT$14105,round_trip,TRUE,FALSE,typical,https://www.google.com/travel/flights?tfs=GhwSCjIwMjYtMTItMTYoAGoFEgNUUEVyBRIDTlJUGhwSCjIwMjYtMTItMjIoAGoFEgNOUlRyBRIDVFBFQgEBSAGYAQE=
2026-10-05,2026-12-16,2026-12-22,outbound,China Airlines,"9:30 AM on Wed, Dec 16","1:30 PM on Wed, Dec 16",3 hr,0,NT$14357,round_trip,TRUE,FALSE,typical,https://www.google.com/travel/flights?tfs=GhwSCjIwMjYtMTItMTYoAGoFEgNUUEVyBRIDTlJUGhwSCjIwMjYtMTItMjIoAGoFEgNOUlRyBRIDVFBFQgEBSAGYAQE=
2026-10-05,2026-12-16,2026-12-22,outbound,China Airlines,"12:35 PM on Wed, Dec 16","4:35 PM on Wed, Dec 16",3 hr,0,NT$14357,round_trip,TRUE,FALSE,typical,https://www.google.com/travel/flights?tfs=GhwSCjIwMjYtMTItMTYoAGoFEgNUUEVyBRIDTlJUGhwSCjIwMjYtMTItMjIoAGoFEgNOUlRyBRIDVFBFQgEBSAGYAQE=
2026-10-05,2026-12-16,2026-12-22,outbound,EVA Air,"7:55 AM on Wed, Dec 16","12:00 PM on Wed, Dec 16",3 hr 5 min,0,NT$14440,round_trip,TRUE,FALSE,typical,https://www.google.com/travel/flights?tfs=GhwSCjIwMjYtMTItMTYoAGoFEgNUUEVyBRIDTlJUGhwSCjIwMjYtMTItMjIoAGoFEgNOUlRyBRIDVFBFQgEBSAGYAQE=
2026-10-05,2026-12-16,2026-12-22,outbound,EVA Air,"8:50 AM on Wed, Dec 16","12:55 PM on Wed, Dec 16",3 hr 5 min,0,NT$14440,round_trip,TRUE,FALSE,typical,https://www.google.com/travel/flights?tfs=GhwSCjIwMjYtMTItMTYoAGoFEgNUUEVyBRIDTlJUGhwSCjIwMjYtMTItMjIoAGoFEgNOUlRyBRIDVFBFQgEBSAGYAQE=
2026-10-05,2026-12-16,2026-12-22,outbound,STARLUX Airlines,"8:25 AM on Wed, Dec 16","12:35 PM on Wed, Dec 16",3 hr 10 min,0,NT$15572,round_trip,TRUE,FALSE,typical,https://www.google.com/travel/flights?tfs=GhwSCjIwMjYtMTItMTYoAGoFEgNUUEVyBRIDTlJUGhwSCjIwMjYtMTItMjIoAGoFEgNOUlRyBRIDVFBFQgEBSAGYAQE=
2026-10-05,2026-12-16,2026-12-22,outbound,STARLUX Airlines,"10:10 AM on Wed, Dec 16","2:20 PM on Wed, Dec 16",3 hr 10 min,0,NT$15572,round_trip,TRUE,FALSE,typical,https://www.google.com/travel/flights?tfs=GhwSCjIwMjYtMTItMTYoAGoFEgNUUEVyBRIDTlJUGhwSCjIwMjYtMTItMjIoAGoFEgNOUlRyBRIDVFBFQgEBSAGYAQE=
2026-10-05,2026-12-16,2026-12-22,return,EVA Air,"1:00 PM on Tue, Dec 22","4:05 PM on Tue, Dec 22",4 hr 5 min,0,NT$7529,one_way,FALSE,TRUE,typical,https://www.google.com/travel/flights?tfs=GhwSCjIwMjYtMTItMjIoAGoFEgNOUlRyBRIDVFBFQgEBSAGYAQI=
2026-10-05,2026-12-16,2026-12-22,return,STARLUX Airlines,"1:45 PM on Tue, Dec 22","4:50 PM on Tue, Dec 22",4 hr 5 min,0,NT$8542,one_way,FALSE,TRUE,typical,https://www.google.com/travel/flights?tfs=GhwSCjIwMjYtMTItMjIoAGoFEgNOUlRyBRIDVFBFQgEBSAGYAQI=
2026-10-05,2026-12-16,2026-12-22,return,China Airlines,"9:20 AM on Tue, Dec 22","12:30 PM on Tue, Dec 22",4 hr 10 min,0,NT$7770,one_way,FALSE,FALSE,typical,https://www.google.com/travel/flights?tfs=GhwSCjIwMjYtMTItMjIoAGoFEgNOUlRyBRIDVFBFQgEBSAGYAQI=
2026-10-05,2026-12-16,2026-12-22,return,Cathay Pacific,"3:30 PM on Tue, Dec 22","6:35 PM on Tue, Dec 22",4 hr 5 min,0,NT$9053,one_way,FALSE,FALSE,typical,https://www.google.com/travel/flights?tfs=GhwSCjIwMjYtMTItMjIoAGoFEgNOUlRyBRIDVFBFQgEBSAGYAQI=
2026-10-05,2026-12-16,2026-12-22,return,STARLUX Airlines,"3:40 PM on Tue, Dec 22","6:45 PM on Tue, Dec 22",4 hr 5 min,0,NT$9549,one_way,FALSE,FALSE,typical,https://www.google.com/travel/flights?tfs=GhwSCjIwMjYtMTItMjIoAGoFEgNOUlRyBRIDVFBFQgEBSAGYAQI=
2026-10-05,2026-12-16,2026-12-22,return,STARLUX Airlines,"8:10 PM on Tue, Dec 22","11:20 PM on Tue, Dec 22",4 hr 10 min,0,NT$9549,one_way,TRUE,FALSE,typical,https://www.google.com/travel/flights?tfs=GhwSCjIwMjYtMTItMjIoAGoFEgNOUlRyBRIDVFBFQgEBSAGYAQI=
2026-10-05,2026-12-16,2026-12-22,return,EVA Air,"2:00 PM on Tue, Dec 22","5:05 PM on Tue, Dec 22",4 hr 5 min,0,NT$9583,one_way,FALSE,FALSE,typical,https://www.google.com/travel/flights?tfs=GhwSCjIwMjYtMTItMjIoAGoFEgNOUlRyBRIDVFBFQgEBSAGYAQI=
2026-10-05,2026-12-16,2026-12-22,return,China Airlines,"2:35 PM on Tue, Dec 22","5:45 PM on Tue, Dec 22",4 hr 10 min,0,NT$11114,one_way,FALSE,FALSE,typical,https://www.google.com/travel/flights?tfs=GhwSCjIwMjYtMTItMjIoAGoFEgNOUlRyBRIDVFBFQgEBSAGYAQI=
2026-10-05,2026-12-16,2026-12-22,return,EVA Air,"8:20 PM on Tue, Dec 22","11:25 PM on Tue, Dec 22",4 hr 5 min,0,NT$11114,one_way,TRUE,FALSE,typical,https://www.google.com/travel/flights?tfs=GhwSCjIwMjYtMTItMjIoAGoFEgNOUlRyBRIDVFBFQgEBSAGYAQI=
2026-10-05,2026-12-16,2026-12-22,return,China Airlines,"5:45 PM on Tue, Dec 22","8:55 PM on Tue, Dec 22",4 hr 10 min,0,NT$13973,one_way,FALSE,FALSE,typical,https://www.google.com/travel/flights?tfs=GhwSCjIwMjYtMTItMjIoAGoFEgNOUlRyBRIDVFBFQgEBSAGYAQI=
2026-10-05,2026-12-16,2026-12-22,return,China Airlines,"7:30 PM on Tue, Dec 22","10:45 PM on Tue, Dec 22",4 hr 15 min,0,NT$13973,one_way,FALSE,FALSE,typical,https://www.google.com/travel/flights?tfs=GhwSCjIwMjYtMTItMjIoAGoFEgNOUlRyBRIDVFBFQgEBSAGYAQI=
2026-10-06,2026-12-17,2026-12-23,outbound,STARLUX Airlines,"3:00 PM on Thu, Dec 17","7:00 PM on Thu, Dec 17",3 hr,0,NT$14498,round_trip,FALSE,FALSE,typical,https://www.google.com/travel/flights?tfs=GhwSCjIwMjYtMTItMTcoAGoFEgNUUEVyBRIDTlJUGhwSCjIwMjYtMTItMjMoAGoFEgNOUlRyBRIDVFBFQgEBSAGYAQE=
2026-10-06,2026-12-17,2026-12-23,outbound,China Airlines,"4:25 PM on Thu, Dec 17","8:30 PM on Thu, Dec 17",3 hr 5 min,0,NT$14593,round_trip,FALSE,FALSE,typical,https://www.google.com/travel/flights?tfs=GhwSCjIwMjYtMTItMTcoAGoFEgNUUEVyBRIDTlJUGhwSCjIwMjYtMTItMjMoAGoFEgNOUlRyBRIDVFBFQgEBSAGYAQE=
2026-10-06,2026-12-17,2026-12-23,outbound,Cathay Pacific,"12:50 PM on Thu, Dec 17","4:50 PM on Thu, Dec 17",3 hr,0,NT$15281,round_trip,TRUE,FALSE,typical,https://www.google.com/travel/flights?tfs=GhwSCjIwMjYtMTItMTcoAGoFEgNUUEVyBRIDTlJUGhwSCjIwMjYtMTItMjMoAGoFEgNOUlRyBRIDVFBFQgEBSAGYAQE=
2026-10-06,2026-12-17,2026-12-23,outbound,China Airlines,"9:30 AM on Thu, Dec 17","1:30 PM on Thu, Dec 17",3 hr,0,NT$15529,round_trip,TRUE,FALSE,typical,https://www.google.com/travel/flights?tfs=GhwSCjIwMjYtMTItMTcoAGoFEgNUUEVyBRIDTlJUGhwSCjIwMjYtMTItMjMoAGoFEgNOUlRyBRIDVFBFQgEBSAGYAQE=
2026-10-06,2026-12-17,2026-12-23,outbound,China Airlines,"12:35 PM on Thu, Dec 17","4:35 PM on Thu, Dec 17",3 hr,0,NT$15841,round_trip,TRUE,FALSE,typical,https://www.google.com/travel/flights?tfs=GhwSCjIwMjYtMTItMTcoAGoFEgNUUEVyBRIDTlJUGhwSCjIwMjYtMTItMjMoAGoFEgNOUlRyBRIDVFBFQgEBSAGYAQE=
2026-10-06,2026-12-17,2026-12-23,outbound,STARLUX Airlines,"8:25 AM on Thu, Dec 17","12:35 PM on Thu, Dec 17",3 hr 10 min,0,NT$16121,round_trip,TRUE,FALSE,typical,https://www.google.com/travel/flights?tfs=GhwSCjIwMjYtMTItMTcoAGoFEgNUUEVyBRIDTlJUGhwSCjIwMjYtMTItMjMoAGoFEgNOUlRyBRIDVFBFQgEBSAGYAQE=
2026-10-06,2026-12-17,2026-12-23,outbound,STARLUX Airlines,"10:10 AM on Thu, Dec 17","2:20 PM on Thu, Dec 17",3 hr 10 min,0,NT$16121,round_trip,TRUE,FALSE,typical,https://www.google.com/travel/flights?tfs=GhwSCjIwMjYtMTItMTcoAGoFEgNUUEVyBRIDTlJUGhwSCjIwMjYtMTItMjMoAGoFEgNOUlRyBRIDVFBFQgEBSAGYAQE=
2026-10-06,2026-12-17,2026-12-23,outbound,EVA Air,"3:20 PM on Thu, Dec 17","7:20 PM on Thu, Dec 17",3 hr,0,NT$16306,round_trip,FALSE,FALSE,typical,https://www.google.com/travel/flights?tfs=GhwSCjIwMjYtMTItMTcoAGoFEgNUUEVyBRIDTlJUGhwSCjIwMjYtMTItMjMoAGoFEgNOUlRyBRIDVFBFQgEBSAGYAQE=
2026-10-06,2026-12-17,2026-12-23,outbound,JAL,"10:40 AM on Thu, Dec 17","2:40 PM on Thu, Dec 17",3 hr,0,NT$16841,round_trip,TRUE,FALSE,typical,https://www.google.com/travel/flights?tfs=GhwSCjIwMjYtMTItMTcoAGoFEgNUUEVyBRIDTlJUGhwSCjIwMjYtMTItMjMoAGoFEgNOUlRyBRIDVFBFQgEBSAGYAQE=
2026-10-06,2026-12-17,2026-12-23,outbound,EVA Air,"8:50 AM on Thu, Dec 17","12:55 PM on Thu, Dec 17",3 hr 5 min,0,NT$16936,round_trip,TRUE,FALSE,typical,https://www.google.com/travel/flights?tfs=GhwSCjIwMjYtMTItMTcoAGoFEgNUUEVyBRIDTlJUGhwSCjIwMjYtMTItMjMoAGoFEgNOUlRyBRIDVFBFQgEBSAGYAQE=
2026-10-06,2026-12-17,2026-12-23,outbound,China Airlines,"2:25 PM on Thu, Dec 17","6:30 PM on Thu, Dec 17",3 hr 5 min,0,NT$17504,round_trip,FALSE,FALSE,typical,https://www.google.com/travel/flights?tfs=GhwSCjIwMjYtMTItMTcoAGoFEgNUUEVyBRIDTlJUGhwSCjIwMjYtMTItMjMoAGoFEgNOUlRyBRIDVFBFQgEBSAGYAQE=
2026-10-06,2026-12-17,2026-12-23,return,EVA Air,"1:00 PM on Wed, Dec 23","4:05 PM on Wed, Dec 23",4 hr 5 min,0,NT$7514,one_way,FALSE,TRUE,typical,https://www.google.com/travel/flights?tfs=GhwSCjIwMjYtMTItMjMoAGoFEgNOUlRyBRIDVFBFQgEBSAGYAQI=
2026-10-06,2026-12-17,2026-12-23,return,STARLUX Airlines,"8:10 PM on Wed, Dec 23","11:20 PM on Wed, Dec 23",4 hr 10 min,0,NT$8523,one_way,TRUE,FALSE,typical,https://www.google.com/travel/flights?tfs=GhwSCjIwMjYtMTItMjMoAGoFEgNOUlRyBRIDVFBFQgEBSAGYAQI=
2026-10-06,2026-12-17,2026-12-23,return,China Airlines,"9:20 AM on Wed, Dec 23","12:30 PM on Wed, Dec 23",4 hr 10 min,0,NT$9082,one_way,FALSE,FALSE,typical,https://www.google.com/travel/flights?tfs=GhwSCjIwMjYtMTItMjMoAGoFEgNOUlRyBRIDVFBFQgEBSAGYAQI=
2026-10-06,2026-12-17,2026-12-23,return,STARLUX Airlines,"1:45 PM on Wed, Dec 23","4:50 PM on Wed, Dec 23",4 hr 5 min,0,NT$9528,one_way,FALSE,FALSE,typical,https://www.google.com/travel/flights?tfs=GhwSCjIwMjYtMTItMjMoAGoFEgNOUlRyBRIDVFBFQgEBSAGYAQI=
2026-10-06,2026-12-17,2026-12-23,return,STARLUX Airlines,"3:40 PM on Wed, Dec 23","6:45 PM on Wed, Dec 23",4 hr 5 min,0,NT$9528,one_way,FALSE,FALSE,typical,https://www.google.com/travel/flights?tfs=GhwSCjIwMjYtMTItMjMoAGoFEgNOUlRyBRIDVFBFQgEBSAGYAQI=
2026-10-06,2026-12-17,2026-12-23,return,Cathay Pacific,"3:30 PM on Wed, Dec 23","6:35 PM on Wed, Dec 23",4 hr 5 min,0,NT$11649,one_way,FALSE,FALSE,typical,https://www.google.com/travel/flights?tfs=GhwSCjIwMjYtMTItMjMoAGoFEgNOUlRyBRIDVFBFQgEBSAGYAQI=
2026-10-06,2026-12-17,2026-12-23,return,EVA Air,"2:00 PM on Wed, Dec 23","5:05 PM on Wed, Dec 23",4 hr 5 min,0,NT$12077,one_way,FALSE,FALSE,typical,https://www.google.com/travel/flights?tfs=GhwSCjIwMjYtMTItMjMoAGoFEgNOUlRyBRIDVFBFQgEBSAGYAQI=
2026-10-06,2026-12-17,2026-12-23,return,EVA Air,"8:20 PM on Wed, Dec 23","11:25 PM on Wed, Dec 23",4 hr 5 min,0,NT$12077,one_way,TRUE,FALSE,typical,https://www.google.com/travel/flights?tfs=GhwSCjIwMjYtMTItMjMoAGoFEgNOUlRyBRIDVFBFQgEBSAGYAQI=
2026-10-06,2026-12-17,2026-12-23,return,China Airlines,"2:35 PM on Wed, Dec 23","5:45 PM on Wed, Dec 23",4 hr 10 min,0,NT$12198,one_way,FALSE,FALSE,typical,https://www.google.com/travel/flights?tfs=GhwSCjIwMjYtMTItMjMoAGoFEgNOUlRyBRIDVFBFQgEBSAGYAQI=
2026-10-06,2026-12-17,2026-12-23,return,China Airlines,"5:45 PM on Wed, Dec 23","8:55 PM on Wed, Dec 23",4 hr 10 min,0,NT$13947,one_way,FALSE,FALSE,typical,https://www.google.com/travel/flights?tfs=GhwSCjIwMjYtMTItMjMoAGoFEgNOUlRyBRIDVFBFQgEBSAGYAQI=
2026-10-06,2026-12-17,2026-12-23,return,China Airlines,"7:30 PM on Wed, Dec 23","10:45 PM on Wed, Dec 23",4 hr 15 min,0,NT$13947,one_way,FALSE,FALSE,typical,https://www.google.com/travel/flights?tfs=GhwSCjIwMjYtMTItMjMoAGoFEgNOUlRyBRIDVFBFQgEBSAGYAQI=
2026-10-06,2026-12-16,2026-12-22,outbound,STARLUX Airlines,"3:00 PM on Wed, Dec 16","7:00 PM on Wed, Dec 16",3 hr,0,NT$13593,round_trip,FALSE,FALSE,typical,https://www.google.com/travel/flights?tfs=GhwSCjIwMjYtMTItMTYoAGoFEgNUUEVyBRIDTlJUGhwSCjIwMjYtMTItMjIoAGoFEgNOUlRyBRIDVFBFQgEBSAGYAQE=
2026-10-06,2026-12-16,2026-12-22,outbound,China Airlines,"4:25 PM on Wed, Dec 16","8:30 PM on Wed, Dec 16",3 hr 5 min,0,NT$13688,round_trip,FALSE,FALSE,typical,https://www.google.com/travel/flights?tfs=GhwSCjIwMjYtMTItMTYoAGoFEgNUUEVyBRIDTlJUGhwSCjIwMjYtMTItMjIoAGoFEgNOUlRyBRIDVFBFQgEBSAGYAQE=
2026-10-06,2026-12-16,2026-12-22,outbound,EVA Air,"3:20 PM on Wed, Dec 16","7:20 PM on Wed, Dec 16",3 hr,0,NT$13762,round_trip,FALSE,FALSE,typical,https://www.google.com/travel/flights?tfs=GhwSCjIwMjYtMTItMTYoAGoFEgNUUEVyBRIDTlJUGhwSCjIwMjYtMTItMjIoAGoFEgNOUlRyBRIDVFBFQgEBSAGYAQE=
2026-10-06,2026-12-16,2026-12-22,outbound,China Airlines,"2:25 PM on Wed, Dec 16","6:30 PM on Wed, Dec 16",3 hr 5 min,0,NT$14312,round_trip,FALSE,FALSE,typical,https://www.google.com/travel/flights?tfs=GhwSCjIwMjYtMTItMTYoAGoFEgNUUEVyBRIDTlJUGhwSCjIwMjYtMTItMjIoAGoFEgNOUlRyBRIDVFBFQgEBSAGYAQE=
2026-10-06,2026-12-16,2026-12-22,outbound,Cathay Pacific,"12:50 PM on Wed, Dec 16","4:50 PM on Wed, Dec 16",3 hr,0,NT$14376,round_trip,TRUE,FALSE,typical,https://www.google.com/travel/flights?tfs=GhwSCjIwMjYtMTItMTYoAGoFEgNUUEVyBRIDTlJUGhwSCjIwMjYtMTItMjIoAGoFEgNOUlRyBRIDVFBFQgEBSAGYAQE=
2026-10-06,2026-12-16,2026-12-22,outbound,China Airlines,"9:30 AM on Wed, Dec 16","1:30 PM on Wed, Dec 16",3 hr,0,NT$14624,round_trip,TRUE,FALSE,typical,https://www.google.com/travel/flights?tfs=GhwSCjIwMjYtMTItMTYoAGoFEgNUUEVyBRIDTlJUGhwSCjIwMjYtMTItMjIoAGoFEgNOUlRyBRIDVFBFQgEBSAGYAQE=
2026-10-06,2026-12-16,2026-12-22,outbound,China Airlines,"12:35 PM on Wed, Dec 16","4:35 PM on Wed, Dec 16",3 hr,0,NT$14624,round_trip,TRUE,FALSE,typical,https://www.google.com/travel/flights?tfs=GhwSCjIwMjYtMTItMTYoAGoFEgNUUEVyBRIDTlJUGhwSCjIwMjYtMTItMjIoAGoFEgNOUlRyBRIDVFBFQgEBSAGYAQE=
2026-10-06,2026-12-16,2026-12-22,outbound,EVA Air,"7:55 AM on Wed, Dec 16","12:00 PM on Wed, Dec 16",3 hr 5 min,0,NT$14707,round_trip,TRUE,FALSE,typical,https://www.google.com/travel/flights?tfs=GhwSCjIwMjYtMTItMTYoAGoFEgNUUEVyBRIDTlJUGhwSCjIwMjYtMTItMjIoAGoFEgNOUlRyBRIDVFBFQgEBSAGYAQE=
2026-10-06,2026-12-16,2026-12-22,outbound,EVA Air,"8:50 AM on Wed, Dec 16","12:55 PM on Wed, Dec 16",3 hr 5 min,0,NT$14707,round_trip,TRUE,FALSE,typical,https://www.google.com/travel/flights?tfs=GhwSCjIwMjYtMTItMTYoAGoFEgNUUEVyBRIDTlJUGhwSCjIwMjYtMTItMjIoAGoFEgNOUlRyBRIDVFBFQgEBSAGYAQE=
2026-10-06,2026-12-16,2026-12-22,outbound,STARLUX Airlines,"8:25 AM on Wed, Dec 16","12:35 PM on Wed, Dec 16",3 hr 10 min,0,NT$15840,round_trip,TRUE,FALSE,typical,https://www.google.com/travel/flights?tfs=GhwSCjIwMjYtMTItMTYoAGoFEgNUUEVyBRIDTlJUGhwSCjIwMjYtMTItMjIoAGoFEgNOUlRyBRIDVFBFQgEBSAGYAQE=
2026-10-06,2026-12-16,2026-12-22,outbound,STARLUX Airlines,"10:10 AM on Wed, Dec 16","2:20 PM on Wed, Dec 16",3 hr 10 min,0,NT$15840,round_trip,TRUE,FALSE,typical,https://www.google.com/travel/flights?tfs=GhwSCjIwMjYtMTItMTYoAGoFEgNUUEVyBRIDTlJUGhwSCjIwMjYtMTItMjIoAGoFEgNOUlRyBRIDVFBFQgEBSAGYAQE=
2026-10-06,2026-12-16,2026-12-22,return,EVA Air,"1:00 PM on Tue, Dec 22","4:05 PM on Tue, Dec 22",4 hr 5 min,0,NT$7514,one_way,FALSE,TRUE,typical,https://www.google.com/travel/flights?tfs=GhwSCjIwMjYtMTItMjIoAGoFEgNOUlRyBRIDVFBFQgEBSAGYAQI=
2026-10-06,2026-12-16,2026-12-22,return,STARLUX Airlines,"1:45 PM on Tue, Dec 22","4:50 PM on Tue, Dec 22",4 hr 5 min,0,NT$8523,one_way,FALSE,TRUE,typical,https://www.google.com/travel/flights?tfs=GhwSCjIwMjYtMTItMjIoAGoFEgNOUlRyBRIDVFBFQgEBSAGYAQI=
2026-10-06,2026-12-16,2026-12-22,return,China Airlines,"9:20 AM on Tue, Dec 22","12:30 PM on Tue, Dec 22",4 hr 10 min,0,NT$7756,one_way,FALSE,FALSE,typical,https://www.google.com/travel/flights?tfs=GhwSCjIwMjYtMTItMjIoAGoFEgNOUlRyBRIDVFBFQgEBSAGYAQI=
2026-10-06,2026-12-16,2026-12-22,return,STARLUX Airlines,"3:40 PM on Tue, Dec 22","6:45 PM on Tue, Dec 22",4 hr 5 min,0,NT$9528,one_way,FALSE,FALSE,typical,https://www.google.com/travel/flights?tfs=GhwSCjIwMjYtMTItMjIoAGoFEgNOUlRyBRIDVFBFQgEBSAGYAQI=
2026-10-06,2026-12-16,2026-12-22,return,STARLUX Airlines,"8:10 PM on Tue, Dec 22","11:20 PM on Tue, Dec 22",4 hr 10 min,0,NT$9528,one_way,TRUE,FALSE,typical,https://www.google.com/travel/flights?tfs=GhwSCjIwMjYtMTItMjIoAGoFEgNOUlRyBRIDVFBFQgEBSAGYAQI=
2026-10-06,2026-12-16,2026-12-22,return,EVA Air,"2:00 PM on Tue, Dec 22","5:05 PM on Tue, Dec 22",4 hr 5 min,0,NT$9565,one_way,FALSE,FALSE,typical,https://www.google.com/travel/flights?tfs=GhwSCjIwMjYtMTItMjIoAGoFEgNOUlRyBRIDVFBFQgEBSAGYAQI=
2026-10-06,2026-12-16,2026-12-22,return,China Airlines,"2:35 PM on Tue, Dec 22","5:45 PM on Tue, Dec 22",4 hr 10 min,0,NT$9766,one_way,FALSE,FALSE,typical,https://www.google.com/travel/flights?tfs=GhwSCjIwMjYtMTItMjIoAGoFEgNOUlRyBRIDVFBFQgEBSAGYAQI=
2026-10-06,2026-12-16,2026-12-22,return,Cathay Pacific,"3:30 PM on Tue, Dec 22","6:35 PM on Tue, Dec 22",4 hr 5 min,0,NT$10644,one_way,FALSE,FALSE,typical,https://www.google.com/travel/flights?tfs=GhwSCjIwMjYtMTItMjIoAGoFEgNOUlRyBRIDVFBFQgEBSAGYAQI=
2026-10-06,2026-12-16,2026-12-22,return,EVA Air,"8:20 PM on Tue, Dec 22","11:25 PM on Tue, Dec 22",4 hr 5 min,0,NT$11092,one_way,TRUE,FALSE,typical,https://www.google.com/travel/flights?tfs=GhwSCjIwMjYtMTItMjIoAGoFEgNOUlRyBRIDVFBFQgEBSAGYAQI=
2026-10-06,2026-12-16,2026-12-22,return,China Airlines,"5:45 PM on Tue, Dec 22","8:55 PM on Tue, Dec 22",4 hr 10 min,0,NT$13947,one_way,FALSE,FALSE,typical,https://www.google.com/travel/flights?tfs=GhwSCjIwMjYtMTItMjIoAGoFEgNOUlRyBRIDVFBFQgEBSAGYAQI=
2026-10-06,2026-12-16,2026-12-22,return,China Airlines,"7:30 PM on Tue, Dec 22","10:45 PM on Tue, Dec 22",4 hr 15 min,0,NT$13947,one_way,FALSE,FALSE,typical,https://www.google.com/travel/flights?tfs=GhwSCjIwMjYtMTItMjIoAGoFEgNOUlRyBRIDVFBFQgEBSAGYAQI=
2026-10-07,2026-12-17,2026-12-23,outbound,STARLUX Airlines,"3:00 PM on Thu, Dec 17","7:00 PM on Thu, Dec 17",3 hr,0,NT$14752,round_trip,FALSE,FALSE,typical,https://www.google.com/travel/flights?tfs=GhwSCjIwMjYtMTItMTcoAGoFEgNUUEVyBRIDTlJUGhwSCjIwMjYtMTItMjMoAGoFEgNOUlRyBRIDVFBFQgEBSAGYAQE=
2026-10-07,2026-12-17,2026-12-23,outbound,China Airlines,"4:25 PM on Thu, Dec 17","8:30 PM on Thu, Dec 17",3 hr 5 min,0,NT$14752,round_trip,FALSE,FALSE,typical,https://www.google.com/travel/flights?tfs=GhwSCjIwMjYtMTItMTcoAGoFEgNUUEVyBRIDTlJUGhwSCjIwMjYtMTItMjMoAGoFEgNOUlRyBRIDVFBFQgEBSAGYAQE=
2026-10-07,2026-12-17,2026-12-23,outbound,Cathay Pacific,"12:50 PM on Thu, Dec 17","4:50 PM on Thu, Dec 17",3 hr,0,NT$15702,round_trip,TRUE,FALSE,typical,https://www.google.com/travel/flights?tfs=GhwSCjIwMjYtMTItMTcoAGoFEgNUUEVyBRIDTlJUGhwSCjIwMjYtMTItMjMoAGoFEgNOUlRyBRIDVFBFQgEBSAGYAQE=
2026-10-07,2026-12-17,2026-12-23,outbound,China Airlines,"12:35 PM on Thu, Dec 17","4:35 PM on Thu, Dec 17",3 hr,0,NT$16000,round_trip,TRUE,FALSE,typical,https://www.google.com/travel/flights?tfs=GhwSCjIwMjYtMTItMTcoAGoFEgNUUEVyBRIDTlJUGhwSCjIwMjYtMTItMjMoAGoFEgNOUlRyBRIDVFBFQgEBSAGYAQE=
2026-10-07,2026-12-17,2026-12-23,outbound,China Airlines,"9:30 AM on Thu, Dec 17","1:30 PM on Thu, Dec 17",3 hr,0,NT$16375,round_trip,TRUE,FALSE,typical,https://www.google.com/travel/flights?tfs=GhwSCjIwMjYtMTItMTcoAGoFEgNUUEVyBRIDTlJUGhwSCjIwMjYtMTItMjMoAGoFEgNOUlRyBRIDVFBFQgEBSAGYAQE=
2026-10-07,2026-12-17,2026-12-23,outbound,STARLUX Airlines,"10:10 AM on Thu, Dec 17","2:20 PM on Thu, Dec 17",3 hr 10 min,0,NT$16375,round_trip,TRUE,FALSE,typical,https://www.google.com/travel/flights?tfs=GhwSCjIwMjYtMTItMTcoAGoFEgNUUEVyBRIDTlJUGhwSCjIwMjYtMTItMjMoAGoFEgNOUlRyBRIDVFBFQgEBSAGYAQE=
2026-10-07,2026-12-17,2026-12-23,outbound,EVA Air,"3:20 PM on Thu, Dec 17","7:20 PM on Thu, Dec 17",3 hr,0,NT$16465,round_trip,FALSE,FALSE,typical,https://www.google.com/travel/flights?tfs=GhwSCjIwMjYtMTItMTcoAGoFEgNUUEVyBRIDTlJUGhwSCjIwMjYtMTItMjMoAGoFEgNOUlRyBRIDVFBFQgEBSAGYAQE=
2026-10-07,2026-12-17,2026-12-23,outbound,JAL,"10:40 AM on Thu, Dec 17","2:40 PM on Thu, Dec 17",3 hr,0,NT$16840,round_trip,TRUE,FALSE,typical,https://www.google.com/travel/flights?tfs=GhwSCjIwMjYtMTItMTcoAGoFEgNUUEVyBRIDTlJUGhwSCjIwMjYtMTItMjMoAGoFEgNOUlRyBRIDVFBFQgEBSAGYAQE=
2026-10-07,2026-12-17,2026-12-23,outbound,STARLUX Airlines,"8:25 AM on Thu, Dec 17","12:35 PM on Thu, Dec 17",3 hr 10 min,0,NT$16999,round_trip,TRUE,FALSE,typical,https://www.google.com/travel/flights?tfs=GhwSCjIwMjYtMTItMTcoAGoFEgNUUEVyBRIDTlJUGhwSCjIwMjYtMTItMjMoAGoFEgNOUlRyBRIDVFBFQgEBSAGYAQE=
2026-10-07,2026-12-17,2026-12-23,outbound,EVA Air,"8:50 AM on Thu, Dec 17","12:55 PM on Thu, Dec 17",3 hr 5 min,0,NT$17095,round_trip,TRUE,FALSE,typical,https://www.google.com/travel/flights?tfs=GhwSCjIwMjYtMTItMTcoAGoFEgNUUEVyBRIDTlJUGhwSCjIwMjYtMTItMjMoAGoFEgNOUlRyBRIDVFBFQgEBSAGYAQE=
2026-10-07,2026-12-17,2026-12-23,outbound,China Airlines,"2:25 PM on Thu, Dec 17","6:30 PM on Thu, Dec 17",3 hr 5 min,0,NT$17663,round_trip,FALSE,FALSE,typical,https://www.google.com/travel/flights?tfs=GhwSCjIwMjYtMTItMTcoAGoFEgNUUEVyBRIDTlJUGhwSCjIwMjYtMTItMjMoAGoFEgNOUlRyBRIDVFBFQgEBSAGYAQE=
2026-10-07,2026-12-17,2026-12-23,return,EVA Air,"1:00 PM on Wed, Dec 23","4:05 PM on Wed, Dec 23",4 hr 5 min,0,NT$7521,one_way,FALSE,TRUE,typical,https://www.google.com/travel/flights?tfs=GhwSCjIwMjYtMTItMjMoAGoFEgNOUlRyBRIDVFBFQgEBSAGYAQI=
2026-10-07,2026-12-17,2026-12-23,return,STARLUX Airlines,"8:10 PM on Wed, Dec 23","11:20 PM on Wed, Dec 23",4 hr 10 min,0,NT$7722,one_way,TRUE,FALSE,typical,https://www.google.com/travel/flights?tfs=GhwSCjIwMjYtMTItMjMoAGoFEgNOUlRyBRIDVFBFQgEBSAGYAQI=
2026-10-07,2026-12-17,2026-12-23,return,China Airlines,"9:20 AM on Wed, Dec 23","12:30 PM on Wed, Dec 23",4 hr 10 min,0,NT$9231,one_way,FALSE,FALSE,typical,https://www.google.com/travel/flights?tfs=GhwSCjIwMjYtMTItMjMoAGoFEgNOUlRyBRIDVFBFQgEBSAGYAQI=
2026-10-07,2026-12-17,2026-12-23,return,China Airlines,"2:35 PM on Wed, Dec 23","5:45 PM on Wed, Dec 23",4 hr 10 min,0,NT$9775,one_way,FALSE,FALSE,typical,https://www.google.com/travel/flights?tfs=GhwSCjIwMjYtMTItMjMoAGoFEgNOUlRyBRIDVFBFQgEBSAGYAQI=
2026-10-07,2026-12-17,2026-12-23,return,STARLUX Airlines,"1:45 PM on Wed, Dec 23","4:50 PM on Wed, Dec 23",4 hr 5 min,0,NT$9996,one_way,FALSE,FALSE,typical,https://www.google.com/travel/flights?tfs=GhwSCjIwMjYtMTItMjMoAGoFEgNOUlRyBRIDVFBFQgEBSAGYAQI=
2026-10-07,2026-12-17,2026-12-23,return,STARLUX Airlines,"3:40 PM on Wed, Dec 23","6:45 PM on Wed, Dec 23",4 hr 5 min,0,NT$9996,one_way,FALSE,FALSE,typical,https://www.google.com/travel/flights?tfs=GhwSCjIwMjYtMTItMjMoAGoFEgNOUlRyBRIDVFBFQgEBSAGYAQI=
2026-10-07,2026-12-17,2026-12-23,return,Cathay Pacific,"3:30 PM on Wed, Dec 23","6:35 PM on Wed, Dec 23",4 hr 5 min,0,NT$10654,one_way,FALSE,FALSE,typical,https://www.google.com/travel/flights?tfs=GhwSCjIwMjYtMTItMjMoAGoFEgNOUlRyBRIDVFBFQgEBSAGYAQI=
2026-10-07,2026-12-17,2026-12-23,return,EVA Air,"2:00 PM on Wed, Dec 23","5:05 PM on Wed, Dec 23",4 hr 5 min,0,NT$12088,one_way,FALSE,FALSE,typical,https://www.google.com/travel/flights?tfs=GhwSCjIwMjYtMTItMjMoAGoFEgNOUlRyBRIDVFBFQgEBSAGYAQI=
2026-10-07,2026-12-17,2026-12-23,return,EVA Air,"8:20 PM on Wed, Dec 23","11:25 PM on Wed, Dec 23",4 hr 5 min,0,NT$12088,one_way,TRUE,FALSE,typical,https://www.google.com/travel/flights?tfs=GhwSCjIwMjYtMTItMjMoAGoFEgNOUlRyBRIDVFBFQgEBSAGYAQI=
2026-10-07,2026-12-17,2026-12-23,return,China Airlines,"5:45 PM on Wed, Dec 23","8:55 PM on Wed, Dec 23",4 hr 10 min,0,NT$13959,one_way,FALSE,FALSE,typical,https://www.google.com/travel/flights?tfs=GhwSCjIwMjYtMTItMjMoAGoFEgNOUlRyBRIDVFBFQgEBSAGYAQI=
2026-10-07,2026-12-17,2026-12-23,return,China Airlines,"7:30 PM on Wed, Dec 23","10:45 PM on Wed, Dec 23",4 hr 15 min,0,NT$13959,one_way,FALSE,FALSE,typical,https://www.google.com/travel/flights?tfs=GhwSCjIwMjYtMTItMjMoAGoFEgNOUlRyBRIDVFBFQgEBSAGYAQI=
2026-10-07,2026-12-16,2026-12-22,outbound,STARLUX Airlines,"3:00 PM on Wed, Dec 16","7:00 PM on Wed, Dec 16",3 hr,0,NT$13847,round_trip,FALSE,FALSE,typical,https://www.google.com/travel/flights?tfs=GhwSCjIwMjYtMTItMTYoAGoFEgNUUEVyBRIDTlJUGhwSCjIwMjYtMTItMjIoAGoFEgNOUlRyBRIDVFBFQgEBSAGYAQE=
2026-10-07,2026-12-16,2026-12-22,outbound,China Airlines,"4:25 PM on Wed, Dec 16","8:30 PM on Wed, Dec 16",3 hr 5 min,0,NT$13847,round_trip,FALSE,FALSE,typical,https://www.google.com/travel/flights?tfs=GhwSCjIwMjYtMTItMTYoAGoFEgNUUEVyBRIDTlJUGhwSCjIwMjYtMTItMjIoAGoFEgNOUlRyBRIDVFBFQgEBSAGYAQE=
2026-10-07,2026-12-16,2026-12-22,outbound,EVA Air,"3:20 PM on Wed, Dec 16","7:20 PM on Wed, Dec 16",3 hr,0,NT$13921,round_trip,FALSE,FALSE,typical,https://www.google.com/travel/flights?tfs=GhwSCjIwMjYtMTItMTYoAGoFEgNUUEVyBRIDTlJUGhwSCjIwMjYtMTItMjIoAGoFEgNOUlRyBRIDVFBFQgEBSAGYAQE=
2026-10-07,2026-12-16,2026-12-22,outbound,China Airlines,"2:25 PM on Wed, Dec 16","6:30 PM on Wed, Dec 16",3 hr 5 min,0,NT$14471,round_trip,FALSE,FALSE,typical,https://www.google.com/travel/flights?tfs=GhwSCjIwMjYtMTItMTYoAGoFEgNUUEVyBRIDTlJUGhwSCjIwMjYtMTItMjIoAGoFEgNOUlRyBRIDVFBFQgEBSAGYAQE=
2026-10-07,2026-12-16,2026-12-22,outbound,China Airlines,"9:30 AM on Wed, Dec 16","1:30 PM on Wed, Dec 16",3 hr,0,NT$14783,round_trip,TRUE,FALSE,typical,https://www.google.com/travel/flights?tfs=GhwSCjIwMjYtMTItMTYoAGoFEgNUUEVyBRIDTlJUGhwSCjIwMjYtMTItMjIoAGoFEgNOUlRyBRIDVFBFQgEBSAGYAQE=
2026-10-07,2026-12-16,2026-12-22,outbound,China Airlines,"12:35 PM on Wed, Dec 16","4:35 PM on Wed, Dec 16",3 hr,0,NT$14783,round_trip,TRUE,FALSE,typical,https://www.google.com/travel/flights?tfs=GhwSCjIwMjYtMTItMTYoAGoFEgNUUEVyBRIDTlJUGhwSCjIwMjYtMTItMjIoAGoFEgNOUlRyBRIDVFBFQgEBSAGYAQE=
2026-10-07,2026-12-16,2026-12-22,outbound,Cathay Pacific,"12:50 PM on Wed, Dec 16","4:50 PM on Wed, Dec 16",3 hr,0,NT$14797,round_trip,TRUE,FALSE,typical,https://www.google.com/travel/flights?tfs=GhwSCjIwMjYtMTItMTYoAGoFEgNUUEVyBRIDTlJUGhwSCjIwMjYtMTItMjIoAGoFEgNOUlRyBRIDVFBFQgEBSAGYAQE=
2026-10-07,2026-12-16,2026-12-22,outbound,EVA Air,"7:55 AM on Wed, Dec 16","12:00 PM on Wed, Dec 16",3 hr 5 min,0,NT$14866,round_trip,TRUE,FALSE,typical,https://www.google.com/travel/flights?tfs=GhwSCjIwMjYtMTItMTYoAGoFEgNUUEVyBRIDTlJUGhwSCjIwMjYtMTItMjIoAGoFEgNOUlRyBRIDVFBFQgEBSAGYAQE=
2026-10-07,2026-12-16,2026-12-22,outbound,EVA Air,"8:50 AM on Wed, Dec 16","12:55 PM on Wed, Dec 16",3 hr 5 min,0,NT$14866,round_trip,TRUE,FALSE,typical,https://www.google.com/travel/flights?tfs=GhwSCjIwMjYtMTItMTYoAGoFEgNUUEVyBRIDTlJUGhwSCjIwMjYtMTItMjIoAGoFEgNOUlRyBRIDVFBFQgEBSAGYAQE=
2026-10-07,2026-12-16,2026-12-22,outbound,JAL,"10:40 AM on Wed, Dec 16","2:40 PM on Wed, Dec 16",3 hr,0,NT$15935,round_trip,TRUE,FALSE,typical,https://www.google.com/travel/flights?tfs=GhwSCjIwMjYtMTItMTYoAGoFEgNUUEVyBRIDTlJUGhwSCjIwMjYtMTItMjIoAGoFEgNOUlRyBRIDVFBFQgEBSAGYAQE=
2026-10-07,2026-12-16,2026-12-22,outbound,STARLUX Airlines,"10:10 AM on Wed, Dec 16","2:20 PM on Wed, Dec 16",3 hr 10 min,0,NT$16094,round_trip,TRUE,FALSE,typical,https://www.google.com/travel/flights?tfs=GhwSCjIwMjYtMTItMTYoAGoFEgNUUEVyBRIDTlJUGhwSCjIwMjYtMTItMjIoAGoFEgNOUlRyBRIDVFBFQgEBSAGYAQE=
2026-10-07,2026-12-16,2026-12-22,return,EVA Air,"1:00 PM on Tue, Dec 22","4:05 PM on Tue, Dec 22",4 hr 5 min,0,NT$7522,one_way,FALSE,TRUE,typical,https://www.google.com/travel/flights?tfs=GhwSCjIwMjYtMTItMjIoAGoFEgNOUlRyBRIDVFBFQgEBSAGYAQI=
2026-10-07,2026-12-16,2026-12-22,return,China Airlines,"9:20 AM on Tue, Dec 22","12:30 PM on Tue, Dec 22",4 hr 10 min,0,NT$7281,one_way,FALSE,FALSE,typical,https://www.google.com/travel/flights?tfs=GhwSCjIwMjYtMTItMjIoAGoFEgNOUlRyBRIDVFBFQgEBSAGYAQI=
2026-10-07,2026-12-16,2026-12-22,return,STARLUX Airlines,"1:45 PM on Tue, Dec 22","4:50 PM on Tue, Dec 22",4 hr 5 min,0,NT$8931,one_way,FALSE,FALSE,typical,https://www.google.com/travel/flights?tfs=GhwSCjIwMjYtMTItMjIoAGoFEgNOUlRyBRIDVFBFQgEBSAGYAQI=
2026-10-07,2026-12-16,2026-12-22,return,EVA Air,"2:00 PM on Tue, Dec 22","5:05 PM on Tue, Dec 22",4 hr 5 min,0,NT$9575,one_way,FALSE,FALSE,typical,https://www.google.com/travel/flights?tfs=GhwSCjIwMjYtMTItMjIoAGoFEgNOUlRyBRIDVFBFQgEBSAGYAQI=
2026-10-07,2026-12-16,2026-12-22,return,China Airlines,"2:35 PM on Tue, Dec 22","5:45 PM on Tue, Dec 22",4 hr 10 min,0,NT$9776,one_way,FALSE,FALSE,typical,https://www.google.com/travel/flights?tfs=GhwSCjIwMjYtMTItMjIoAGoFEgNOUlRyBRIDVFBFQgEBSAGYAQI=
2026-10-07,2026-12-16,2026-12-22,return,STARLUX Airlines,"3:40 PM on Tue, Dec 22","6:45 PM on Tue, Dec 22",4 hr 5 min,0,NT$9997,one_way,FALSE,FALSE,typical,https://www.google.com/travel/flights?tfs=GhwSCjIwMjYtMTItMjIoAGoFEgNOUlRyBRIDVFBFQgEBSAGYAQI=
2026-10-07,2026-12-16,2026-12-22,return,STARLUX Airlines,"8:10 PM on Tue, Dec 22","11:20 PM on Tue, Dec 22",4 hr 10 min,0,NT$9997,one_way,TRUE,FALSE,typical,https://www.google.com/travel/flights?tfs=GhwSCjIwMjYtMTItMjIoAGoFEgNOUlRyBRIDVFBFQgEBSAGYAQI=
2026-10-07,2026-12-16,2026-12-22,return,Cathay Pacific,"3:30 PM on Tue, Dec 22","6:35 PM on Tue, Dec 22",4 hr 5 min,0,NT$10655,one_way,FALSE,FALSE,typical,https://www.google.com/travel/flights?tfs=GhwSCjIwMjYtMTItMjIoAGoFEgNOUlRyBRIDVFBFQgEBSAGYAQI=
2026-10-07,2026-12-16,2026-12-22,return,EVA Air,"8:20 PM on Tue, Dec 22","11:25 PM on Tue, Dec 22",4 hr 5 min,0,NT$11104,one_way,TRUE,FALSE,typical,https://www.google.com/travel/flights?tfs=GhwSCjIwMjYtMTItMjIoAGoFEgNOUlRyBRIDVFBFQgEBSAGYAQI=
2026-10-07,2026-12-16,2026-12-22,return,China Airlines,"5:45 PM on Tue, Dec 22","8:55 PM on Tue, Dec 22",4 hr 10 min,0,NT$13961,one_way,FALSE,FALSE,typical,https://www.google.com/travel/flights?tfs=GhwSCjIwMjYtMTItMjIoAGoFEgNOUlRyBRIDVFBFQgEBSAGYAQI=
2026-10-07,2026-12-16,2026-12-22,return,China Airlines,"7:30 PM on Tue, Dec 22","10:45 PM on Tue, Dec 22",4 hr 15 min,0,NT$13961,one_way,FALSE,FALSE,typical,https://www.google.com/travel/flights?tfs=GhwSCjIwMjYtMTItMjIoAGoFEgNOUlRyBRIDVFBFQgEBSAGYAQI=
2026-10-08,2026-12-17,2026-12-23,outbound,STARLUX Airlines,"3:00 PM on Thu, Dec 17","7:00 PM on Thu, Dec 17",3 hr,0,NT$14773,round_trip,FALSE,FALSE,typical,https://www.google.com/travel/flights?tfs=GhwSCjIwMjYtMTItMTcoAGoFEgNUUEVyBRIDTlJUGhwSCjIwMjYtMTItMjMoAGoFEgNOUlRyBRIDVFBFQgEBSAGYAQE=
2026-10-08,2026-12-17,2026-12-23,outbound,China Airlines,"4:25 PM on Thu, Dec 17","8:30 PM on Thu, Dec 17",3 hr 5 min,0,NT$14773,round_trip,FALSE,FALSE,typical,https://www.google.com/travel/flights?tfs=GhwSCjIwMjYtMTItMTcoAGoFEgNUUEVyBRIDTlJUGhwSCjIwMjYtMTItMjMoAGoFEgNOUlRyBRIDVFBFQgEBSAGYAQE=
2026-10-08,2026-12-17,2026-12-23,outbound,China Airlines,"12:35 PM on Thu, Dec 17","4:35 PM on Thu, Dec 17",3 hr,0,NT$15085,round_trip,TRUE,FALSE,typical,https://www.google.com/travel/flights?tfs=GhwSCjIwMjYtMTItMTcoAGoFEgNUUEVyBRIDTlJUGhwSCjIwMjYtMTItMjMoAGoFEgNOUlRyBRIDVFBFQgEBSAGYAQE=
2026-10-08,2026-12-17,2026-12-23,outbound,STARLUX Airlines,"8:25 AM on Thu, Dec 17","12:35 PM on Thu, Dec 17",3 hr 10 min,0,NT$15709,round_trip,TRUE,FALSE,typical,https://www.google.com/travel/flights?tfs=GhwSCjIwMjYtMTItMTcoAGoFEgNUUEVyBRIDTlJUGhwSCjIwMjYtMTItMjMoAGoFEgNOUlRyBRIDVFBFQgEBSAGYAQE=
2026-10-08,2026-12-17,2026-12-23,outbound,Cathay Pacific,"12:50 PM on Thu, Dec 17","4:50 PM on Thu, Dec 17",3 hr,0,NT$15721,round_trip,TRUE,FALSE,typical,https://www.google.com/travel/flights?tfs=GhwSCjIwMjYtMTItMTcoAGoFEgNUUEVyBRIDTlJUGhwSCjIwMjYtMTItMjMoAGoFEgNOUlRyBRIDVFBFQgEBSAGYAQE=
2026-10-08,2026-12-17,2026-12-23,outbound,China Airlines,"9:30 AM on Thu, Dec 17","1:30 PM on Thu, Dec 17",3 hr,0,NT$16396,round_trip,TRUE,FALSE,typical,https://www.google.com/travel/flights?tfs=GhwSCjIwMjYtMTItMTcoAGoFEgNUUEVyBRIDTlJUGhwSCjIwMjYtMTItMjMoAGoFEgNOUlRyBRIDVFBFQgEBSAGYAQE=
2026-10-08,2026-12-17,2026-12-23,outbound,STARLUX Airlines,"10:10 AM on Thu, Dec 17","2:20 PM on Thu, Dec 17",3 hr 10 min,0,NT$16396,round_trip,TRUE,FALSE,typical,https://www.google.com/travel/flights?tfs=GhwSCjIwMjYtMTItMTcoAGoFEgNUUEVyBRIDTlJUGhwSCjIwMjYtMTItMjMoAGoFEgNOUlRyBRIDVFBFQgEBSAGYAQE=
2026-10-08,2026-12-17,2026-12-23,outbound,EVA Air,"3:20 PM on Thu, Dec 17","7:20 PM on Thu, Dec 17",3 hr,0,NT$16486,round_trip,FALSE,FALSE,typical,https://www.google.com/travel/flights?tfs=GhwSCjIwMjYtMTItMTcoAGoFEgNUUEVyBRIDTlJUGhwSCjIwMjYtMTItMjMoAGoFEgNOUlRyBRIDVFBFQgEBSAGYAQE=
2026-10-08,2026-12-17,2026-12-23,outbound,JAL,"10:40 AM on Thu, Dec 17","2:40 PM on Thu, Dec 17",3 hr,0,NT$16860,round_trip,TRUE,FALSE,typical,https://www.google.com/travel/flights?tfs=GhwSCjIwMjYtMTItMTcoAGoFEgNUUEVyBRIDTlJUGhwSCjIwMjYtMTItMjMoAGoFEgNOUlRyBRIDVFBFQgEBSAGYAQE=
2026-10-08,2026-12-17,2026-12-23,outbound,EVA Air,"8:50 AM on Thu, Dec 17","12:55 PM on Thu, Dec 17",3 hr 5 min,0,NT$17116,round_trip,TRUE,FALSE,typical,https://www.google.com/travel/flights?tfs=GhwSCjIwMjYtMTItMTcoAGoFEgNUUEVyBRIDTlJUGhwSCjIwMjYtMTItMjMoAGoFEgNOUlRyBRIDVFBFQgEBSAGYAQE=
2026-10-08,2026-12-17,2026-12-23,outbound,China Airlines,"2:25 PM on Thu, Dec 17","6:30 PM on Thu, Dec 17",3 hr 5 min,0,NT$17684,round_trip,FALSE,FALSE,typical,https://www.google.com/travel/flights?tfs=GhwSCjIwMjYtMTItMTcoAGoFEgNUUEVyBRIDTlJUGhwSCjIwMjYtMTItMjMoAGoFEgNOUlRyBRIDVFBFQgEBSAGYAQE=
2026-10-08,2026-12-17,2026-12-23,return,EVA Air,"1:00 PM on Wed, Dec 23","4:05 PM on Wed, Dec 23",4 hr 5 min,0,NT$7552,one_way,FALSE,TRUE,typical,https://www.google.com/travel/flights?tfs=GhwSCjIwMjYtMTItMjMoAGoFEgNOUlRyBRIDVFBFQgEBSAGYAQI=
2026-10-08,2026-12-17,2026-12-23,return,China Airlines,"9:20 AM on Wed, Dec 23","12:30 PM on Wed, Dec 23",4 hr 10 min,0,NT$7309,one_way,FALSE,FALSE,typical,https://www.google.com/travel/flights?tfs=GhwSCjIwMjYtMTItMjMoAGoFEgNOUlRyBRIDVFBFQgEBSAGYAQI=
2026-10-08,2026-12-17,2026-12-23,return,STARLUX Airlines,"8:10 PM on Wed, Dec 23","11:20 PM on Wed, Dec 23",4 hr 10 min,0,NT$7754,one_way,TRUE,FALSE,typical,https://www.google.com/travel/flights?tfs=GhwSCjIwMjYtMTItMjMoAGoFEgNOUlRyBRIDVFBFQgEBSAGYAQI=
2026-10-08,2026-12-17,2026-12-23,return,Cathay Pacific,"3:30 PM on Wed, Dec 23","6:35 PM on Wed, Dec 23",4 hr 5 min,0,NT$9404,one_way,FALSE,FALSE,typical,https://www.google.com/travel/flights?tfs=GhwSCjIwMjYtMTItMjMoAGoFEgNOUlRyBRIDVFBFQgEBSAGYAQI=
2026-10-08,2026-12-17,2026-12-23,return,China Airlines,"2:35 PM on Wed, Dec 23","5:45 PM on Wed, Dec 23",4 hr 10 min,0,NT$9814,one_way,FALSE,FALSE,typical,https://www.google.com/travel/flights?tfs=GhwSCjIwMjYtMTItMjMoAGoFEgNOUlRyBRIDVFBFQgEBSAGYAQI=
2026-10-08,2026-12-17,2026-12-23,return,STARLUX Airlines,"1:45 PM on Wed, Dec 23","4:50 PM on Wed, Dec 23",4 hr 5 min,0,NT$10037,one_way,FALSE,FALSE,typical,https://www.google.com/travel/flights?tfs=GhwSCjIwMjYtMTItMjMoAGoFEgNOUlRyBRIDVFBFQgEBSAGYAQI=
2026-10-08,2026-12-17,2026-12-23,return,STARLUX Airlines,"3:40 PM on Wed, Dec 23","6:45 PM on Wed, Dec 23",4 hr 5 min,0,NT$10037,one_way,FALSE,FALSE,typical,https://www.google.com/travel/flights?tfs=GhwSCjIwMjYtMTItMjMoAGoFEgNOUlRyBRIDVFBFQgEBSAGYAQI=
2026-10-08,2026-12-17,2026-12-23,return,EVA Air,"2:00 PM on Wed, Dec 23","5:05 PM on Wed, Dec 23",4 hr 5 min,0,NT$11148,one_way,FALSE,FALSE,typical,https://www.google.com/travel/flights?tfs=GhwSCjIwMjYtMTItMjMoAGoFEgNOUlRyBRIDVFBFQgEBSAGYAQI=
2026-10-08,2026-12-17,2026-12-23,return,EVA Air,"8:20 PM on Wed, Dec 23","11:25 PM on Wed, Dec 23",4 hr 5 min,0,NT$12137,one_way,TRUE,FALSE,typical,https://www.google.com/travel/flights?tfs=GhwSCjIwMjYtMTItMjMoAGoFEgNOUlRyBRIDVFBFQgEBSAGYAQI=
2026-10-08,2026-12-17,2026-12-23,return,China Airlines,"5:45 PM on Wed, Dec 23","8:55 PM on Wed, Dec 23",4 hr 10 min,0,NT$14016,one_way,FALSE,FALSE,typical,https://www.google.com/travel/flights?tfs=GhwSCjIwMjYtMTItMjMoAGoFEgNOUlRyBRIDVFBFQgEBSAGYAQI=
2026-10-08,2026-12-17,2026-12-23,return,China Airlines,"7:30 PM on Wed, Dec 23","10:45 PM on Wed, Dec 23",4 hr 15 min,0,NT$14016,one_way,FALSE,FALSE,typical,https://www.google.com/travel/flights?tfs=GhwSCjIwMjYtMTItMjMoAGoFEgNOUlRyBRIDVFBFQgEBSAGYAQI=
2026-10-08,2026-12-16,2026-12-22,outbound,STARLUX Airlines,"3:00 PM on Wed, Dec 16","7:00 PM on Wed, Dec 16",3 hr,0,NT$13864,round_trip,FALSE,FALSE,typical,https://www.google.com/travel/flights?tfs=GhwSCjIwMjYtMTItMTYoAGoFEgNUUEVyBRIDTlJUGhwSCjIwMjYtMTItMjIoAGoFEgNOUlRyBRIDVFBFQgEBSAGYAQE=
2026-10-08,2026-12-16,2026-12-22,outbound,China Airlines,"4:25 PM on Wed, Dec 16","8:30 PM on Wed, Dec 16",3 hr 5 min,0,NT$13864,round_trip,FALSE,FALSE,typical,https://www.google.com/travel/flights?tfs=GhwSCjIwMjYtMTItMTYoAGoFEgNUUEVyBRIDTlJUGhwSCjIwMjYtMTItMjIoAGoFEgNOUlRyBRIDVFBFQgEBSAGYAQE=
2026-10-08,2026-12-16,2026-12-22,outbound,EVA Air,"3:20 PM on Wed, Dec 16","7:20 PM on Wed, Dec 16",3 hr,0,NT$13938,round_trip,FALSE,FALSE,typical,https://www.google.com/travel/flights?tfs=GhwSCjIwMjYtMTItMTYoAGoFEgNUUEVyBRIDTlJUGhwSCjIwMjYtMTItMjIoAGoFEgNOUlRyBRIDVFBFQgEBSAGYAQE=
2026-10-08,2026-12-16,2026-12-22,outbound,China Airlines,"12:35 PM on Wed, Dec 16","4:35 PM on Wed, Dec 16",3 hr,0,NT$14176,round_trip,TRUE,FALSE,typical,https://www.google.com/travel/flights?tfs=GhwSCjIwMjYtMTItMTYoAGoFEgNUUEVyBRIDTlJUGhwSCjIwMjYtMTItMjIoAGoFEgNOUlRyBRIDVFBFQgEBSAGYAQE=
2026-10-08,2026-12-16,2026-12-22,outbound,China Airlines,"2:25 PM on Wed, Dec 16","6:30 PM on Wed, Dec 16",3 hr 5 min,0,NT$14176,round_trip,FALSE,FALSE,typical,https://www.google.com/travel/flights?tfs=GhwSCjIwMjYtMTItMTYoAGoFEgNUUEVyBRIDTlJUGhwSCjIwMjYtMTItMjIoAGoFEgNOUlRyBRIDVFBFQgEBSAGYAQE=
2026-10-08,2026-12-16,2026-12-22,outbound,China Airlines,"9:30 AM on Wed, Dec 16","1:30 PM on Wed, Dec 16",3 hr,0,NT$14800,round_trip,TRUE,FALSE,typical,https://www.google.com/travel/flights?tfs=GhwSCjIwMjYtMTItMTYoAGoFEgNUUEVyBRIDTlJUGhwSCjIwMjYtMTItMjIoAGoFEgNOUlRyBRIDVFBFQgEBSAGYAQE=
2026-10-08,2026-12-16,2026-12-22,outbound,Cathay Pacific,"12:50 PM on Wed, Dec 16","4:50 PM on Wed, Dec 16",3 hr,0,NT$14812,round_trip,TRUE,FALSE,typical,https://www.google.com/travel/flights?tfs=GhwSCjIwMjYtMTItMTYoAGoFEgNUUEVyBRIDTlJUGhwSCjIwMjYtMTItMjIoAGoFEgNOUlRyBRIDVFBFQgEBSAGYAQE=
2026-10-08,2026-12-16,2026-12-22,outbound,EVA Air,"7:55 AM on Wed, Dec 16","12:00 PM on Wed, Dec 16",3 hr 5 min,0,NT$14883,round_trip,TRUE,FALSE,typical,https://www.google.com/travel/flights?tfs=GhwSCjIwMjYtMTItMTYoAGoFEgNUUEVyBRIDTlJUGhwSCjIwMjYtMTItMjIoAGoFEgNOUlRyBRIDVFBFQgEBSAGYAQE=
2026-10-08,2026-12-16,2026-12-22,outbound,EVA Air,"8:50 AM on Wed, Dec 16","12:55 PM on Wed, Dec 16",3 hr 5 min,0,NT$14883,round_trip,TRUE,FALSE,typical,https://www.google.com/travel/flights?tfs=GhwSCjIwMjYtMTItMTYoAGoFEgNUUEVyBRIDTlJUGhwSCjIwMjYtMTItMjIoAGoFEgNOUlRyBRIDVFBFQgEBSAGYAQE=
2026-10-08,2026-12-16,2026-12-22,outbound,STARLUX Airlines,"10:10 AM on Wed, Dec 16","2:20 PM on Wed, Dec 16",3 hr 10 min,0,NT$15487,round_trip,TRUE,FALSE,typical,https://www.google.com/travel/flights?tfs=GhwSCjIwMjYtMTItMTYoAGoFEgNUUEVyBRIDTlJUGhwSCjIwMjYtMTItMjIoAGoFEgNOUlRyBRIDVFBFQgEBSAGYAQE=
2026-10-08,2026-12-16,2026-12-22,outbound,JAL,"10:40 AM on Wed, Dec 16","2:40 PM on Wed, Dec 16",3 hr,0,NT$15951,round_trip,TRUE,FALSE,typical,https://www.google.com/travel/flights?tfs=GhwSCjIwMjYtMTItMTYoAGoFEgNUUEVyBRIDTlJUGhwSCjIwMjYtMTItMjIoAGoFEgNOUlRyBRIDVFBFQgEBSAGYAQE=
2026-10-08,2026-12-16,2026-12-22,return,EVA Air,"1:00 PM on Tue, Dec 22","4:05 PM on Tue, Dec 22",4 hr 5 min,0,NT$7552,one_way,FALSE,TRUE,typical,https://www.google.com/travel/flights?tfs=GhwSCjIwMjYtMTItMjIoAGoFEgNOUlRyBRIDVFBFQgEBSAGYAQI=
2026-10-08,2026-12-16,2026-12-22,return,China Airlines,"9:20 AM on Tue, Dec 22","12:30 PM on Tue, Dec 22",4 hr 10 min,0,NT$7309,one_way,FALSE,FALSE,typical,https://www.google.com/travel/flights?tfs=GhwSCjIwMjYtMTItMjIoAGoFEgNOUlRyBRIDVFBFQgEBSAGYAQI=
2026-10-08,2026-12-16,2026-12-22,return,STARLUX Airlines,"1:45 PM on Tue, Dec 22","4:50 PM on Tue, Dec 22",4 hr 5 min,0,NT$8966,one_way,FALSE,FALSE,typical,https://www.google.com/travel/flights?tfs=GhwSCjIwMjYtMTItMjIoAGoFEgNOUlRyBRIDVFBFQgEBSAGYAQI=
2026-10-08,2026-12-16,2026-12-22,return,Cathay Pacific,"3:30 PM on Tue, Dec 22","6:35 PM on Tue, Dec 22",4 hr 5 min,0,NT$9404,one_way,FALSE,FALSE,typical,https://www.google.com/travel/flights?tfs=GhwSCjIwMjYtMTItMjIoAGoFEgNOUlRyBRIDVFBFQgEBSAGYAQI=
2026-10-08,2026-12-16,2026-12-22,return,EVA Air,"2:00 PM on Tue, Dec 22","5:05 PM on Tue, Dec 22",4 hr 5 min,0,NT$9612,one_way,FALSE,FALSE,typical,https://www.google.com/travel/flights?tfs=GhwSCjIwMjYtMTItMjIoAGoFEgNOUlRyBRIDVFBFQgEBSAGYAQI=
2026-10-08,2026-12-16,2026-12-22,return,China Airlines,"2:35 PM on Tue, Dec 22","5:45 PM on Tue, Dec 22",4 hr 10 min,0,NT$9814,one_way,FALSE,FALSE,typical,https://www.google.com/travel/flights?tfs=GhwSCjIwMjYtMTItMjIoAGoFEgNOUlRyBRIDVFBFQgEBSAGYAQI=
2026-10-08,2026-12-16,2026-12-22,return,STARLUX Airlines,"3:40 PM on Tue, Dec 22","6:45 PM on Tue, Dec 22",4 hr 5 min,0,NT$10037,one_way,FALSE,FALSE,typical,https://www.google.com/travel/flights?tfs=GhwSCjIwMjYtMTItMjIoAGoFEgNOUlRyBRIDVFBFQgEBSAGYAQI=
2026-10-08,2026-12-16,2026-12-22,return,STARLUX Airlines,"8:10 PM on Tue, Dec 22","11:20 PM on Tue, Dec 22",4 hr 10 min,0,NT$10037,one_way,TRUE,FALSE,typical,https://www.google.com/travel/flights?tfs=GhwSCjIwMjYtMTItMjIoAGoFEgNOUlRyBRIDVFBFQgEBSAGYAQI=
2026-10-08,2026-12-16,2026-12-22,return,EVA Air,"8:20 PM on Tue, Dec 22","11:25 PM on Tue, Dec 22",4 hr 5 min,0,NT$11148,one_way,TRUE,FALSE,typical,https://www.google.com/travel/flights?tfs=GhwSCjIwMjYtMTItMjIoAGoFEgNOUlRyBRIDVFBFQgEBSAGYAQI=
2026-10-08,2026-12-16,2026-12-22,return,China Airlines,"5:45 PM on Tue, Dec 22","8:55 PM on Tue, Dec 22",4 hr 10 min,0,NT$14016,one_way,FALSE,FALSE,typical,https://www.google.com/travel/flights?tfs=GhwSCjIwMjYtMTItMjIoAGoFEgNOUlRyBRIDVFBFQgEBSAGYAQI=
2026-10-08,2026-12-16,2026-12-22,return,China Airlines,"7:30 PM on Tue, Dec 22","10:45 PM on Tue, Dec 22",4 hr 15 min,0,NT$14016,one_way,FALSE,FALSE,typical,https://www.google.com/travel/flights?tfs=GhwSCjIwMjYtMTItMjIoAGoFEgNOUlRyBRIDVFBFQgEBSAGYAQI=
2026-10-09,2026-12-17,2026-12-23,outbound,STARLUX Airlines,"3:00 PM on Thu, Dec 17","7:00 PM on Thu, Dec 17",3 hr,0,NT$14757,round_trip,FALSE,FALSE,typical,https://www.google.com/travel/flights?tfs=GhwSCjIwMjYtMTItMTcoAGoFEgNUUEVyBRIDTlJUGhwSCjIwMjYtMTItMjMoAGoFEgNOUlRyBRIDVFBFQgEBSAGYAQE=
2026-10-09,2026-12-17,2026-12-23,outbound,China Airlines,"4:25 PM on Thu, Dec 17","8:30 PM on Thu, Dec 17",3 hr 5 min,0,NT$14757,round_trip,FALSE,FALSE,typical,https://www.google.com/travel/flights?tfs=GhwSCjIwMjYtMTItMTcoAGoFEgNUUEVyBRIDTlJUGhwSCjIwMjYtMTItMjMoAGoFEgNOUlRyBRIDVFBFQgEBSAGYAQE=
2026-10-09,2026-12-17,2026-12-23,outbound,China Airlines,"12:35 PM on Thu, Dec 17","4:35 PM on Thu, Dec 17",3 hr,0,NT$15069,round_trip,TRUE,FALSE,typical,https://www.google.com/travel/flights?tfs=GhwSCjIwMjYtMTItMTcoAGoFEgNUUEVyBRIDTlJUGhwSCjIwMjYtMTItMjMoAGoFEgNOUlRyBRIDVFBFQgEBSAGYAQE=
2026-10-09,2026-12-17,2026-12-23,outbound,Cathay Pacific,"12:50 PM on Thu, Dec 17","4:50 PM on Thu, Dec 17",3 hr,0,NT$15705,round_trip,TRUE,FALSE,typical,https://www.google.com/travel/flights?tfs=GhwSCjIwMjYtMTItMTcoAGoFEgNUUEVyBRIDTlJUGhwSCjIwMjYtMTItMjMoAGoFEgNOUlRyBRIDVFBFQgEBSAGYAQE=
2026-10-09,2026-12-17,2026-12-23,outbound,STARLUX Airlines,"8:25 AM on Thu, Dec 17","12:35 PM on Thu, Dec 17",3 hr 10 min,0,NT$16380,round_trip,TRUE,FALSE,typical,https://www.google.com/travel/flights?tfs=GhwSCjIwMjYtMTItMTcoAGoFEgNUUEVyBRIDTlJUGhwSCjIwMjYtMTItMjMoAGoFEgNOUlRyBRIDVFBFQgEBSAGYAQE=
2026-10-09,2026-12-17,2026-12-23,outbound,China Airlines,"9:30 AM on Thu, Dec 17","1:30 PM on Thu, Dec 17",3 hr,0,NT$16380,round_trip,TRUE,FALSE,typical,https://www.google.com/travel/flights?tfs=GhwSCjIwMjYtMTItMTcoAGoFEgNUUEVyBRIDTlJUGhwSCjIwMjYtMTItMjMoAGoFEgNOUlRyBRIDVFBFQgEBSAGYAQE=
2026-10-09,2026-12-17,2026-12-23,outbound,STARLUX Airlines,"10:10 AM on Thu, Dec 17","2:20 PM on Thu, Dec 17",3 hr 10 min,0,NT$16380,round_trip,TRUE,FALSE,typical,https://www.google.com/travel/flights?tfs=GhwSCjIwMjYtMTItMTcoAGoFEgNUUEVyBRIDTlJUGhwSCjIwMjYtMTItMjMoAGoFEgNOUlRyBRIDVFBFQgEBSAGYAQE=
2026-10-09,2026-12-17,2026-12-23,outbound,EVA Air,"3:20 PM on Thu, Dec 17","7:20 PM on Thu, Dec 17",3 hr,0,NT$16470,round_trip,FALSE,FALSE,typical,https://www.google.com/travel/flights?tfs=GhwSCjIwMjYtMTItMTcoAGoFEgNUUEVyBRIDTlJUGhwSCjIwMjYtMTItMjMoAGoFEgNOUlRyBRIDVFBFQgEBSAGYAQE=
2026-10-09,2026-12-17,2026-12-23,outbound,JAL,"10:40 AM on Thu, Dec 17","2:40 PM on Thu, Dec 17",3 hr,0,NT$16846,round_trip,TRUE,FALSE,typical,https://www.google.com/travel/flights?tfs=GhwSCjIwMjYtMTItMTcoAGoFEgNUUEVyBRIDTlJUGhwSCjIwMjYtMTItMjMoAGoFEgNOUlRyBRIDVFBFQgEBSAGYAQE=
2026-10-09,2026-12-17,2026-12-23,outbound,EVA Air,"8:50 AM on Thu, Dec 17","12:55 PM on Thu, Dec 17",3 hr 5 min,0,NT$17100,round_trip,TRUE,FALSE,typical,https://www.google.com/travel/flights?tfs=GhwSCjIwMjYtMTItMTcoAGoFEgNUUEVyBRIDTlJUGhwSCjIwMjYtMTItMjMoAGoFEgNOUlRyBRIDVFBFQgEBSAGYAQE=
2026-10-09,2026-12-17,2026-12-23,outbound,China Airlines,"2:25 PM on Thu, Dec 17","6:30 PM on Thu, Dec 17",3 hr 5 min,0,NT$17668,round_trip,FALSE,FALSE,typical,https://www.google.com/travel/flights?tfs=GhwSCjIwMjYtMTItMTcoAGoFEgNUUEVyBRIDTlJUGhwSCjIwMjYtMTItMjMoAGoFEgNOUlRyBRIDVFBFQgEBSAGYAQE=
2026-10-09,2026-12-17,2026-12-23,return,EVA Air,"1:00 PM on Wed, Dec 23","4:05 PM on Wed, Dec 23",4 hr 5 min,0,NT$7522,one_way,FALSE,FALSE,typical,https://www.google.com/travel/flights?tfs=GhwSCjIwMjYtMTItMjMoAGoFEgNOUlRyBRIDVFBFQgEBSAGYAQI=
2026-10-09,2026-12-17,2026-12-23,return,STARLUX Airlines,"8:10 PM on Wed, Dec 23","11:20 PM on Wed, Dec 23",4 hr 10 min,0,NT$7723,one_way,TRUE,FALSE,typical,https://www.google.com/travel/flights?tfs=GhwSCjIwMjYtMTItMjMoAGoFEgNOUlRyBRIDVFBFQgEBSAGYAQI=
2026-10-09,2026-12-17,2026-12-23,return,China Airlines,"9:20 AM on Wed, Dec 23","12:30 PM on Wed, Dec 23",4 hr 10 min,0,NT$9231,one_way,FALSE,FALSE,typical,https://www.google.com/travel/flights?tfs=GhwSCjIwMjYtMTItMjMoAGoFEgNOUlRyBRIDVFBFQgEBSAGYAQI=
2026-10-09,2026-12-17,2026-12-23,return,China Airlines,"2:35 PM on Wed, Dec 23","5:45 PM on Wed, Dec 23",4 hr 10 min,0,NT$9774,one_way,FALSE,FALSE,typical,https://www.google.com/travel/flights?tfs=GhwSCjIwMjYtMTItMjMoAGoFEgNOUlRyBRIDVFBFQgEBSAGYAQI=
2026-10-09,2026-12-17,2026-12-23,return,STARLUX Airlines,"1:45 PM on Wed, Dec 23","4:50 PM on Wed, Dec 23",4 hr 5 min,0,NT$9996,one_way,FALSE,FALSE,typical,https://www.google.com/travel/flights?tfs=GhwSCjIwMjYtMTItMjMoAGoFEgNOUlRyBRIDVFBFQgEBSAGYAQI=
2026-10-09,2026-12-17,2026-12-23,return,STARLUX Airlines,"3:40 PM on Wed, Dec 23","6:45 PM on Wed, Dec 23",4 hr 5 min,0,NT$9996,one_way,FALSE,FALSE,typical,https://www.google.com/travel/flights?tfs=GhwSCjIwMjYtMTItMjMoAGoFEgNOUlRyBRIDVFBFQgEBSAGYAQI=
2026-10-09,2026-12-17,2026-12-23,return,Cathay Pacific,"3:30 PM on Wed, Dec 23","6:35 PM on Wed, Dec 23",4 hr 5 min,0,NT$10651,one_way,FALSE,FALSE,typical,https://www.google.com/travel/flights?tfs=GhwSCjIwMjYtMTItMjMoAGoFEgNOUlRyBRIDVFBFQgEBSAGYAQI=
2026-10-09,2026-12-17,2026-12-23,return,EVA Air,"2:00 PM on Wed, Dec 23","5:05 PM on Wed, Dec 23",4 hr 5 min,0,NT$11102,one_way,FALSE,FALSE,typical,https://www.google.com/travel/flights?tfs=GhwSCjIwMjYtMTItMjMoAGoFEgNOUlRyBRIDVFBFQgEBSAGYAQI=
2026-10-09,2026-12-17,2026-12-23,return,EVA Air,"8:20 PM on Wed, Dec 23","11:25 PM on Wed, Dec 23",4 hr 5 min,0,NT$12088,one_way,TRUE,FALSE,typical,https://www.google.com/travel/flights?tfs=GhwSCjIwMjYtMTItMjMoAGoFEgNOUlRyBRIDVFBFQgEBSAGYAQI=
2026-10-09,2026-12-17,2026-12-23,return,China Airlines,"5:45 PM on Wed, Dec 23","8:55 PM on Wed, Dec 23",4 hr 10 min,0,NT$13958,one_way,FALSE,FALSE,typical,https://www.google.com/travel/flights?tfs=GhwSCjIwMjYtMTItMjMoAGoFEgNOUlRyBRIDVFBFQgEBSAGYAQI=
2026-10-09,2026-12-17,2026-12-23,return,China Airlines,"7:30 PM on Wed, Dec 23","10:45 PM on Wed, Dec 23",4 hr 15 min,0,NT$13958,one_way,FALSE,FALSE,typical,https://www.google.com/travel/flights?tfs=GhwSCjIwMjYtMTItMjMoAGoFEgNOUlRyBRIDVFBFQgEBSAGYAQI=
2026-10-09,2026-12-16,2026-12-22,outbound,STARLUX Airlines,"3:00 PM on Wed, Dec 16","7:00 PM on Wed, Dec 16",3 hr,0,NT$13864,round_trip,FALSE,FALSE,typical,https://www.google.com/travel/flights?tfs=GhwSCjIwMjYtMTItMTYoAGoFEgNUUEVyBRIDTlJUGhwSCjIwMjYtMTItMjIoAGoFEgNOUlRyBRIDVFBFQgEBSAGYAQE=
2026-10-09,2026-12-16,2026-12-22,outbound,China Airlines,"4:25 PM on Wed, Dec 16","8:30 PM on Wed, Dec 16",3 hr 5 min,0,NT$13864,round_trip,FALSE,FALSE,typical,https://www.google.com/travel/flights?tfs=GhwSCjIwMjYtMTItMTYoAGoFEgNUUEVyBRIDTlJUGhwSCjIwMjYtMTItMjIoAGoFEgNOUlRyBRIDVFBFQgEBSAGYAQE=
2026-10-09,2026-12-16,2026-12-22,outbound,EVA Air,"3:20 PM on Wed, Dec 16","7:20 PM on Wed, Dec 16",3 hr,0,NT$13938,round_trip,FALSE,FALSE,typical,https://www.google.com/travel/flights?tfs=GhwSCjIwMjYtMTItMTYoAGoFEgNUUEVyBRIDTlJUGhwSCjIwMjYtMTItMjIoAGoFEgNOUlRyBRIDVFBFQgEBSAGYAQE=
2026-10-09,2026-12-16,2026-12-22,outbound,China Airlines,"12:35 PM on Wed, Dec 16","4:35 PM on Wed, Dec 16",3 hr,0,NT$14176,round_trip,TRUE,FALSE,typical,https://www.google.com/travel/flights?tfs=GhwSCjIwMjYtMTItMTYoAGoFEgNUUEVyBRIDTlJUGhwSCjIwMjYtMTItMjIoAGoFEgNOUlRyBRIDVFBFQgEBSAGYAQE=
2026-10-09,2026-12-16,2026-12-22,outbound,China Airlines,"2:25 PM on Wed, Dec 16","6:30 PM on Wed, Dec 16",3 hr 5 min,0,NT$14176,round_trip,FALSE,FALSE,typical,https://www.google.com/travel/flights?tfs=GhwSCjIwMjYtMTItMTYoAGoFEgNUUEVyBRIDTlJUGhwSCjIwMjYtMTItMjIoAGoFEgNOUlRyBRIDVFBFQgEBSAGYAQE=
2026-10-09,2026-12-16,2026-12-22,outbound,China Airlines,"9:30 AM on Wed, Dec 16","1:30 PM on Wed, Dec 16",3 hr,0,NT$14800,round_trip,TRUE,FALSE,typical,https://www.google.com/travel/flights?tfs=GhwSCjIwMjYtMTItMTYoAGoFEgNUUEVyBRIDTlJUGhwSCjIwMjYtMTItMjIoAGoFEgNOUlRyBRIDVFBFQgEBSAGYAQE=
2026-10-09,2026-12-16,2026-12-22,outbound,Cathay Pacific,"12:50 PM on Wed, Dec 16","4:50 PM on Wed, Dec 16",3 hr,0,NT$14812,round_trip,TRUE,FALSE,typical,https://www.google.com/travel/flights?tfs=GhwSCjIwMjYtMTItMTYoAGoFEgNUUEVyBRIDTlJUGhwSCjIwMjYtMTItMjIoAGoFEgNOUlRyBRIDVFBFQgEBSAGYAQE=
2026-10-09,2026-12-16,2026-12-22,outbound,EVA Air,"7:55 AM on Wed, Dec 16","12:00 PM on Wed, Dec 16",3 hr 5 min,0,NT$14883,round_trip,TRUE,FALSE,typical,https://www.google.com/travel/flights?tfs=GhwSCjIwMjYtMTItMTYoAGoFEgNUUEVyBRIDTlJUGhwSCjIwMjYtMTItMjIoAGoFEgNOUlRyBRIDVFBFQgEBSAGYAQE=
2026-10-09,2026-12-16,2026-12-22,outbound,EVA Air,"8:50 AM on Wed, Dec 16","12:55 PM on Wed, Dec 16",3 hr 5 min,0,NT$14883,round_trip,TRUE,FALSE,typical,https://www.google.com/travel/flights?tfs=GhwSCjIwMjYtMTItMTYoAGoFEgNUUEVyBRIDTlJUGhwSCjIwMjYtMTItMjIoAGoFEgNOUlRyBRIDVFBFQgEBSAGYAQE=
2026-10-09,2026-12-16,2026-12-22,outbound,STARLUX Airlines,"10:10 AM on Wed, Dec 16","2:20 PM on Wed, Dec 16",3 hr 10 min,0,NT$15487,round_trip,TRUE,FALSE,typical,https://www.google.com/travel/flights?tfs=GhwSCjIwMjYtMTItMTYoAGoFEgNUUEVyBRIDTlJUGhwSCjIwMjYtMTItMjIoAGoFEgNOUlRyBRIDVFBFQgEBSAGYAQE=
2026-10-09,2026-12-16,2026-12-22,outbound,JAL,"10:40 AM on Wed, Dec 16","2:40 PM on Wed, Dec 16",3 hr,0,NT$15953,round_trip,TRUE,FALSE,typical,https://www.google.com/travel/flights?tfs=GhwSCjIwMjYtMTItMTYoAGoFEgNUUEVyBRIDTlJUGhwSCjIwMjYtMTItMjIoAGoFEgNOUlRyBRIDVFBFQgEBSAGYAQE=
2026-10-09,2026-12-16,2026-12-22,return,China Airlines,"9:20 AM on Tue, Dec 22","12:30 PM on Tue, Dec 22",4 hr 10 min,0,NT$7280,one_way,FALSE,FALSE,typical,https://www.google.com/travel/flights?tfs=GhwSCjIwMjYtMTItMjIoAGoFEgNOUlRyBRIDVFBFQgEBSAGYAQI=
2026-10-09,2026-12-16,2026-12-22,return,EVA Air,"1:00 PM on Tue, Dec 22","4:05 PM on Tue, Dec 22",4 hr 5 min,0,NT$7522,one_way,FALSE,FALSE,typical,https://www.google.com/travel/flights?tfs=GhwSCjIwMjYtMTItMjIoAGoFEgNOUlRyBRIDVFBFQgEBSAGYAQI=
2026-10-09,2026-12-16,2026-12-22,return,STARLUX Airlines,"1:45 PM on Tue, Dec 22","4:50 PM on Tue, Dec 22",4 hr 5 min,0,NT$8930,one_way,FALSE,FALSE,typical,https://www.google.com/travel/flights?tfs=GhwSCjIwMjYtMTItMjIoAGoFEgNOUlRyBRIDVFBFQgEBSAGYAQI=
2026-10-09,2026-12-16,2026-12-22,return,Cathay Pacific,"3:30 PM on Tue, Dec 22","6:35 PM on Tue, Dec 22",4 hr 5 min,0,NT$9364,one_way,FALSE,FALSE,typical,https://www.google.com/travel/flights?tfs=GhwSCjIwMjYtMTItMjIoAGoFEgNOUlRyBRIDVFBFQgEBSAGYAQI=
2026-10-09,2026-12-16,2026-12-22,return,China Airlines,"2:35 PM on Tue, Dec 22","5:45 PM on Tue, Dec 22",4 hr 10 min,0,NT$9774,one_way,FALSE,FALSE,typical,https://www.google.com/travel/flights?tfs=GhwSCjIwMjYtMTItMjIoAGoFEgNOUlRyBRIDVFBFQgEBSAGYAQI=
2026-10-09,2026-12-16,2026-12-22,return,STARLUX Airlines,"3:40 PM on Tue, Dec 22","6:45 PM on Tue, Dec 22",4 hr 5 min,0,NT$9996,one_way,FALSE,FALSE,typical,https://www.google.com/travel/flights?tfs=GhwSCjIwMjYtMTItMjIoAGoFEgNOUlRyBRIDVFBFQgEBSAGYAQI=
2026-10-09,2026-12-16,2026-12-22,return,STARLUX Airlines,"8:10 PM on Tue, Dec 22","11:20 PM on Tue, Dec 22",4 hr 10 min,0,NT$10941,one_way,TRUE,FALSE,typical,https://www.google.com/travel/flights?tfs=GhwSCjIwMjYtMTItMjIoAGoFEgNOUlRyBRIDVFBFQgEBSAGYAQI=
2026-10-09,2026-12-16,2026-12-22,return,EVA Air,"2:00 PM on Tue, Dec 22","5:05 PM on Tue, Dec 22",4 hr 5 min,0,NT$11102,one_way,FALSE,FALSE,typical,https://www.google.com/travel/flights?tfs=GhwSCjIwMjYtMTItMjIoAGoFEgNOUlRyBRIDVFBFQgEBSAGYAQI=
2026-10-09,2026-12-16,2026-12-22,return,EVA Air,"8:20 PM on Tue, Dec 22","11:25 PM on Tue, Dec 22",4 hr 5 min,0,NT$11102,one_way,TRUE,FALSE,typical,https://www.google.com/travel/flights?tfs=GhwSCjIwMjYtMTItMjIoAGoFEgNOUlRyBRIDVFBFQgEBSAGYAQI=
2026-10-09,2026-12-16,2026-12-22,return,China Airlines,"5:45 PM on Tue, Dec 22","8:55 PM on Tue, Dec 22",4 hr 10 min,0,NT$13958,one_way,FALSE,FALSE,typical,https://www.google.com/travel/flights?tfs=GhwSCjIwMjYtMTItMjIoAGoFEgNOUlRyBRIDVFBFQgEBSAGYAQI=
2026-10-09,2026-12-16,2026-12-22,return,China Airlines,"7:30 PM on Tue, Dec 22","10:45 PM on Tue, Dec 22",4 hr 15 min,0,NT$13958,one_way,FALSE,FALSE,typical,https://www.google.com/travel/flights?tfs=GhwSCjIwMjYtMTItMjIoAGoFEgNOUlRyBRIDVFBFQgEBSAGYAQI=
2026-10-10,2026-12-17,2026-12-23,outbound,STARLUX Airlines,"3:00 PM on Thu, Dec 17","7:00 PM on Thu, Dec 17",3 hr,0,NT$14471,round_trip,FALSE,FALSE,typical,https://www.google.com/travel/flights?tfs=GhwSCjIwMjYtMTItMTcoAGoFEgNUUEVyBRIDTlJUGhwSCjIwMjYtMTItMjMoAGoFEgNOUlRyBRIDVFBFQgEBSAGYAQE=
2026-10-10,2026-12-17,2026-12-23,outbound,China Airlines,"4:25 PM on Thu, Dec 17","8:30 PM on Thu, Dec 17",3 hr 5 min,0,NT$14471,round_trip,FALSE,FALSE,typical,https://www.google.com/travel/flights?tfs=GhwSCjIwMjYtMTItMTcoAGoFEgNUUEVyBRIDTlJUGhwSCjIwMjYtMTItMjMoAGoFEgNOUlRyBRIDVFBFQgEBSAGYAQE=
2026-10-10,2026-12-17,2026-12-23,outbound,China Airlines,"12:35 PM on Thu, Dec 17","4:35 PM on Thu, Dec 17",3 hr,0,NT$14783,round_trip,TRUE,FALSE,typical,https://www.google.com/travel/flights?tfs=GhwSCjIwMjYtMTItMTcoAGoFEgNUUEVyBRIDTlJUGhwSCjIwMjYtMTItMjMoAGoFEgNOUlRyBRIDVFBFQgEBSAGYAQE=
2026-10-10,2026-12-17,2026-12-23,outbound,Cathay Pacific,"12:50 PM on Thu, Dec 17","4:50 PM on Thu, Dec 17",3 hr,0,NT$15416,round_trip,TRUE,FALSE,typical,https://www.google.com/travel/flights?tfs=GhwSCjIwMjYtMTItMTcoAGoFEgNUUEVyBRIDTlJUGhwSCjIwMjYtMTItMjMoAGoFEgNOUlRyBRIDVFBFQgEBSAGYAQE=
2026-10-10,2026-12-17,2026-12-23,outbound,STARLUX Airlines,"8:25 AM on Thu, Dec 17","12:35 PM on Thu, Dec 17",3 hr 10 min,0,NT$16094,round_trip,TRUE,FALSE,typical,https://www.google.com/travel/flights?tfs=GhwSCjIwMjYtMTItMTcoAGoFEgNUUEVyBRIDTlJUGhwSCjIwMjYtMTItMjMoAGoFEgNOUlRyBRIDVFBFQgEBSAGYAQE=
2026-10-10,2026-12-17,2026-12-23,outbound,China Airlines,"9:30 AM on Thu, Dec 17","1:30 PM on Thu, Dec 17",3 hr,0,NT$16094,round_trip,TRUE,FALSE,typical,https://www.google.com/travel/flights?tfs=GhwSCjIwMjYtMTItMTcoAGoFEgNUUEVyBRIDTlJUGhwSCjIwMjYtMTItMjMoAGoFEgNOUlRyBRIDVFBFQgEBSAGYAQE=
2026-10-10,2026-12-17,2026-12-23,outbound,STARLUX Airlines,"10:10 AM on Thu, Dec 17","2:20 PM on Thu, Dec 17",3 hr 10 min,0,NT$16094,round_trip,TRUE,FALSE,typical,https://www.google.com/travel/flights?tfs=GhwSCjIwMjYtMTItMTcoAGoFEgNUUEVyBRIDTlJUGhwSCjIwMjYtMTItMjMoAGoFEgNOUlRyBRIDVFBFQgEBSAGYAQE=
2026-10-10,2026-12-17,2026-12-23,outbound,EVA Air,"3:20 PM on Thu, Dec 17","7:20 PM on Thu, Dec 17",3 hr,0,NT$16184,round_trip,FALSE,FALSE,typical,https://www.google.com/travel/flights?tfs=GhwSCjIwMjYtMTItMTcoAGoFEgNUUEVyBRIDTlJUGhwSCjIwMjYtMTItMjMoAGoFEgNOUlRyBRIDVFBFQgEBSAGYAQE=
2026-10-10,2026-12-17,2026-12-23,outbound,JAL,"10:40 AM on Thu, Dec 17","2:40 PM on Thu, Dec 17",3 hr,0,NT$16559,round_trip,TRUE,FALSE,typical,https://www.google.com/travel/flights?tfs=GhwSCjIwMjYtMTItMTcoAGoFEgNUUEVyBRIDTlJUGhwSCjIwMjYtMTItMjMoAGoFEgNOUlRyBRIDVFBFQgEBSAGYAQE=
2026-10-10,2026-12-17,2026-12-23,outbound,EVA Air,"8:50 AM on Thu, Dec 17","12:55 PM on Thu, Dec 17",3 hr 5 min,0,NT$16814,round_trip,TRUE,FALSE,typical,https://www.google.com/travel/flights?tfs=GhwSCjIwMjYtMTItMTcoAGoFEgNUUEVyBRIDTlJUGhwSCjIwMjYtMTItMjMoAGoFEgNOUlRyBRIDVFBFQgEBSAGYAQE=
2026-10-10,2026-12-17,2026-12-23,outbound,China Airlines,"2:25 PM on Thu, Dec 17","6:30 PM on Thu, Dec 17",3 hr 5 min,0,NT$17382,round_trip,FALSE,FALSE,typical,https://www.google.com/travel/flights?tfs=GhwSCjIwMjYtMTItMTcoAGoFEgNUUEVyBRIDTlJUGhwSCjIwMjYtMTItMjMoAGoFEgNOUlRyBRIDVFBFQgEBSAGYAQE=
2026-10-10,2026-12-17,2026-12-23,return,EVA Air,"1:00 PM on Wed, Dec 23","4:05 PM on Wed, Dec 23",4 hr 5 min,0,NT$7536,one_way,FALSE,FALSE,typical,https://www.google.com/travel/flights?tfs=GhwSCjIwMjYtMTItMjMoAGoFEgNOUlRyBRIDVFBFQgEBSAGYAQI=
2026-10-10,2026-12-17,2026-12-23,return,STARLUX Airlines,"8:10 PM on Wed, Dec 23","11:20 PM on Wed, Dec 23",4 hr 10 min,0,NT$7738,one_way,TRUE,FALSE,typical,https://www.google.com/travel/flights?tfs=GhwSCjIwMjYtMTItMjMoAGoFEgNOUlRyBRIDVFBFQgEBSAGYAQI=
2026-10-10,2026-12-17,2026-12-23,return,China Airlines,"9:20 AM on Wed, Dec 23","12:30 PM on Wed, Dec 23",4 hr 10 min,0,NT$9250,one_way,FALSE,FALSE,typical,https://www.google.com/travel/flights?tfs=GhwSCjIwMjYtMTItMjMoAGoFEgNOUlRyBRIDVFBFQgEBSAGYAQI=
2026-10-10,2026-12-17,2026-12-23,return,China Airlines,"2:35 PM on Wed, Dec 23","5:45 PM on Wed, Dec 23",4 hr 10 min,0,NT$9794,one_way,FALSE,FALSE,typical,https://www.google.com/travel/flights?tfs=GhwSCjIwMjYtMTItMjMoAGoFEgNOUlRyBRIDVFBFQgEBSAGYAQI=
2026-10-10,2026-12-17,2026-12-23,return,STARLUX Airlines,"1:45 PM on Wed, Dec 23","4:50 PM on Wed, Dec 23",4 hr 5 min,0,NT$10016,one_way,FALSE,FALSE,typical,https://www.google.com/travel/flights?tfs=GhwSCjIwMjYtMTItMjMoAGoFEgNOUlRyBRIDVFBFQgEBSAGYAQI=
2026-10-10,2026-12-17,2026-12-23,return,STARLUX Airlines,"3:40 PM on Wed, Dec 23","6:45 PM on Wed, Dec 23",4 hr 5 min,0,NT$10016,one_way,FALSE,FALSE,typical,https://www.google.com/travel/flights?tfs=GhwSCjIwMjYtMTItMjMoAGoFEgNOUlRyBRIDVFBFQgEBSAGYAQI=
2026-10-10,2026-12-17,2026-12-23,return,Cathay Pacific,"3:30 PM on Wed, Dec 23","6:35 PM on Wed, Dec 23",4 hr 5 min,0,NT$10675,one_way,FALSE,FALSE,typical,https://www.google.com/travel/flights?tfs=GhwSCjIwMjYtMTItMjMoAGoFEgNOUlRyBRIDVFBFQgEBSAGYAQI=
2026-10-10,2026-12-17,2026-12-23,return,EVA Air,"2:00 PM on Wed, Dec 23","5:05 PM on Wed, Dec 23",4 hr 5 min,0,NT$11125,one_way,FALSE,FALSE,typical,https://www.google.com/travel/flights?tfs=GhwSCjIwMjYtMTItMjMoAGoFEgNOUlRyBRIDVFBFQgEBSAGYAQI=
2026-10-10,2026-12-17,2026-12-23,return,EVA Air,"8:20 PM on Wed, Dec 23","11:25 PM on Wed, Dec 23",4 hr 5 min,0,NT$12113,one_way,TRUE,FALSE,typical,https://www.google.com/travel/flights?tfs=GhwSCjIwMjYtMTItMjMoAGoFEgNOUlRyBRIDVFBFQgEBSAGYAQI=
2026-10-10,2026-12-17,2026-12-23,return,China Airlines,"5:45 PM on Wed, Dec 23","8:55 PM on Wed, Dec 23",4 hr 10 min,0,NT$13988,one_way,FALSE,FALSE,typical,https://www.google.com/travel/flights?tfs=GhwSCjIwMjYtMTItMjMoAGoFEgNOUlRyBRIDVFBFQgEBSAGYAQI=
2026-10-10,2026-12-17,2026-12-23,return,China Airlines,"7:30 PM on Wed, Dec 23","10:45 PM on Wed, Dec 23",4 hr 15 min,0,NT$13988,one_way,FALSE,FALSE,typical,https://www.google.com/travel/flights?tfs=GhwSCjIwMjYtMTItMjMoAGoFEgNOUlRyBRIDVFBFQgEBSAGYAQI=
2026-10-10,2026-12-16,2026-12-22,outbound,STARLUX Airlines,"3:00 PM on Wed, Dec 16","7:00 PM on Wed, Dec 16",3 hr,0,NT$13866,round_trip,FALSE,FALSE,typical,https://www.google.com/travel/flights?tfs=GhwSCjIwMjYtMTItMTYoAGoFEgNUUEVyBRIDTlJUGhwSCjIwMjYtMTItMjIoAGoFEgNOUlRyBRIDVFBFQgEBSAGYAQE=
2026-10-10,2026-12-16,2026-12-22,outbound,China Airlines,"4:25 PM on Wed, Dec 16","8:30 PM on Wed, Dec 16",3 hr 5 min,0,NT$13866,round_trip,FALSE,FALSE,typical,https://www.google.com/travel/flights?tfs=GhwSCjIwMjYtMTItMTYoAGoFEgNUUEVyBRIDTlJUGhwSCjIwMjYtMTItMjIoAGoFEgNOUlRyBRIDVFBFQgEBSAGYAQE=
2026-10-10,2026-12-16,2026-12-22,outbound,EVA Air,"3:20 PM on Wed, Dec 16","7:20 PM on Wed, Dec 16",3 hr,0,NT$13940,round_trip,FALSE,FALSE,typical,https://www.google.com/travel/flights?tfs=GhwSCjIwMjYtMTItMTYoAGoFEgNUUEVyBRIDTlJUGhwSCjIwMjYtMTItMjIoAGoFEgNOUlRyBRIDVFBFQgEBSAGYAQE=
2026-10-10,2026-12-16,2026-12-22,outbound,China Airlines,"12:35 PM on Wed, Dec 16","4:35 PM on Wed, Dec 16",3 hr,0,NT$14178,round_trip,TRUE,FALSE,typical,https://www.google.com/travel/flights?tfs=GhwSCjIwMjYtMTItMTYoAGoFEgNUUEVyBRIDTlJUGhwSCjIwMjYtMTItMjIoAGoFEgNOUlRyBRIDVFBFQgEBSAGYAQE=
2026-10-10,2026-12-16,2026-12-22,outbound,China Airlines,"2:25 PM on Wed, Dec 16","6:30 PM on Wed, Dec 16",3 hr 5 min,0,NT$14178,round_trip,FALSE,FALSE,typical,https://www.google.com/travel/flights?tfs=GhwSCjIwMjYtMTItMTYoAGoFEgNUUEVyBRIDTlJUGhwSCjIwMjYtMTItMjIoAGoFEgNOUlRyBRIDVFBFQgEBSAGYAQE=
2026-10-10,2026-12-16,2026-12-22,outbound,China Airlines,"9:30 AM on Wed, Dec 16","1:30 PM on Wed, Dec 16",3 hr,0,NT$14802,round_trip,TRUE,FALSE,typical,https://www.google.com/travel/flights?tfs=GhwSCjIwMjYtMTItMTYoAGoFEgNUUEVyBRIDTlJUGhwSCjIwMjYtMTItMjIoAGoFEgNOUlRyBRIDVFBFQgEBSAGYAQE=
2026-10-10,2026-12-16,2026-12-22,outbound,Cathay Pacific,"12:50 PM on Wed, Dec 16","4:50 PM on Wed, Dec 16",3 hr,0,NT$14811,round_trip,TRUE,FALSE,typical,https://www.google.com/travel/flights?tfs=GhwSCjIwMjYtMTItMTYoAGoFEgNUUEVyBRIDTlJUGhwSCjIwMjYtMTItMjIoAGoFEgNOUlRyBRIDVFBFQgEBSAGYAQE=
2026-10-10,2026-12-16,2026-12-22,outbound,EVA Air,"7:55 AM on Wed, Dec 16","12:00 PM on Wed, Dec 16",3 hr 5 min,0,NT$14885,round_trip,TRUE,FALSE,typical,https://www.google.com/travel/flights?tfs=GhwSCjIwMjYtMTItMTYoAGoFEgNUUEVyBRIDTlJUGhwSCjIwMjYtMTItMjIoAGoFEgNOUlRyBRIDVFBFQgEBSAGYAQE=
2026-10-10,2026-12-16,2026-12-22,outbound,EVA Air,"8:50 AM on Wed, Dec 16","12:55 PM on Wed, Dec 16",3 hr 5 min,0,NT$14885,round_trip,TRUE,FALSE,typical,https://www.google.com/travel/flights?tfs=GhwSCjIwMjYtMTItMTYoAGoFEgNUUEVyBRIDTlJUGhwSCjIwMjYtMTItMjIoAGoFEgNOUlRyBRIDVFBFQgEBSAGYAQE=
2026-10-10,2026-12-16,2026-12-22,outbound,STARLUX Airlines,"10:10 AM on Wed, Dec 16","2:20 PM on Wed, Dec 16",3 hr 10 min,0,NT$15489,round_trip,TRUE,FALSE,typical,https://www.google.com/travel/flights?tfs=GhwSCjIwMjYtMTItMTYoAGoFEgNUUEVyBRIDTlJUGhwSCjIwMjYtMTItMjIoAGoFEgNOUlRyBRIDVFBFQgEBSAGYAQE=
2026-10-10,2026-12-16,2026-12-22,outbound,JAL,"10:40 AM on Wed, Dec 16","2:40 PM on Wed, Dec 16",3 hr,0,NT$15954,round_trip,TRUE,FALSE,typical,https://www.google.com/travel/flights?tfs=GhwSCjIwMjYtMTItMTYoAGoFEgNUUEVyBRIDTlJUGhwSCjIwMjYtMTItMjIoAGoFEgNOUlRyBRIDVFBFQgEBSAGYAQE=
2026-10-10,2026-12-16,2026-12-22,return,China Airlines,"9:20 AM on Tue, Dec 22","12:30 PM on Tue, Dec 22",4 hr 10 min,0,NT$7295,one_way,FALSE,FALSE,typical,https://www.google.com/travel/flights?tfs=GhwSCjIwMjYtMTItMjIoAGoFEgNOUlRyBRIDVFBFQgEBSAGYAQI=
2026-10-10,2026-12-16,2026-12-22,return,EVA Air,"1:00 PM on Tue, Dec 22","4:05 PM on Tue, Dec 22",4 hr 5 min,0,NT$7536,one_way,FALSE,FALSE,typical,https://www.google.com/travel/flights?tfs=GhwSCjIwMjYtMTItMjIoAGoFEgNOUlRyBRIDVFBFQgEBSAGYAQI=
2026-10-10,2026-12-16,2026-12-22,return,STARLUX Airlines,"1:45 PM on Tue, Dec 22","4:50 PM on Tue, Dec 22",4 hr 5 min,0,NT$8948,one_way,FALSE,FALSE,typical,https://www.google.com/travel/flights?tfs=GhwSCjIwMjYtMTItMjIoAGoFEgNOUlRyBRIDVFBFQgEBSAGYAQI=
2026-10-10,2026-12-16,2026-12-22,return,Cathay Pacific,"3:30 PM on Tue, Dec 22","6:35 PM on Tue, Dec 22",4 hr 5 min,0,NT$9385,one_way,FALSE,FALSE,typical,https://www.google.com/travel/flights?tfs=GhwSCjIwMjYtMTItMjIoAGoFEgNOUlRyBRIDVFBFQgEBSAGYAQI=
2026-10-10,2026-12-16,2026-12-22,return,China Airlines,"2:35 PM on Tue, Dec 22","5:45 PM on Tue, Dec 22",4 hr 10 min,0,NT$9794,one_way,FALSE,FALSE,typical,https://www.google.com/travel/flights?tfs=GhwSCjIwMjYtMTItMjIoAGoFEgNOUlRyBRIDVFBFQgEBSAGYAQI=
2026-10-10,2026-12-16,2026-12-22,return,STARLUX Airlines,"3:40 PM on Tue, Dec 22","6:45 PM on Tue, Dec 22",4 hr 5 min,0,NT$10016,one_way,FALSE,FALSE,typical,https://www.google.com/travel/flights?tfs=GhwSCjIwMjYtMTItMjIoAGoFEgNOUlRyBRIDVFBFQgEBSAGYAQI=
2026-10-10,2026-12-16,2026-12-22,return,STARLUX Airlines,"8:10 PM on Tue, Dec 22","11:20 PM on Tue, Dec 22",4 hr 10 min,0,NT$10964,one_way,TRUE,FALSE,typical,https://www.google.com/travel/flights?tfs=GhwSCjIwMjYtMTItMjIoAGoFEgNOUlRyBRIDVFBFQgEBSAGYAQI=
2026-10-10,2026-12-16,2026-12-22,return,EVA Air,"2:00 PM on Tue, Dec 22","5:05 PM on Tue, Dec 22",4 hr 5 min,0,NT$11125,one_way,FALSE,FALSE,typical,https://www.google.com/travel/flights?tfs=GhwSCjIwMjYtMTItMjIoAGoFEgNOUlRyBRIDVFBFQgEBSAGYAQI=
2026-10-10,2026-12-16,2026-12-22,return,EVA Air,"8:20 PM on Tue, Dec 22","11:25 PM on Tue, Dec 22",4 hr 5 min,0,NT$11125,one_way,TRUE,FALSE,typical,https://www.google.com/travel/flights?tfs=GhwSCjIwMjYtMTItMjIoAGoFEgNOUlRyBRIDVFBFQgEBSAGYAQI=
2026-10-10,2026-12-16,2026-12-22,return,China Airlines,"5:45 PM on Tue, Dec 22","8:55 PM on Tue, Dec 22",4 hr 10 min,0,NT$13988,one_way,FALSE,FALSE,typical,https://www.google.com/travel/flights?tfs=GhwSCjIwMjYtMTItMjIoAGoFEgNOUlRyBRIDVFBFQgEBSAGYAQI=
2026-10-10,2026-12-16,2026-12-22,return,China Airlines,"7:30 PM on Tue, Dec 22","10:45 PM on Tue, Dec 22",4 hr 15 min,0,NT$13988,one_way,FALSE,FALSE,typical,https://www.google.com/travel/flights?tfs=GhwSCjIwMjYtMTItMjIoAGoFEgNOUlRyBRIDVFBFQgEBSAGYAQI=
